0 0.820397 0.947190 0.819495 0.947867 0.819495 0.952607 0.820397 0.953284 0.820397 0.950575 0.821300 0.949898 0.821300 0.948544 0.820397 0.947867
0 0.819495 0.935003 0.818592 0.935680 0.820397 0.937035 0.820397 0.935003
0 0.805957 0.935003 0.805957 0.935680 0.806859 0.936357 0.807762 0.935680 0.806859 0.935003
0 0.792419 0.935003 0.791516 0.935680 0.791516 0.943128 0.790614 0.943805 0.789711 0.943805 0.788809 0.944482 0.787906 0.944482 0.787906 0.945159 0.787004 0.945836 0.787004 0.946513 0.786101 0.947190 0.786101 0.947867 0.785199 0.948544 0.785199 0.949221 0.784296 0.949898 0.784296 0.950575 0.783394 0.951253 0.782491 0.951253 0.780686 0.952607 0.780686 0.953284 0.779783 0.953961 0.779783 0.955315 0.778881 0.955992 0.778881 0.957346 0.776173 0.959377 0.775271 0.959377 0.775271 0.960054 0.774368 0.960731 0.774368 0.961408 0.772563 0.962762 0.773466 0.963439 0.774368 0.963439 0.775271 0.964116 0.777076 0.964116 0.777978 0.964794 0.779783 0.964794 0.782491 0.966825 0.785199 0.966825 0.786101 0.967502 0.790614 0.967502 0.793321 0.969533 0.793321 0.970210 0.796931 0.970210 0.797834 0.970887 0.799639 0.970887 0.800542 0.971564 0.803249 0.971564 0.804152 0.972241 0.806859 0.972241 0.809567 0.970210 0.810469 0.970210 0.810469 0.967502 0.809567 0.966825 0.809567 0.966148 0.811372 0.964794 0.813177 0.964794 0.814079 0.964116 0.814079 0.961408 0.815884 0.960054 0.816787 0.960054 0.816787 0.957346 0.815884 0.956669 0.815884 0.955315 0.814982 0.954638 0.814982 0.953961 0.814079 0.953284 0.814079 0.947190 0.814982 0.946513 0.816787 0.946513 0.817690 0.945836 0.814982 0.945836 0.814079 0.946513 0.813177 0.946513 0.812274 0.945836 0.805957 0.945836 0.805054 0.945159 0.802347 0.945159 0.801444 0.944482 0.801444 0.943128 0.800542 0.942451 0.800542 0.939743 0.799639 0.939066 0.799639 0.938389 0.796931 0.938389 0.796029 0.937712 0.795126 0.937712 0.794224 0.937035 0.794224 0.935680 0.793321 0.935003
0 0.830325 0.917400 0.829422 0.918077 0.830325 0.918754 0.830325 0.919431 0.833032 0.921462 0.833032 0.925525 0.833935 0.926202 0.833935 0.926879 0.834838 0.926879 0.834838 0.919431 0.832130 0.917400
0 0.844765 0.903859 0.844765 0.905890 0.843863 0.906567 0.843863 0.907244 0.844765 0.907921
0 0.831227 0.903859 0.830325 0.904536 0.831227 0.905213 0.831227 0.906567 0.833032 0.907921 0.834838 0.907921 0.834838 0.907244 0.832130 0.907244 0.831227 0.906567
0 0.823105 0.903859 0.823105 0.904536 0.824007 0.904536 0.824910 0.903859
0 0.803249 0.903859 0.803249 0.905213 0.805054 0.906567 0.805054 0.907921 0.806859 0.909276 0.806859 0.908599 0.807762 0.907921 0.807762 0.907244 0.806859 0.906567 0.806859 0.905890 0.805957 0.905890 0.805054 0.905213 0.805054 0.904536 0.804152 0.903859
0 0.649819 0.194990 0.648917 0.195667 0.645307 0.195667 0.644404 0.196344 0.643502 0.196344 0.641697 0.197698 0.640794 0.197698 0.639892 0.198375 0.638989 0.198375 0.638087 0.199052 0.637184 0.199052 0.634477 0.201083 0.633574 0.201083 0.631769 0.202437 0.630866 0.202437 0.626354 0.205823 0.625451 0.205823 0.619134 0.210562 0.619134 0.211239 0.607401 0.220041 0.606498 0.220041 0.604693 0.221395 0.604693 0.222072 0.603791 0.222749 0.602888 0.222749 0.601986 0.223426 0.601986 0.224103 0.599278 0.226134 0.598375 0.226134 0.597473 0.226811 0.597473 0.227488 0.594765 0.229519 0.594765 0.230196 0.592960 0.231550 0.592960 0.232227 0.591155 0.233582 0.591155 0.234259 0.587545 0.236967 0.587545 0.237644 0.586643 0.238321 0.586643 0.238998 0.585740 0.239675 0.584838 0.239675 0.583935 0.240352 0.583935 0.241029 0.582130 0.242383 0.582130 0.243060 0.580325 0.244414 0.580325 0.245091 0.577617 0.247123 0.577617 0.247800 0.576715 0.248477 0.576715 0.249154 0.574007 0.251185 0.574007 0.252539 0.573105 0.253216 0.573105 0.253893 0.572202 0.254570 0.571300 0.254570 0.571300 0.255247 0.570397 0.255924 0.570397 0.256601 0.569495 0.257278 0.569495 0.258632 0.568592 0.259309 0.568592 0.260664 0.567690 0.261341 0.567690 0.263372 0.566787 0.264049 0.566787 0.267434 0.565884 0.268111 0.565884 0.272173 0.564982 0.272850 0.564982 0.275559 0.564079 0.276236 0.564079 0.277590 0.561372 0.279621 0.561372 0.280298 0.557762 0.283006 0.556859 0.283006 0.556859 0.283683 0.555957 0.284360 0.555957 0.285037 0.555054 0.285714 0.555054 0.287068 0.554152 0.287745 0.554152 0.289100 0.553249 0.289777 0.553249 0.291808 0.552347 0.292485 0.552347 0.294516 0.553249 0.295193 0.553249 0.299932 0.554152 0.300609 0.554152 0.301963 0.555054 0.302640 0.555054 0.303318 0.555957 0.303995 0.555957 0.305349 0.556859 0.306026 0.556859 0.306703 0.562274 0.310765 0.562274 0.311442 0.564079 0.312796 0.564079 0.313473 0.565884 0.314827 0.566787 0.314827 0.567690 0.315504 0.568592 0.315504 0.569495 0.316181 0.570397 0.316181 0.574007 0.318890 0.574007 0.319567 0.577617 0.322275 0.578520 0.322275 0.581227 0.324306 0.581227 0.324983 0.585740 0.328368 0.586643 0.328368 0.590253 0.331077 0.590253 0.332431 0.591155 0.333108 0.591155 0.335816 0.590253 0.336493 0.590253 0.349357 0.591155 0.350034 0.591155 0.350711 0.592058 0.351388 0.592058 0.354773 0.592960 0.355450 0.592960 0.356804 0.593863 0.357481 0.593863 0.358835 0.594765 0.359513 0.594765 0.361544 0.595668 0.362221 0.595668 0.362898 0.600181 0.366283 0.600181 0.366960 0.601083 0.367637 0.601083 0.368991 0.601986 0.369668 0.601986 0.370345 0.602888 0.371022 0.602888 0.371699 0.603791 0.372376 0.603791 0.373053 0.604693 0.373731 0.604693 0.374408 0.606498 0.375762 0.606498 0.379824 0.605596 0.380501 0.605596 0.381178 0.596570 0.387949 0.596570 0.388626 0.592960 0.391334 0.592960 0.392011 0.592058 0.392688 0.592058 0.393365 0.591155 0.394042 0.591155 0.394719 0.590253 0.395396 0.590253 0.396073 0.589350 0.396750 0.589350 0.398104 0.588448 0.398781 0.588448 0.399458 0.586643 0.400812 0.586643 0.402167 0.585740 0.402844 0.585740 0.404198 0.584838 0.404875 0.584838 0.406229 0.583935 0.406906 0.583935 0.407583 0.583032 0.408260 0.583032 0.408937 0.582130 0.409614 0.582130 0.410968 0.581227 0.411645 0.581227 0.412322 0.580325 0.412999 0.580325 0.413676 0.579422 0.414353 0.579422 0.415030 0.578520 0.415708 0.578520 0.417739 0.577617 0.418416 0.577617 0.419770 0.576715 0.420447 0.576715 0.423155 0.575812 0.423832 0.575812 0.429248 0.574910 0.429926 0.574910 0.439404 0.575812 0.440081 0.575812 0.442112 0.576715 0.442789 0.576715 0.444144 0.577617 0.444821 0.577617 0.445498 0.578520 0.446175 0.578520 0.446852 0.580325 0.448206 0.580325 0.448883 0.581227 0.449560 0.581227 0.451591 0.582130 0.452268 0.582130 0.452945 0.584838 0.454976 0.584838 0.455653 0.585740 0.456330 0.585740 0.458362 0.584838 0.459039 0.584838 0.460393 0.583935 0.461070 0.583935 0.461747 0.576715 0.467163 0.576715 0.467840 0.574007 0.469871 0.574007 0.470548 0.572202 0.471903 0.572202 0.472580 0.570397 0.473934 0.568592 0.473934 0.567690 0.474611 0.566787 0.474611 0.564982 0.475965 0.564079 0.475965 0.560469 0.478673 0.560469 0.479350 0.558664 0.480704 0.558664 0.481381 0.555957 0.483412 0.555957 0.484089 0.554152 0.485443 0.554152 0.486121 0.553249 0.486798 0.553249 0.487475 0.552347 0.488152 0.552347 0.488829 0.551444 0.489506 0.551444 0.490860 0.550542 0.491537 0.550542 0.492891 0.549639 0.493568 0.549639 0.494922 0.548736 0.495599 0.548736 0.496953 0.547834 0.497630 0.547834 0.498984 0.546931 0.499661 0.546931 0.500339 0.546029 0.501016 0.546029 0.501693 0.545126 0.502370 0.545126 0.503724 0.544224 0.504401 0.544224 0.506432 0.543321 0.507109 0.543321 0.509140 0.542419 0.509817 0.542419 0.515911 0.541516 0.516588 0.541516 0.534868 0.540614 0.535545 0.540614 0.536899 0.539711 0.537576 0.539711 0.538253 0.538809 0.538930 0.538809 0.539607 0.537906 0.540284 0.537906 0.542993 0.527978 0.550440 0.527978 0.551117 0.525271 0.553148 0.525271 0.553825 0.524368 0.554502 0.524368 0.555179 0.523466 0.555856 0.523466 0.556534 0.522563 0.557211 0.522563 0.558565 0.521661 0.559242 0.521661 0.560596 0.520758 0.561273 0.520758 0.563304 0.519856 0.563981 0.519856 0.566012 0.518953 0.566689 0.518953 0.568720 0.518051 0.569397 0.518051 0.571429 0.517148 0.572106 0.517148 0.578199 0.516245 0.578876 0.516245 0.582938 0.515343 0.583615 0.515343 0.586324 0.514440 0.587001 0.514440 0.605281 0.515343 0.605958 0.515343 0.607989 0.516245 0.608666 0.516245 0.609343 0.513538 0.611374 0.512635 0.611374 0.510830 0.612729 0.509928 0.612729 0.509025 0.613406 0.508123 0.613406 0.506318 0.614760 0.505415 0.614760 0.502708 0.616791 0.501805 0.616791 0.500903 0.617468 0.500000 0.617468 0.492780 0.622884 0.492780 0.623561 0.490072 0.625592 0.490072 0.626269 0.488267 0.627624 0.488267 0.628301 0.487365 0.628978 0.487365 0.629655 0.486462 0.630332 0.486462 0.631009 0.485560 0.631686 0.485560 0.632363 0.484657 0.633040 0.484657 0.633717 0.483755 0.634394 0.483755 0.635071 0.482852 0.635748 0.482852 0.637102 0.481949 0.637779 0.481949 0.639133 0.481047 0.639810 0.481047 0.642519 0.480144 0.643196 0.480144 0.645227 0.479242 0.645904 0.479242 0.648612 0.478339 0.649289 0.478339 0.653351 0.477437 0.654028 0.477437 0.664184 0.478339 0.664861 0.478339 0.669601 0.479242 0.670278 0.479242 0.672986 0.480144 0.673663 0.480144 0.675017 0.481047 0.675694 0.481047 0.677048 0.481949 0.677725 0.481949 0.679079 0.482852 0.679756 0.482852 0.681110 0.483755 0.681787 0.483755 0.682464 0.484657 0.683142 0.484657 0.684496 0.485560 0.685173 0.485560 0.685850 0.486462 0.686527 0.486462 0.687881 0.487365 0.688558 0.487365 0.689235 0.488267 0.689912 0.488267 0.690589 0.489170 0.691266 0.489170 0.691943 0.490975 0.693297 0.490975 0.693974 0.492780 0.695328 0.492780 0.696005 0.493682 0.696682 0.493682 0.697360 0.496390 0.699391 0.496390 0.700068 0.499097 0.702099 0.499097 0.702776 0.500000 0.703453 0.500000 0.704130 0.502708 0.706161 0.502708 0.706838 0.508123 0.710900 0.509025 0.710900 0.521661 0.720379 0.521661 0.721056 0.524368 0.723087 0.524368 0.723764 0.527076 0.725796 0.527076 0.726473 0.531588 0.729858 0.531588 0.730535 0.537004 0.734597 0.537004 0.735274 0.539711 0.737305 0.539711 0.737982 0.542419 0.740014 0.543321 0.740014 0.544224 0.740691 0.544224 0.741368 0.546029 0.742722 0.546931 0.742722 0.548736 0.744076 0.548736 0.744753 0.551444 0.746784 0.552347 0.746784 0.564079 0.755586 0.564079 0.756263 0.564982 0.756940 0.565884 0.756940 0.574910 0.763710 0.575812 0.763710 0.583032 0.769127 0.583032 0.769804 0.587545 0.773189 0.587545 0.773866 0.589350 0.775220 0.589350 0.779282 0.586643 0.781313 0.585740 0.781313 0.583935 0.782668 0.583032 0.782668 0.582130 0.783345 0.579422 0.783345 0.578520 0.784022 0.576715 0.784022 0.575812 0.784699 0.573105 0.784699 0.572202 0.785376 0.569495 0.785376 0.568592 0.786053 0.565884 0.786053 0.564982 0.786730 0.557762 0.786730 0.556859 0.787407 0.547834 0.787407 0.546931 0.788084 0.543321 0.788084 0.542419 0.788761 0.541516 0.788761 0.540614 0.789438 0.539711 0.789438 0.538809 0.790115 0.537906 0.790115 0.537004 0.790792 0.534296 0.790792 0.533394 0.791469 0.532491 0.791469 0.531588 0.792146 0.529783 0.792146 0.527978 0.793500 0.526173 0.793500 0.525271 0.794177 0.524368 0.794177 0.523466 0.794854 0.522563 0.794854 0.520758 0.796209 0.520758 0.796886 0.519856 0.797563 0.519856 0.798240 0.518953 0.798917 0.518953 0.800271 0.518051 0.800948 0.518051 0.801625 0.517148 0.802302 0.517148 0.805010 0.516245 0.805687 0.516245 0.813135 0.517148 0.813812 0.517148 0.815843 0.518051 0.816520 0.518051 0.817874 0.518953 0.818551 0.518953 0.819228 0.519856 0.819905 0.519856 0.820582 0.521661 0.821936 0.521661 0.822613 0.527076 0.826676 0.527076 0.827353 0.529783 0.829384 0.530686 0.829384 0.536101 0.833446 0.537004 0.833446 0.538809 0.834800 0.539711 0.834800 0.540614 0.835477 0.541516 0.835477 0.542419 0.836154 0.543321 0.836154 0.544224 0.836831 0.545126 0.836831 0.547834 0.838863 0.548736 0.838863 0.550542 0.840217 0.552347 0.840217 0.553249 0.840894 0.554152 0.840894 0.555054 0.841571 0.555957 0.841571 0.556859 0.842248 0.558664 0.842248 0.559567 0.842925 0.560469 0.842925 0.561372 0.843602 0.562274 0.843602 0.563177 0.844279 0.564079 0.844279 0.564982 0.844956 0.565884 0.844956 0.566787 0.845633 0.569495 0.845633 0.570397 0.846310 0.575812 0.846310 0.576715 0.846987 0.582130 0.846987 0.583032 0.847664 0.587545 0.847664 0.588448 0.848341 0.613718 0.848341 0.614621 0.847664 0.620036 0.847664 0.620939 0.846987 0.653430 0.846987 0.654332 0.847664 0.655235 0.846987 0.657942 0.846987 0.658845 0.847664 0.666968 0.847664 0.667870 0.848341 0.683213 0.848341 0.684116 0.847664 0.694946 0.847664 0.695848 0.846987 0.700361 0.846987 0.701264 0.846310 0.703069 0.846310 0.703971 0.845633 0.704874 0.845633 0.706679 0.844279 0.707581 0.844279 0.708484 0.843602 0.709386 0.843602 0.711191 0.842248 0.711191 0.841571 0.712094 0.840894 0.712094 0.840217 0.712996 0.839540 0.712996 0.838863 0.713899 0.838186 0.713899 0.837508 0.714801 0.836831 0.714801 0.835477 0.715704 0.834800 0.715704 0.831415 0.716606 0.830738 0.716606 0.825322 0.717509 0.824645 0.717509 0.814489 0.716606 0.813812 0.716606 0.809749 0.715704 0.809072 0.715704 0.805010 0.714801 0.804333 0.714801 0.801625 0.713899 0.800948 0.713899 0.798240 0.712996 0.797563 0.712996 0.796886 0.714801 0.795531 0.716606 0.795531 0.717509 0.794854 0.718412 0.794854 0.719314 0.794177 0.722022 0.794177 0.722924 0.794854 0.723827 0.794854 0.724729 0.795531 0.725632 0.795531 0.726534 0.796209 0.733755 0.796209 0.739170 0.792146 0.740975 0.792146 0.741877 0.792823 0.741877 0.796886 0.742780 0.797563 0.742780 0.798240 0.743682 0.798240 0.744585 0.798917 0.745487 0.798917 0.746390 0.799594 0.749097 0.799594 0.750000 0.800271 0.750903 0.800271 0.751805 0.800948 0.752708 0.800948 0.753610 0.801625 0.755415 0.801625 0.756318 0.802302 0.759025 0.802302 0.759928 0.802979 0.761733 0.802979 0.762635 0.803656 0.763538 0.803656 0.764440 0.804333 0.765343 0.804333 0.767148 0.805687 0.769856 0.805687 0.770758 0.806364 0.776173 0.806364 0.777076 0.807041 0.777978 0.807041 0.778881 0.807718 0.779783 0.807718 0.780686 0.808395 0.781588 0.808395 0.782491 0.809072 0.788809 0.809072 0.789711 0.809749 0.792419 0.809749 0.794224 0.811104 0.795126 0.811104 0.796029 0.811781 0.797834 0.811781 0.798736 0.812458 0.802347 0.812458 0.803249 0.813135 0.813177 0.813135 0.814079 0.813812 0.814982 0.813135 0.816787 0.813135 0.817690 0.813812 0.830325 0.813812 0.831227 0.813135 0.834838 0.813135 0.835740 0.812458 0.836643 0.812458 0.838448 0.811104 0.839350 0.811104 0.841155 0.809749 0.842058 0.809749 0.842960 0.809072 0.843863 0.809072 0.843863 0.807041 0.844765 0.806364 0.844765 0.805687 0.845668 0.805010 0.846570 0.805687 0.846570 0.808395 0.845668 0.809072 0.845668 0.810427 0.843863 0.811781 0.843863 0.813812 0.842960 0.814489 0.842960 0.815166 0.842058 0.815843 0.842058 0.816520 0.841155 0.817197 0.841155 0.819228 0.840253 0.819905 0.840253 0.821259 0.839350 0.821936 0.839350 0.822613 0.838448 0.823290 0.838448 0.823968 0.837545 0.824645 0.837545 0.826676 0.836643 0.827353 0.836643 0.831415 0.834838 0.832769 0.834838 0.834800 0.833935 0.835477 0.833935 0.838863 0.833032 0.839540 0.833032 0.840217 0.831227 0.841571 0.831227 0.846310 0.830325 0.846987 0.830325 0.847664 0.829422 0.848341 0.829422 0.851726 0.828520 0.852404 0.829422 0.853081 0.829422 0.854435 0.831227 0.855789 0.831227 0.856466 0.832130 0.857143 0.832130 0.859174 0.830325 0.860528 0.829422 0.860528 0.826715 0.862559 0.825812 0.862559 0.825812 0.866622 0.824007 0.867976 0.822202 0.866622 0.822202 0.865944 0.821300 0.865267 0.820397 0.865944 0.820397 0.868653 0.819495 0.869330 0.818592 0.869330 0.817690 0.870007 0.819495 0.871361 0.819495 0.872715 0.816787 0.874746 0.816787 0.875423 0.815884 0.876100 0.815884 0.876777 0.814982 0.877454 0.814982 0.878131 0.814079 0.878808 0.814079 0.882871 0.815884 0.884225 0.817690 0.884225 0.818592 0.884902 0.819495 0.884902 0.821300 0.886256 0.822202 0.886256 0.823105 0.886933 0.823105 0.890995 0.822202 0.891672 0.820397 0.891672 0.819495 0.892349 0.818592 0.892349 0.816787 0.893703 0.815884 0.893026 0.814079 0.893026 0.813177 0.893703 0.813177 0.894381 0.812274 0.895058 0.812274 0.895735 0.810469 0.897089 0.808664 0.897089 0.807762 0.896412 0.807762 0.895735 0.806859 0.895058 0.806859 0.893703 0.806859 0.895735 0.805054 0.897089 0.804152 0.897089 0.804152 0.897766 0.806859 0.897766 0.807762 0.897089 0.810469 0.897089 0.811372 0.897766 0.812274 0.897766 0.813177 0.898443 0.813177 0.899120 0.814079 0.899120 0.814079 0.898443 0.814982 0.897766 0.814982 0.897089 0.815884 0.896412 0.815884 0.895735 0.816787 0.895058 0.817690 0.895058 0.818592 0.895735 0.819495 0.895735 0.822202 0.897766 0.822202 0.898443 0.823105 0.898443 0.824007 0.899120 0.824910 0.899120 0.826715 0.900474 0.826715 0.901151 0.827617 0.901828 0.827617 0.901151 0.830325 0.899120 0.833032 0.899120 0.833935 0.898443 0.835740 0.898443 0.836643 0.897766 0.837545 0.897766 0.838448 0.897089 0.837545 0.896412 0.837545 0.895058 0.836643 0.894381 0.836643 0.893703 0.837545 0.893026 0.837545 0.892349 0.838448 0.891672 0.839350 0.891672 0.840253 0.890995 0.840253 0.890318 0.841155 0.889641 0.842058 0.889641 0.845668 0.892349 0.845668 0.893703 0.846570 0.894381 0.846570 0.898443 0.847473 0.899120 0.847473 0.899797 0.848375 0.900474 0.848375 0.897766 0.849278 0.897089 0.849278 0.890995 0.850181 0.890318 0.850181 0.888964 0.849278 0.888287 0.849278 0.886256 0.850181 0.885579 0.850181 0.880162 0.851083 0.879485 0.851083 0.878131 0.851986 0.877454 0.852888 0.878131 0.853791 0.878131 0.854693 0.878808 0.854693 0.879485 0.855596 0.879485 0.855596 0.877454 0.856498 0.876777 0.858303 0.876777 0.859206 0.876100 0.859206 0.872038 0.860108 0.871361 0.860108 0.870684 0.861011 0.870007 0.861913 0.870007 0.861913 0.869330 0.862816 0.868653 0.862816 0.863913 0.863718 0.863236 0.863718 0.861882 0.864621 0.861205 0.864621 0.860528 0.865523 0.859851 0.865523 0.858497 0.866426 0.857820 0.866426 0.856466 0.868231 0.855112 0.868231 0.854435 0.869134 0.853758 0.869134 0.853081 0.870036 0.852404 0.870036 0.851049 0.871841 0.849695 0.872744 0.849695 0.873646 0.849018 0.875451 0.849018 0.877256 0.847664 0.877256 0.846310 0.878159 0.845633 0.878159 0.844279 0.879061 0.843602 0.879061 0.842925 0.879964 0.842248 0.879964 0.838863 0.880866 0.838186 0.880866 0.835477 0.881769 0.834800 0.881769 0.834123 0.882671 0.833446 0.882671 0.832769 0.883574 0.832092 0.883574 0.829384 0.884477 0.828707 0.884477 0.827353 0.885379 0.826676 0.885379 0.825999 0.886282 0.825322 0.886282 0.823968 0.887184 0.823290 0.887184 0.821259 0.888087 0.820582 0.888087 0.817874 0.888989 0.817197 0.888989 0.816520 0.889892 0.815843 0.889892 0.814489 0.890794 0.813812 0.890794 0.811781 0.891697 0.811104 0.891697 0.809072 0.892599 0.808395 0.892599 0.807041 0.893502 0.806364 0.893502 0.805010 0.894404 0.804333 0.894404 0.802979 0.895307 0.802302 0.895307 0.801625 0.897112 0.800271 0.902527 0.800271 0.903430 0.799594 0.905235 0.799594 0.907040 0.798240 0.908845 0.798240 0.910650 0.796886 0.911552 0.796886 0.912455 0.796209 0.913357 0.796209 0.914260 0.795531 0.915162 0.795531 0.916065 0.794854 0.918773 0.794854 0.919675 0.794177 0.921480 0.794177 0.923285 0.792823 0.924188 0.792823 0.925090 0.792146 0.925993 0.792146 0.926895 0.791469 0.927798 0.791469 0.932310 0.788084 0.933213 0.788084 0.935018 0.786730 0.935921 0.786730 0.938628 0.784699 0.939531 0.784699 0.944043 0.781313 0.944946 0.781313 0.954874 0.773866 0.954874 0.773189 0.958484 0.770481 0.958484 0.769804 0.961191 0.767773 0.961191 0.767095 0.962094 0.766418 0.962094 0.765741 0.966606 0.762356 0.967509 0.762356 0.968412 0.761679 0.969314 0.761679 0.975632 0.756940 0.975632 0.756263 0.979242 0.753555 0.979242 0.752877 0.981047 0.751523 0.981047 0.750846 0.981949 0.750169 0.981949 0.749492 0.982852 0.748815 0.982852 0.748138 0.984657 0.746784 0.984657 0.746107 0.985560 0.745430 0.985560 0.744753 0.986462 0.744076 0.986462 0.743399 0.987365 0.742722 0.987365 0.742045 0.988267 0.741368 0.988267 0.740691 0.989170 0.740014 0.989170 0.739336 0.990072 0.738659 0.990072 0.737982 0.991877 0.736628 0.991877 0.735951 0.992780 0.735274 0.992780 0.734597 0.993682 0.733920 0.993682 0.733243 0.995487 0.731889 0.995487 0.731212 0.996390 0.730535 0.996390 0.729858 0.998195 0.728504 0.999097 0.728504 0.999097 0.645227 0.998195 0.645227 0.996390 0.643873 0.996390 0.643196 0.994585 0.641842 0.994585 0.638456 0.995487 0.637779 0.995487 0.636425 0.996390 0.635748 0.996390 0.634394 0.998195 0.633040 0.999097 0.633040 0.999097 0.591740 0.998195 0.591740 0.997292 0.591063 0.997292 0.587678 0.996390 0.587001 0.996390 0.584970 0.995487 0.584292 0.995487 0.583615 0.993682 0.582261 0.993682 0.581584 0.990975 0.579553 0.989170 0.579553 0.988267 0.578876 0.982852 0.578876 0.981949 0.579553 0.980144 0.579553 0.979242 0.578876 0.977437 0.578876 0.972924 0.575491 0.972022 0.575491 0.971119 0.574814 0.970217 0.574814 0.969314 0.574137 0.969314 0.573460 0.965704 0.570752 0.965704 0.570074 0.964801 0.569397 0.964801 0.568720 0.962094 0.566689 0.962094 0.566012 0.961191 0.565335 0.961191 0.564658 0.960289 0.563981 0.960289 0.563304 0.959386 0.562627 0.959386 0.561950 0.958484 0.561273 0.958484 0.560596 0.957581 0.559919 0.957581 0.559242 0.954874 0.557211 0.954874 0.555179 0.953971 0.554502 0.953971 0.553825 0.953069 0.553148 0.953069 0.552471 0.951264 0.551117 0.951264 0.550440 0.950361 0.549763 0.950361 0.549086 0.949458 0.548409 0.949458 0.547732 0.948556 0.547055 0.948556 0.545701 0.947653 0.545024 0.947653 0.544347 0.945848 0.542993 0.945848 0.542316 0.944946 0.541638 0.944946 0.540961 0.943141 0.539607 0.943141 0.538930 0.941336 0.537576 0.941336 0.536222 0.939531 0.534868 0.939531 0.534191 0.935018 0.530806 0.934116 0.530806 0.932310 0.529452 0.931408 0.529452 0.929603 0.528097 0.928700 0.528097 0.926895 0.526743 0.925993 0.526743 0.925090 0.526066 0.924188 0.526066 0.919675 0.522681 0.918773 0.522681 0.917870 0.522004 0.917870 0.521327 0.915162 0.519296 0.914260 0.519296 0.909747 0.515911 0.908845 0.515911 0.905235 0.513202 0.904332 0.513202 0.903430 0.512525 0.899819 0.512525 0.898917 0.511848 0.898917 0.509817 0.897112 0.508463 0.897112 0.507786 0.898917 0.506432 0.898917 0.505755 0.899819 0.505078 0.899819 0.504401 0.898014 0.503047 0.898014 0.498984 0.898917 0.498307 0.898917 0.496953 0.899819 0.496276 0.899819 0.495599 0.901625 0.494245 0.901625 0.493568 0.900722 0.492891 0.900722 0.491537 0.899819 0.490860 0.899819 0.490183 0.898917 0.489506 0.898917 0.488829 0.897112 0.487475 0.898014 0.486798 0.898014 0.484089 0.897112 0.483412 0.897112 0.477996 0.896209 0.477319 0.896209 0.476642 0.894404 0.475288 0.894404 0.473934 0.893502 0.473257 0.893502 0.472580 0.892599 0.471903 0.892599 0.465809 0.891697 0.465132 0.891697 0.462424 0.890794 0.461747 0.890794 0.459716 0.889892 0.459039 0.889892 0.458362 0.888989 0.457684 0.888989 0.457007 0.887184 0.455653 0.887184 0.454976 0.886282 0.454299 0.886282 0.452945 0.884477 0.451591 0.884477 0.450914 0.883574 0.450237 0.883574 0.448883 0.882671 0.448206 0.882671 0.446852 0.881769 0.446175 0.881769 0.445498 0.880866 0.444821 0.880866 0.444144 0.879964 0.443466 0.879964 0.442789 0.879061 0.442112 0.879061 0.441435 0.878159 0.440758 0.878159 0.440081 0.875451 0.438050 0.875451 0.437373 0.874549 0.436696 0.873646 0.436696 0.871841 0.435342 0.871841 0.434665 0.870036 0.433311 0.870036 0.432634 0.868231 0.431280 0.868231 0.430603 0.865523 0.428571 0.865523 0.427894 0.863718 0.426540 0.862816 0.426540 0.860108 0.424509 0.860108 0.423832 0.858303 0.422478 0.858303 0.421124 0.857401 0.420447 0.857401 0.418416 0.855596 0.417062 0.855596 0.415708 0.852888 0.413676 0.852888 0.412999 0.851986 0.412322 0.851986 0.411645 0.851083 0.411645 0.850181 0.410968 0.849278 0.410968 0.846570 0.408937 0.845668 0.408937 0.843863 0.407583 0.843863 0.406906 0.842960 0.406229 0.842960 0.405552 0.842058 0.404875 0.842058 0.404198 0.839350 0.402167 0.839350 0.401490 0.838448 0.400812 0.838448 0.400135 0.837545 0.399458 0.837545 0.398781 0.835740 0.397427 0.834838 0.397427 0.831227 0.394719 0.831227 0.394042 0.830325 0.394042 0.829422 0.393365 0.828520 0.393365 0.827617 0.392688 0.827617 0.392011 0.826715 0.391334 0.826715 0.390657 0.825812 0.389980 0.824910 0.389980 0.824007 0.389303 0.823105 0.389303 0.822202 0.388626 0.821300 0.388626 0.819495 0.387271 0.819495 0.386594 0.818592 0.386594 0.814079 0.383209 0.812274 0.383209 0.810469 0.381855 0.809567 0.381855 0.807762 0.380501 0.806859 0.380501 0.805957 0.379824 0.805054 0.379824 0.804152 0.379147 0.803249 0.379147 0.802347 0.378470 0.801444 0.378470 0.799639 0.377116 0.798736 0.377116 0.797834 0.376439 0.796931 0.376439 0.796029 0.375762 0.795126 0.375762 0.794224 0.375085 0.793321 0.375085 0.792419 0.374408 0.790614 0.374408 0.789711 0.373731 0.787906 0.373731 0.787004 0.373053 0.787004 0.371699 0.786101 0.371022 0.786101 0.368991 0.787004 0.368314 0.787004 0.366960 0.788809 0.365606 0.788809 0.364929 0.789711 0.364252 0.789711 0.362898 0.791516 0.361544 0.791516 0.360867 0.792419 0.360190 0.792419 0.359513 0.793321 0.358835 0.793321 0.358158 0.794224 0.357481 0.794224 0.356804 0.795126 0.356127 0.795126 0.355450 0.796029 0.354773 0.796029 0.354096 0.799639 0.351388 0.799639 0.350711 0.802347 0.348680 0.802347 0.348003 0.804152 0.346649 0.804152 0.345295 0.805957 0.343940 0.805957 0.343263 0.806859 0.342586 0.806859 0.341909 0.807762 0.341232 0.807762 0.340555 0.808664 0.339878 0.808664 0.337170 0.809567 0.336493 0.809567 0.327014 0.808664 0.326337 0.808664 0.324306 0.807762 0.323629 0.807762 0.322952 0.806859 0.322275 0.806859 0.320921 0.805957 0.320244 0.805957 0.316858 0.805054 0.316181 0.805054 0.314827 0.804152 0.314150 0.804152 0.313473 0.805054 0.312796 0.805054 0.310088 0.805957 0.309411 0.805957 0.307380 0.806859 0.306703 0.806859 0.285714 0.805957 0.285037 0.805957 0.282329 0.805054 0.281652 0.805054 0.280975 0.804152 0.280298 0.804152 0.279621 0.803249 0.278944 0.803249 0.277590 0.802347 0.276913 0.802347 0.276236 0.800542 0.274882 0.800542 0.274204 0.799639 0.273527 0.799639 0.272173 0.798736 0.271496 0.798736 0.268788 0.797834 0.268111 0.797834 0.266757 0.796931 0.266080 0.796931 0.264726 0.796029 0.264049 0.796029 0.263372 0.795126 0.262695 0.795126 0.262018 0.794224 0.261341 0.794224 0.260664 0.793321 0.259986 0.793321 0.259309 0.792419 0.258632 0.792419 0.257955 0.791516 0.257278 0.791516 0.255924 0.790614 0.255247 0.790614 0.254570 0.789711 0.253893 0.789711 0.252539 0.788809 0.251862 0.788809 0.251185 0.787906 0.250508 0.787906 0.249831 0.787004 0.249154 0.787004 0.248477 0.786101 0.247800 0.786101 0.247123 0.785199 0.246445 0.785199 0.245768 0.781588 0.243060 0.781588 0.242383 0.780686 0.241706 0.780686 0.241029 0.779783 0.240352 0.779783 0.239675 0.777978 0.238321 0.777978 0.237644 0.776173 0.236290 0.776173 0.235613 0.774368 0.234259 0.774368 0.233582 0.772563 0.232227 0.772563 0.231550 0.768953 0.228842 0.768051 0.228842 0.767148 0.228165 0.767148 0.227488 0.756318 0.219364 0.755415 0.219364 0.750000 0.215301 0.749097 0.215301 0.748195 0.214624 0.746390 0.214624 0.745487 0.213947 0.744585 0.213947 0.743682 0.213270 0.733755 0.213270 0.732852 0.212593 0.731949 0.212593 0.731047 0.211916 0.728339 0.211916 0.727437 0.211239 0.726534 0.211239 0.720217 0.206500 0.715704 0.206500 0.714801 0.205823 0.706679 0.205823 0.705776 0.206500 0.702166 0.206500 0.701264 0.207177 0.699458 0.207177 0.698556 0.207854 0.693141 0.207854 0.692238 0.207177 0.691336 0.207177 0.688628 0.205146 0.687726 0.205146 0.686823 0.204469 0.685921 0.204469 0.685018 0.203791 0.684116 0.203791 0.683213 0.203114 0.683213 0.202437 0.682310 0.201760 0.681408 0.201760 0.680505 0.201083 0.678700 0.201083 0.676895 0.199729 0.675993 0.199729 0.675090 0.199052 0.673285 0.199052 0.672383 0.198375 0.670578 0.198375 0.668773 0.197021 0.667870 0.197021 0.666065 0.195667 0.658845 0.195667 0.657942 0.194990
0 0.077617 0.151659 0.077617 0.157752 0.076715 0.158429 0.076715 0.162492 0.075812 0.163169 0.075812 0.167231 0.074910 0.167908 0.074910 0.170616 0.074007 0.171293 0.074007 0.173324 0.073105 0.174001 0.073105 0.177387 0.072202 0.178064 0.072202 0.182126 0.071300 0.182803 0.071300 0.226134 0.072202 0.226811 0.072202 0.230873 0.073105 0.231550 0.073105 0.234259 0.074007 0.234936 0.074007 0.235613 0.074910 0.236290 0.074910 0.237644 0.075812 0.238321 0.075812 0.238998 0.076715 0.239675 0.076715 0.241029 0.077617 0.241706 0.077617 0.243060 0.078520 0.243737 0.078520 0.245768 0.079422 0.246445 0.079422 0.248477 0.078520 0.249154 0.078520 0.251862 0.077617 0.252539 0.077617 0.255247 0.076715 0.255924 0.076715 0.257278 0.075812 0.257955 0.075812 0.259309 0.074910 0.259986 0.074910 0.261341 0.074007 0.262018 0.074007 0.262695 0.073105 0.263372 0.073105 0.264049 0.072202 0.264726 0.072202 0.265403 0.065884 0.270142 0.065884 0.270819 0.064982 0.271496 0.064982 0.272173 0.064079 0.272850 0.064079 0.279621 0.064982 0.280298 0.064982 0.281652 0.065884 0.282329 0.065884 0.283006 0.067690 0.284360 0.068592 0.284360 0.071300 0.286391 0.074007 0.286391 0.074910 0.287068 0.085740 0.287068 0.086643 0.286391 0.089350 0.286391 0.090253 0.285714 0.091155 0.285714 0.092058 0.285037 0.094765 0.285037 0.095668 0.284360 0.097473 0.284360 0.098375 0.283683 0.100181 0.283683 0.101083 0.283006 0.101986 0.283006 0.102888 0.282329 0.103791 0.282329 0.106498 0.280298 0.107401 0.280298 0.109206 0.278944 0.109206 0.278267 0.111011 0.276913 0.111011 0.276236 0.111913 0.275559 0.111913 0.274882 0.112816 0.274204 0.112816 0.273527 0.113718 0.272850 0.113718 0.272173 0.114621 0.271496 0.114621 0.270819 0.117329 0.268788 0.117329 0.268111 0.118231 0.267434 0.118231 0.266757 0.120036 0.265403 0.120036 0.262018 0.119134 0.261341 0.119134 0.257278 0.118231 0.256601 0.118231 0.253893 0.117329 0.253216 0.117329 0.251185 0.116426 0.250508 0.116426 0.249831 0.114621 0.248477 0.114621 0.247800 0.113718 0.247123 0.113718 0.246445 0.112816 0.245768 0.112816 0.241029 0.111913 0.240352 0.111913 0.236967 0.111011 0.236290 0.111011 0.233582 0.110108 0.232905 0.110108 0.231550 0.109206 0.230873 0.109206 0.227488 0.108303 0.226811 0.108303 0.225457 0.107401 0.224780 0.107401 0.222749 0.106498 0.222072 0.106498 0.220718 0.105596 0.220041 0.105596 0.218687 0.104693 0.218009 0.104693 0.215978 0.103791 0.215301 0.103791 0.212593 0.101083 0.210562 0.100181 0.210562 0.098375 0.209208 0.097473 0.209885 0.096570 0.209885 0.095668 0.210562 0.092960 0.210562 0.092058 0.209885 0.088448 0.209885 0.087545 0.209208 0.087545 0.208531 0.086643 0.207854 0.086643 0.205823 0.087545 0.205146 0.088448 0.205146 0.089350 0.204469 0.089350 0.203791 0.090253 0.203114 0.090253 0.202437 0.091155 0.201760 0.091155 0.201083 0.092058 0.200406 0.092058 0.198375 0.092960 0.197698 0.092960 0.192959 0.092058 0.192282 0.092058 0.188896 0.091155 0.188219 0.091155 0.185511 0.090253 0.184834 0.090253 0.182803 0.089350 0.182126 0.089350 0.178741 0.088448 0.178064 0.088448 0.175355 0.087545 0.174678 0.087545 0.172647 0.086643 0.171970 0.086643 0.169939 0.085740 0.169262 0.085740 0.167231 0.084838 0.166554 0.084838 0.163846 0.083935 0.163169 0.083935 0.161814 0.083032 0.161137 0.083032 0.159783 0.082130 0.159106 0.082130 0.157752 0.081227 0.157075 0.081227 0.155044 0.077617 0.152336
0 0.240072 0.000000 0.240072 0.004739 0.240975 0.005416 0.240975 0.006093 0.241877 0.006093 0.243682 0.007448 0.243682 0.008125 0.244585 0.008125 0.245487 0.008802 0.250903 0.008802 0.251805 0.008125 0.251805 0.006770 0.254513 0.004739 0.254513 0.000000
0 0.073105 0.000000 0.073105 0.002708 0.072202 0.003385 0.072202 0.010156 0.073105 0.010833 0.073105 0.013541 0.074007 0.014218 0.074007 0.016249 0.074910 0.016926 0.074910 0.018957 0.075812 0.019634 0.075812 0.020988 0.076715 0.021666 0.076715 0.023697 0.077617 0.024374 0.077617 0.027082 0.078520 0.027759 0.078520 0.030467 0.079422 0.031144 0.079422 0.033852 0.080325 0.034529 0.080325 0.037238 0.081227 0.037915 0.081227 0.040623 0.082130 0.041300 0.082130 0.042654 0.083032 0.043331 0.083032 0.045362 0.083935 0.046039 0.083935 0.049425 0.084838 0.050102 0.084838 0.052133 0.085740 0.052810 0.085740 0.054164 0.086643 0.054841 0.086643 0.057549 0.087545 0.058226 0.087545 0.060257 0.088448 0.060934 0.088448 0.061611 0.089350 0.062288 0.089350 0.063643 0.090253 0.064320 0.090253 0.065674 0.091155 0.066351 0.091155 0.068382 0.092058 0.069059 0.092058 0.070413 0.092960 0.071090 0.092960 0.072444 0.093863 0.073121 0.093863 0.074475 0.094765 0.075152 0.094765 0.077183 0.095668 0.077861 0.095668 0.079892 0.096570 0.080569 0.096570 0.082600 0.097473 0.083277 0.097473 0.085308 0.098375 0.085985 0.098375 0.088693 0.099278 0.089370 0.099278 0.092079 0.100181 0.092756 0.100181 0.095464 0.101083 0.096141 0.101083 0.097495 0.101986 0.098172 0.101986 0.100203 0.102888 0.100880 0.102888 0.102911 0.103791 0.103588 0.103791 0.106297 0.104693 0.106974 0.104693 0.111036 0.105596 0.111713 0.105596 0.113067 0.106498 0.113744 0.106498 0.114421 0.107401 0.115098 0.107401 0.115775 0.108303 0.116452 0.108303 0.117129 0.109206 0.117806 0.109206 0.118483 0.110108 0.118483 0.111913 0.119838 0.116426 0.119838 0.117329 0.120515 0.120036 0.120515 0.120939 0.121192 0.121841 0.121192 0.122744 0.121869 0.123646 0.121869 0.126354 0.123900 0.126354 0.124577 0.127256 0.125254 0.127256 0.126608 0.125451 0.127962 0.123646 0.127962 0.122744 0.128639 0.120939 0.128639 0.120036 0.129316 0.118231 0.129316 0.117329 0.129993 0.116426 0.129993 0.113718 0.132024 0.113718 0.142857 0.114621 0.143534 0.114621 0.147596 0.115523 0.148274 0.115523 0.150982 0.116426 0.151659 0.116426 0.153013 0.117329 0.153690 0.117329 0.155721 0.118231 0.156398 0.118231 0.157752 0.119134 0.158429 0.119134 0.159783 0.120036 0.160460 0.120036 0.161814 0.120939 0.162492 0.120939 0.165200 0.121841 0.165877 0.121841 0.169262 0.122744 0.169939 0.122744 0.172647 0.123646 0.173324 0.123646 0.175355 0.124549 0.176032 0.124549 0.178741 0.125451 0.179418 0.125451 0.180772 0.127256 0.182126 0.133574 0.182126 0.134477 0.182803 0.135379 0.182803 0.138989 0.185511 0.138989 0.187542 0.138087 0.188219 0.138087 0.190928 0.137184 0.191605 0.137184 0.192282 0.136282 0.192959 0.136282 0.193636 0.134477 0.194990 0.134477 0.195667 0.132671 0.197021 0.132671 0.197698 0.131769 0.198375 0.131769 0.199729 0.130866 0.200406 0.130866 0.203114 0.129964 0.203791 0.129964 0.209885 0.130866 0.210562 0.130866 0.213270 0.131769 0.213947 0.131769 0.215978 0.132671 0.216655 0.132671 0.218687 0.133574 0.219364 0.133574 0.222072 0.134477 0.222749 0.134477 0.223426 0.135379 0.224103 0.135379 0.225457 0.136282 0.226134 0.136282 0.228165 0.137184 0.228842 0.137184 0.228165 0.138087 0.227488 0.138087 0.226811 0.138989 0.226134 0.138989 0.224780 0.139892 0.224103 0.139892 0.220718 0.140794 0.220041 0.140794 0.213270 0.141697 0.212593 0.141697 0.202437 0.142599 0.201760 0.142599 0.196344 0.141697 0.195667 0.141697 0.192282 0.143502 0.190928 0.143502 0.185511 0.144404 0.184834 0.144404 0.182803 0.145307 0.182126 0.145307 0.178064 0.146209 0.177387 0.146209 0.174001 0.147112 0.173324 0.147112 0.163846 0.148014 0.163169 0.148014 0.153690 0.148917 0.153013 0.148917 0.141503 0.149819 0.140826 0.149819 0.129993 0.150722 0.129316 0.150722 0.127962 0.151625 0.127285 0.151625 0.125254 0.152527 0.124577 0.152527 0.121869 0.153430 0.121192 0.153430 0.120515 0.154332 0.119838 0.155235 0.120515 0.155235 0.123900 0.156137 0.124577 0.156137 0.129993 0.157040 0.130670 0.157040 0.134733 0.157942 0.135410 0.157942 0.145565 0.158845 0.146242 0.158845 0.152336 0.159747 0.153013 0.159747 0.155721 0.160650 0.156398 0.160650 0.158429 0.161552 0.159106 0.161552 0.168585 0.162455 0.169262 0.162455 0.180772 0.163357 0.181449 0.163357 0.185511 0.164260 0.186188 0.164260 0.188219 0.165162 0.188896 0.165162 0.200406 0.164260 0.201083 0.164260 0.204469 0.165162 0.205146 0.165162 0.209885 0.166065 0.210562 0.166065 0.226811 0.166968 0.227488 0.166968 0.229519 0.167870 0.230196 0.167870 0.230873 0.168773 0.230873 0.171480 0.232905 0.172383 0.232905 0.173285 0.233582 0.174188 0.233582 0.175090 0.234259 0.176895 0.234259 0.177798 0.234936 0.182310 0.234936 0.183213 0.235613 0.185018 0.235613 0.185921 0.236290 0.186823 0.236290 0.187726 0.236967 0.188628 0.236967 0.189531 0.237644 0.190433 0.237644 0.191336 0.238321 0.192238 0.238321 0.193141 0.238998 0.194043 0.238998 0.195848 0.240352 0.195848 0.241029 0.196751 0.241029 0.202166 0.245091 0.203971 0.245091 0.204874 0.245768 0.207581 0.245768 0.208484 0.246445 0.231047 0.246445 0.231949 0.245768 0.233755 0.245768 0.234657 0.245091 0.235560 0.245091 0.238267 0.243060 0.238267 0.242383 0.239170 0.241706 0.239170 0.236290 0.238267 0.235613 0.238267 0.234936 0.237365 0.234259 0.237365 0.233582 0.234657 0.231550 0.233755 0.231550 0.230144 0.228842 0.229242 0.228842 0.228339 0.228165 0.227437 0.228165 0.219314 0.222072 0.219314 0.220718 0.218412 0.220041 0.218412 0.185511 0.219314 0.184834 0.219314 0.176710 0.220217 0.176032 0.220217 0.113744 0.221119 0.113067 0.221119 0.100203 0.222022 0.099526 0.222022 0.085308 0.222924 0.084631 0.222924 0.081246 0.223827 0.080569 0.223827 0.076506 0.224729 0.075829 0.224729 0.073121 0.225632 0.072444 0.225632 0.071090 0.226534 0.070413 0.226534 0.067028 0.227437 0.066351 0.227437 0.064320 0.228339 0.063643 0.228339 0.060257 0.229242 0.059580 0.229242 0.058226 0.230144 0.057549 0.230144 0.052810 0.231047 0.052133 0.231047 0.045362 0.231949 0.044685 0.231949 0.015572 0.231047 0.014895 0.231047 0.006770 0.230144 0.006093 0.230144 0.004062 0.228339 0.002708 0.227437 0.002708 0.225632 0.001354 0.225632 0.000000
0 0.556859 0.309411 0.555957 0.310088 0.555054 0.310088 0.555054 0.318213 0.554152 0.318890 0.554152 0.332431 0.555054 0.333108 0.555054 0.335816 0.555957 0.336493 0.555957 0.337847 0.556859 0.338524 0.556859 0.340555 0.557762 0.341232 0.557762 0.350034 0.558664 0.350711 0.558664 0.362898 0.557762 0.363575 0.557762 0.367637 0.556859 0.368314 0.556859 0.370345 0.555957 0.371022 0.555957 0.373053 0.555054 0.373731 0.555054 0.378470 0.554152 0.379147 0.554152 0.382532 0.553249 0.383209 0.553249 0.387949 0.552347 0.388626 0.552347 0.394042 0.551444 0.394719 0.551444 0.402844 0.550542 0.403521 0.550542 0.408260 0.549639 0.408937 0.549639 0.412999 0.548736 0.413676 0.548736 0.424509 0.547834 0.425186 0.547834 0.428571 0.546931 0.429248 0.546931 0.429926 0.546029 0.430603 0.546029 0.431957 0.545126 0.432634 0.545126 0.433311 0.544224 0.433988 0.544224 0.435342 0.543321 0.436019 0.543321 0.438050 0.542419 0.438727 0.542419 0.440081 0.541516 0.440758 0.541516 0.442112 0.540614 0.442789 0.540614 0.444144 0.539711 0.444821 0.539711 0.446852 0.538809 0.447529 0.538809 0.448206 0.537906 0.448883 0.537906 0.449560 0.536101 0.450914 0.536101 0.451591 0.534296 0.452945 0.533394 0.452945 0.533394 0.453622 0.529783 0.456330 0.528881 0.456330 0.528881 0.457007 0.527076 0.458362 0.527076 0.459039 0.525271 0.460393 0.525271 0.461070 0.521661 0.463778 0.521661 0.465132 0.519856 0.466486 0.519856 0.467163 0.518051 0.468517 0.518051 0.469194 0.517148 0.469871 0.517148 0.471225 0.516245 0.471903 0.516245 0.473934 0.515343 0.474611 0.515343 0.475288 0.514440 0.475965 0.514440 0.484089 0.515343 0.484766 0.515343 0.485443 0.516245 0.486121 0.516245 0.486798 0.517148 0.487475 0.517148 0.489506 0.518051 0.490183 0.518051 0.491537 0.520758 0.493568 0.520758 0.494245 0.521661 0.494922 0.522563 0.494922 0.523466 0.495599 0.524368 0.495599 0.527076 0.497630 0.527978 0.497630 0.528881 0.498307 0.539711 0.498307 0.541516 0.496953 0.542419 0.496953 0.542419 0.496276 0.543321 0.495599 0.543321 0.494922 0.544224 0.494245 0.544224 0.492891 0.545126 0.492214 0.545126 0.491537 0.546029 0.490860 0.546029 0.489506 0.546931 0.488829 0.546931 0.488152 0.550542 0.485443 0.550542 0.484766 0.556859 0.480027 0.556859 0.479350 0.557762 0.478673 0.557762 0.477996 0.559567 0.476642 0.559567 0.475965 0.564079 0.472580 0.564079 0.471903 0.569495 0.467840 0.570397 0.467840 0.578520 0.461747 0.578520 0.461070 0.580325 0.459716 0.580325 0.458362 0.581227 0.457684 0.581227 0.454299 0.580325 0.453622 0.580325 0.452268 0.578520 0.450914 0.578520 0.450237 0.577617 0.449560 0.577617 0.448206 0.575812 0.446852 0.575812 0.446175 0.574910 0.445498 0.574910 0.444821 0.573105 0.443466 0.573105 0.442789 0.572202 0.442112 0.572202 0.439404 0.571300 0.438727 0.571300 0.423155 0.572202 0.422478 0.572202 0.416385 0.573105 0.415708 0.573105 0.413676 0.574007 0.412999 0.574007 0.412322 0.574910 0.411645 0.574910 0.410968 0.575812 0.410291 0.575812 0.409614 0.577617 0.408260 0.577617 0.406906 0.578520 0.406229 0.578520 0.404875 0.579422 0.404198 0.579422 0.402844 0.581227 0.401490 0.581227 0.400812 0.582130 0.400135 0.582130 0.399458 0.585740 0.396750 0.585740 0.396073 0.586643 0.395396 0.586643 0.394719 0.587545 0.394042 0.587545 0.393365 0.588448 0.392688 0.588448 0.392011 0.589350 0.391334 0.589350 0.390657 0.590253 0.389980 0.590253 0.389303 0.592058 0.387949 0.592058 0.387271 0.593863 0.385917 0.593863 0.385240 0.597473 0.382532 0.597473 0.381855 0.599278 0.380501 0.599278 0.379824 0.600181 0.379147 0.600181 0.378470 0.601083 0.377793 0.601083 0.377116 0.601986 0.376439 0.601083 0.375762 0.601083 0.374408 0.600181 0.373731 0.600181 0.372376 0.599278 0.371699 0.599278 0.370345 0.598375 0.369668 0.598375 0.367637 0.597473 0.366960 0.597473 0.366283 0.596570 0.365606 0.596570 0.364929 0.594765 0.363575 0.594765 0.362898 0.593863 0.362221 0.593863 0.360867 0.592960 0.360190 0.592960 0.359513 0.592058 0.358835 0.592058 0.358158 0.591155 0.357481 0.591155 0.356804 0.590253 0.356127 0.590253 0.354096 0.589350 0.353419 0.589350 0.351388 0.588448 0.350711 0.588448 0.349357 0.587545 0.348680 0.587545 0.343940 0.586643 0.343263 0.586643 0.335816 0.585740 0.335139 0.585740 0.331754 0.582130 0.329045 0.581227 0.329045 0.580325 0.328368 0.580325 0.327691 0.578520 0.326337 0.578520 0.325660 0.577617 0.324983 0.577617 0.324306 0.576715 0.323629 0.575812 0.323629 0.571300 0.320244 0.571300 0.319567 0.570397 0.318890 0.569495 0.318890 0.566787 0.316858 0.565884 0.316858 0.562274 0.314150 0.561372 0.314150 0.560469 0.313473 0.560469 0.312796 0.558664 0.311442 0.558664 0.310765
0 0.898014 0.205823 0.897112 0.206500 0.898014 0.207177 0.898014 0.207854 0.899819 0.209208 0.900722 0.209208 0.900722 0.205823
0 0.898917 0.194990 0.898014 0.195667 0.898014 0.196344 0.900722 0.196344 0.900722 0.194990
0 0.890794 0.188219 0.888989 0.189573 0.888087 0.189573 0.888087 0.190928 0.887184 0.191605 0.887184 0.192282 0.886282 0.192959 0.884477 0.191605 0.882671 0.191605 0.882671 0.192282 0.879964 0.194313 0.879061 0.194313 0.877256 0.195667 0.874549 0.195667 0.873646 0.194990 0.872744 0.194990 0.871841 0.195667 0.871841 0.198375 0.870939 0.199052 0.875451 0.202437 0.875451 0.203791 0.872744 0.205823 0.870036 0.205823 0.870036 0.206500 0.870939 0.206500 0.872744 0.207854 0.872744 0.209208 0.874549 0.207854 0.876354 0.207854 0.878159 0.206500 0.878159 0.205823 0.879964 0.204469 0.880866 0.204469 0.883574 0.202437 0.884477 0.202437 0.885379 0.201760 0.886282 0.201760 0.888989 0.199729 0.888989 0.199052 0.890794 0.197698 0.891697 0.198375 0.895307 0.198375 0.896209 0.199052 0.897112 0.199052 0.897112 0.197698 0.896209 0.197021 0.896209 0.194990 0.894404 0.193636 0.893502 0.193636 0.892599 0.192959 0.892599 0.190928 0.893502 0.190251 0.893502 0.189573 0.894404 0.188896 0.893502 0.188219
0 0.833032 0.184157 0.831227 0.185511 0.831227 0.187542 0.830325 0.188219 0.830325 0.189573 0.833935 0.192282 0.833935 0.193636 0.833032 0.194313 0.833032 0.195667 0.830325 0.197698 0.828520 0.197698 0.827617 0.198375 0.826715 0.198375 0.825812 0.199052 0.824910 0.199052 0.824910 0.199729 0.824007 0.200406 0.823105 0.200406 0.821300 0.201760 0.821300 0.202437 0.816787 0.205823 0.816787 0.206500 0.815884 0.207177 0.814982 0.207177 0.813177 0.208531 0.808664 0.208531 0.807762 0.209208 0.807762 0.210562 0.809567 0.211916 0.809567 0.213270 0.808664 0.213947 0.807762 0.213947 0.806859 0.214624 0.805957 0.213947 0.804152 0.213947 0.803249 0.213270 0.803249 0.210562 0.798736 0.210562 0.796931 0.209208 0.796931 0.208531 0.795126 0.207177 0.795126 0.205146 0.796029 0.204469 0.796931 0.204469 0.797834 0.203791 0.799639 0.203791 0.800542 0.203114 0.801444 0.203114 0.801444 0.202437 0.800542 0.201760 0.800542 0.200406 0.799639 0.199729 0.799639 0.198375 0.798736 0.199052 0.797834 0.199052 0.796931 0.199729 0.795126 0.198375 0.795126 0.197698 0.794224 0.197021 0.794224 0.196344 0.793321 0.195667 0.793321 0.193636 0.792419 0.192959 0.790614 0.192959 0.789711 0.192282 0.787906 0.192282 0.787004 0.191605 0.786101 0.191605 0.786101 0.192282 0.785199 0.192959 0.785199 0.194313 0.783394 0.195667 0.782491 0.195667 0.780686 0.197021 0.779783 0.197021 0.778881 0.197698 0.774368 0.197698 0.773466 0.198375 0.772563 0.198375 0.771661 0.199052 0.770758 0.199052 0.768953 0.200406 0.768051 0.200406 0.767148 0.201083 0.767148 0.201760 0.763538 0.204469 0.762635 0.204469 0.759025 0.207177 0.759025 0.207854 0.757220 0.209208 0.757220 0.213270 0.758123 0.213947 0.758123 0.214624 0.759928 0.215978 0.759928 0.216655 0.761733 0.218009 0.762635 0.218009 0.764440 0.219364 0.764440 0.220041 0.765343 0.220718 0.767148 0.220718 0.768051 0.221395 0.768953 0.221395 0.769856 0.222072 0.771661 0.222072 0.774368 0.224103 0.774368 0.226811 0.775271 0.227488 0.775271 0.230196 0.777978 0.232227 0.777978 0.232905 0.778881 0.233582 0.778881 0.234259 0.780686 0.235613 0.780686 0.236290 0.781588 0.236967 0.781588 0.237644 0.782491 0.238321 0.782491 0.238998 0.784296 0.240352 0.784296 0.241029 0.785199 0.241706 0.785199 0.242383 0.786101 0.243060 0.786101 0.243737 0.787004 0.244414 0.787004 0.245091 0.788809 0.246445 0.788809 0.247800 0.789711 0.248477 0.789711 0.249154 0.790614 0.249831 0.790614 0.250508 0.791516 0.251185 0.791516 0.251862 0.792419 0.252539 0.792419 0.253216 0.793321 0.253893 0.793321 0.254570 0.795126 0.255924 0.795126 0.256601 0.796029 0.257278 0.796029 0.257955 0.796931 0.258632 0.796931 0.259309 0.797834 0.259986 0.797834 0.260664 0.798736 0.261341 0.798736 0.262695 0.799639 0.263372 0.799639 0.264049 0.800542 0.264726 0.800542 0.265403 0.801444 0.266080 0.801444 0.266757 0.802347 0.267434 0.802347 0.268111 0.803249 0.268788 0.803249 0.269465 0.804152 0.270142 0.804152 0.271496 0.805054 0.272173 0.805054 0.272850 0.805957 0.273527 0.805957 0.274204 0.806859 0.274882 0.806859 0.278267 0.807762 0.278944 0.807762 0.280298 0.808664 0.280975 0.808664 0.285714 0.809567 0.286391 0.809567 0.293839 0.810469 0.294516 0.810469 0.302640 0.809567 0.303318 0.809567 0.305349 0.810469 0.306026 0.810469 0.312796 0.811372 0.313473 0.811372 0.316181 0.810469 0.316858 0.811372 0.317536 0.811372 0.318213 0.813177 0.319567 0.813177 0.320244 0.814079 0.320921 0.814982 0.320921 0.815884 0.320244 0.816787 0.320244 0.818592 0.318890 0.820397 0.318890 0.822202 0.317536 0.822202 0.316858 0.824007 0.315504 0.824007 0.314827 0.824910 0.314150 0.824910 0.312796 0.826715 0.311442 0.827617 0.311442 0.827617 0.310088 0.828520 0.309411 0.828520 0.308734 0.829422 0.308057 0.829422 0.307380 0.830325 0.306703 0.830325 0.306026 0.831227 0.305349 0.831227 0.303318 0.832130 0.302640 0.832130 0.300609 0.833032 0.299932 0.833032 0.299255 0.834838 0.297901 0.834838 0.297224 0.835740 0.296547 0.835740 0.295193 0.837545 0.293839 0.837545 0.293162 0.838448 0.292485 0.838448 0.291131 0.841155 0.289100 0.841155 0.287745 0.842960 0.286391 0.842960 0.285037 0.843863 0.284360 0.843863 0.283683 0.846570 0.281652 0.847473 0.281652 0.849278 0.280298 0.850181 0.280298 0.851083 0.279621 0.851986 0.279621 0.851986 0.275559 0.852888 0.274882 0.852888 0.272173 0.853791 0.271496 0.853791 0.266757 0.854693 0.266080 0.854693 0.264726 0.855596 0.264049 0.855596 0.263372 0.856498 0.262695 0.856498 0.262018 0.857401 0.261341 0.857401 0.259986 0.858303 0.259309 0.858303 0.258632 0.859206 0.257955 0.859206 0.257278 0.861011 0.255924 0.861011 0.255247 0.862816 0.253893 0.862816 0.253216 0.863718 0.252539 0.863718 0.251862 0.864621 0.251185 0.864621 0.250508 0.865523 0.249831 0.865523 0.249154 0.866426 0.248477 0.866426 0.247800 0.868231 0.246445 0.868231 0.245768 0.869134 0.245091 0.869134 0.244414 0.870036 0.243737 0.870036 0.243060 0.870939 0.242383 0.870939 0.241706 0.871841 0.241029 0.871841 0.240352 0.872744 0.239675 0.872744 0.238998 0.874549 0.237644 0.874549 0.236967 0.875451 0.236290 0.875451 0.234936 0.876354 0.234259 0.876354 0.233582 0.877256 0.232905 0.877256 0.230873 0.878159 0.230196 0.878159 0.223426 0.877256 0.222749 0.877256 0.222072 0.876354 0.221395 0.876354 0.220718 0.875451 0.220041 0.875451 0.218009 0.874549 0.217332 0.874549 0.215301 0.877256 0.213270 0.876354 0.212593 0.874549 0.212593 0.872744 0.211239 0.870939 0.212593 0.868231 0.212593 0.866426 0.213947 0.861011 0.213947 0.860108 0.213270 0.861011 0.212593 0.861011 0.211916 0.861913 0.211239 0.866426 0.211239 0.866426 0.209208 0.864621 0.207854 0.864621 0.205146 0.867329 0.203114 0.866426 0.202437 0.866426 0.201760 0.863718 0.199729 0.863718 0.199052 0.862816 0.198375 0.861913 0.198375 0.861011 0.199052 0.861011 0.199729 0.859206 0.201083 0.856498 0.201083 0.855596 0.200406 0.854693 0.201083 0.854693 0.201760 0.851986 0.203791 0.851083 0.203791 0.849278 0.202437 0.849278 0.201760 0.848375 0.201083 0.848375 0.199052 0.847473 0.198375 0.847473 0.197698 0.846570 0.197021 0.846570 0.196344 0.845668 0.195667 0.845668 0.194990 0.846570 0.194313 0.846570 0.192959 0.847473 0.192282 0.848375 0.192282 0.848375 0.190928 0.846570 0.192282 0.842960 0.192282 0.841155 0.190928 0.841155 0.184834 0.841155 0.186188 0.838448 0.188219 0.836643 0.186865 0.836643 0.185511 0.834838 0.184157
0 0.791516 0.184157 0.790614 0.184834 0.790614 0.185511 0.792419 0.186865 0.793321 0.186865 0.794224 0.186188 0.794224 0.184834 0.793321 0.184157
0 0.816787 0.181449 0.815884 0.182126 0.817690 0.182126
0 0.866426 0.161137 0.866426 0.161814 0.865523 0.162492 0.865523 0.167908 0.866426 0.167908 0.868231 0.166554 0.869134 0.166554 0.870036 0.165877 0.870036 0.163169 0.869134 0.162492 0.868231 0.162492
0 0.865523 0.153690 0.864621 0.154367 0.866426 0.155721 0.868231 0.154367 0.867329 0.153690
0 0.793321 0.143534 0.792419 0.144211 0.792419 0.145565 0.791516 0.146242 0.790614 0.146242 0.789711 0.146919 0.787906 0.146919 0.787906 0.147596 0.789711 0.148951 0.793321 0.148951 0.794224 0.148274 0.796029 0.148274 0.796931 0.147596 0.796931 0.146919 0.796029 0.146242 0.795126 0.146242 0.794224 0.145565 0.794224 0.144888 0.793321 0.144211
0 0.888989 0.138118 0.888087 0.138795 0.886282 0.138795 0.885379 0.139472 0.884477 0.139472 0.882671 0.140826 0.880866 0.140826 0.879964 0.141503 0.877256 0.141503 0.876354 0.142180 0.875451 0.142180 0.870939 0.145565 0.870939 0.146919 0.870036 0.147596 0.870036 0.153013 0.870939 0.153690 0.870939 0.155721 0.871841 0.156398 0.872744 0.156398 0.873646 0.157075 0.873646 0.157752 0.874549 0.158429 0.874549 0.159106 0.875451 0.159783 0.876354 0.159783 0.880866 0.163169 0.880866 0.163846 0.881769 0.164523 0.881769 0.167231 0.883574 0.168585 0.883574 0.169939 0.884477 0.170616 0.886282 0.170616 0.888087 0.171970 0.888087 0.172647 0.886282 0.174001 0.883574 0.174001 0.882671 0.174678 0.880866 0.174678 0.879964 0.175355 0.889892 0.175355 0.891697 0.176710 0.891697 0.177387 0.892599 0.177387 0.893502 0.178064 0.893502 0.179418 0.892599 0.180095 0.892599 0.182126 0.893502 0.182803 0.896209 0.182803 0.897112 0.182126 0.898014 0.182803 0.899819 0.182803 0.900722 0.183480 0.904332 0.183480 0.906137 0.182126 0.907040 0.182126 0.905235 0.182126 0.904332 0.181449 0.904332 0.180772 0.903430 0.180095 0.902527 0.180095 0.901625 0.180772 0.900722 0.180772 0.898917 0.179418 0.898917 0.178741 0.900722 0.177387 0.903430 0.177387 0.903430 0.175355 0.904332 0.174678 0.904332 0.172647 0.905235 0.171970 0.905235 0.169939 0.906137 0.169262 0.906137 0.168585 0.907040 0.167908 0.907040 0.166554 0.907942 0.165877 0.907942 0.165200 0.908845 0.164523 0.908845 0.157075 0.907942 0.156398 0.907942 0.155721 0.907040 0.155044 0.907040 0.151659 0.906137 0.150982 0.906137 0.146919 0.903430 0.144888 0.903430 0.144211 0.902527 0.143534 0.902527 0.142857 0.901625 0.142180 0.901625 0.141503 0.900722 0.141503 0.897112 0.138795 0.893502 0.138795 0.892599 0.138118
0 0.841155 0.129316 0.841155 0.131347 0.842058 0.132024 0.842960 0.131347 0.842960 0.129993 0.842058 0.129316
0 0.898917 0.123223 0.900722 0.124577 0.900722 0.123223
0 0.577617 0.109005 0.575812 0.110359 0.574910 0.110359 0.573105 0.111713 0.573105 0.113067 0.574007 0.113744 0.577617 0.113744 0.578520 0.113067 0.579422 0.113067 0.580325 0.112390 0.579422 0.111713 0.579422 0.111036 0.578520 0.110359 0.578520 0.109682
0 0.837545 0.098172 0.837545 0.098849 0.838448 0.099526 0.838448 0.098172
0 0.844765 0.097495 0.843863 0.098172 0.843863 0.099526 0.844765 0.100203 0.846570 0.098849 0.846570 0.098172 0.845668 0.097495
0 0.556859 0.093433 0.555957 0.094110 0.555054 0.094110 0.555054 0.095464 0.556859 0.096818 0.557762 0.096141 0.557762 0.094787 0.556859 0.094110
0 0.827617 0.082600 0.827617 0.083277 0.826715 0.083954 0.826715 0.085308 0.827617 0.085985 0.827617 0.086662 0.831227 0.089370 0.831227 0.090047 0.831227 0.088693 0.832130 0.088016 0.832130 0.084631 0.831227 0.083954 0.831227 0.083277 0.828520 0.083277
0 0.563177 0.081246 0.563177 0.084631 0.564079 0.085308 0.565884 0.085308 0.566787 0.084631 0.564982 0.083277 0.564982 0.082600 0.564079 0.081923 0.564079 0.081246
0 0.580325 0.078538 0.579422 0.079215 0.579422 0.079892 0.578520 0.080569 0.578520 0.081246 0.579422 0.081923 0.579422 0.082600 0.580325 0.083277 0.580325 0.085308 0.581227 0.085985 0.583032 0.084631 0.583032 0.083954 0.584838 0.082600 0.584838 0.079892 0.583935 0.079215 0.583032 0.079215 0.582130 0.078538
0 0.824007 0.077183 0.824007 0.077861 0.824910 0.078538 0.827617 0.078538 0.828520 0.077861 0.827617 0.077183
0 0.569495 0.073798 0.569495 0.075829 0.568592 0.076506 0.568592 0.077861 0.569495 0.078538 0.569495 0.081246 0.570397 0.081923 0.570397 0.082600 0.571300 0.081923 0.571300 0.080569 0.574007 0.078538 0.575812 0.078538 0.576715 0.077861 0.571300 0.073798
0 0.830325 0.069736 0.830325 0.071767 0.831227 0.072444 0.833032 0.072444 0.835740 0.074475 0.835740 0.075152 0.836643 0.075829 0.836643 0.077183 0.837545 0.077861 0.837545 0.078538 0.836643 0.079215 0.836643 0.082600 0.837545 0.083277 0.837545 0.085308 0.842058 0.088693 0.842960 0.088693 0.844765 0.090047 0.844765 0.090724 0.846570 0.090724 0.847473 0.090047 0.848375 0.090047 0.849278 0.090724 0.849278 0.092079 0.850181 0.092756 0.850181 0.093433 0.852888 0.095464 0.852888 0.098849 0.856498 0.101557 0.856498 0.106297 0.857401 0.106974 0.857401 0.107651 0.858303 0.108328 0.858303 0.109005 0.859206 0.109682 0.860108 0.109005 0.861913 0.109005 0.863718 0.110359 0.864621 0.110359 0.865523 0.111036 0.866426 0.111036 0.867329 0.111713 0.871841 0.111713 0.875451 0.114421 0.876354 0.114421 0.877256 0.115098 0.879964 0.115098 0.880866 0.115775 0.881769 0.115775 0.882671 0.116452 0.882671 0.117129 0.881769 0.117806 0.881769 0.119160 0.882671 0.119838 0.883574 0.119838 0.884477 0.119160 0.885379 0.119160 0.886282 0.118483 0.889892 0.118483 0.890794 0.119160 0.891697 0.119160 0.892599 0.119838 0.892599 0.123223 0.895307 0.123223 0.896209 0.122546 0.896209 0.121869 0.895307 0.121192 0.895307 0.119838 0.896209 0.119160 0.897112 0.119160 0.897112 0.117129 0.898014 0.116452 0.898014 0.115775 0.897112 0.115098 0.897112 0.113744 0.896209 0.113067 0.896209 0.112390 0.895307 0.111713 0.895307 0.111036 0.894404 0.110359 0.894404 0.109682 0.893502 0.109005 0.893502 0.108328 0.891697 0.106974 0.891697 0.106297 0.888989 0.104265 0.888989 0.103588 0.887184 0.102234 0.887184 0.101557 0.884477 0.099526 0.884477 0.098849 0.872744 0.090047 0.871841 0.090047 0.870036 0.088693 0.870036 0.088016 0.869134 0.088016 0.868231 0.087339 0.867329 0.087339 0.862816 0.083954 0.861913 0.083954 0.861011 0.083277 0.860108 0.083277 0.859206 0.082600 0.858303 0.082600 0.856498 0.081246 0.854693 0.081246 0.853791 0.080569 0.850181 0.080569 0.845668 0.077183 0.845668 0.076506 0.844765 0.075829 0.843863 0.075829 0.841155 0.073798 0.836643 0.073798 0.834838 0.072444 0.834838 0.071090 0.833935 0.070413 0.833032 0.070413 0.832130 0.069736
0 0.753610 0.053487 0.754513 0.054164 0.754513 0.056872 0.755415 0.056872 0.755415 0.055518 0.758123 0.053487
0 0.737365 0.052810 0.734657 0.054841 0.733755 0.054841 0.733755 0.055518 0.732852 0.056195 0.732852 0.056872 0.731047 0.058226 0.728339 0.058226 0.727437 0.057549 0.725632 0.057549 0.724729 0.058226 0.722022 0.058226 0.721119 0.057549 0.720217 0.057549 0.719314 0.058226 0.715704 0.058226 0.714801 0.058903 0.704874 0.058903 0.703971 0.059580 0.703069 0.059580 0.702166 0.060257 0.701264 0.060257 0.700361 0.060934 0.699458 0.060934 0.698556 0.061611 0.695848 0.061611 0.694043 0.062965 0.694043 0.063643 0.693141 0.064320 0.692238 0.064320 0.691336 0.064997 0.687726 0.064997 0.686823 0.065674 0.685018 0.065674 0.684116 0.066351 0.683213 0.066351 0.682310 0.067028 0.681408 0.067028 0.680505 0.067705 0.679603 0.067705 0.678700 0.068382 0.676895 0.068382 0.675993 0.069059 0.674188 0.069059 0.673285 0.069736 0.672383 0.069736 0.670578 0.071090 0.669675 0.071090 0.668773 0.071767 0.667870 0.071767 0.666968 0.072444 0.665162 0.072444 0.663357 0.073798 0.662455 0.073798 0.660650 0.075152 0.659747 0.075152 0.658845 0.075829 0.657942 0.075829 0.657040 0.076506 0.655235 0.076506 0.652527 0.078538 0.650722 0.078538 0.649819 0.079215 0.647112 0.079215 0.646209 0.079892 0.645307 0.079892 0.644404 0.080569 0.643502 0.080569 0.641697 0.081923 0.641697 0.082600 0.640794 0.083277 0.640794 0.083954 0.639892 0.084631 0.637184 0.084631 0.636282 0.085308 0.635379 0.085308 0.633574 0.086662 0.632671 0.086662 0.631769 0.085985 0.629964 0.085985 0.629061 0.085308 0.628159 0.085308 0.626354 0.083954 0.623646 0.085985 0.623646 0.087339 0.622744 0.088016 0.622744 0.090047 0.621841 0.090724 0.621841 0.092756 0.620939 0.093433 0.620939 0.094110 0.619134 0.095464 0.615523 0.095464 0.620939 0.095464 0.621841 0.096141 0.622744 0.096141 0.623646 0.096818 0.625451 0.096818 0.626354 0.097495 0.635379 0.097495 0.636282 0.098172 0.640794 0.098172 0.641697 0.098849 0.642599 0.098849 0.643502 0.099526 0.644404 0.099526 0.645307 0.100203 0.646209 0.100203 0.647112 0.100880 0.648014 0.100880 0.648917 0.100203 0.651625 0.100203 0.653430 0.101557 0.658845 0.101557 0.659747 0.102234 0.659747 0.103588 0.657040 0.105619 0.658845 0.105619 0.658845 0.104942 0.659747 0.104265 0.662455 0.104265 0.663357 0.104942 0.664260 0.104942 0.665162 0.104265 0.666065 0.104265 0.666968 0.103588 0.667870 0.103588 0.672383 0.106974 0.673285 0.106974 0.675090 0.108328 0.675090 0.107651 0.676895 0.106297 0.677798 0.106297 0.678700 0.105619 0.678700 0.103588 0.680505 0.102234 0.682310 0.102234 0.683213 0.101557 0.685018 0.101557 0.685921 0.102234 0.684116 0.103588 0.684116 0.105619 0.685018 0.106297 0.686823 0.106297 0.687726 0.105619 0.688628 0.105619 0.689531 0.104942 0.689531 0.104265 0.690433 0.103588 0.690433 0.102911 0.692238 0.101557 0.694043 0.101557 0.694946 0.100880 0.696751 0.100880 0.697653 0.100203 0.698556 0.100203 0.699458 0.099526 0.700361 0.099526 0.702166 0.098172 0.714801 0.098172 0.715704 0.098849 0.717509 0.098849 0.720217 0.096818 0.721119 0.096818 0.722022 0.096141 0.733755 0.096141 0.734657 0.096818 0.737365 0.096818 0.738267 0.096141 0.739170 0.096141 0.739170 0.095464 0.740975 0.094110 0.741877 0.094787 0.742780 0.094787 0.743682 0.095464 0.744585 0.095464 0.745487 0.094787 0.746390 0.094787 0.747292 0.094110 0.748195 0.094110 0.749097 0.094787 0.749097 0.095464 0.750000 0.096141 0.751805 0.096141 0.751805 0.095464 0.752708 0.094787 0.752708 0.093433 0.754513 0.092079 0.755415 0.092079 0.756318 0.091401 0.757220 0.091401 0.758123 0.090724 0.759025 0.091401 0.762635 0.091401 0.760830 0.090047 0.760830 0.088693 0.762635 0.087339 0.767148 0.087339 0.768051 0.086662 0.768953 0.086662 0.770758 0.085308 0.770758 0.084631 0.773466 0.082600 0.773466 0.081923 0.774368 0.081246 0.774368 0.080569 0.773466 0.079892 0.773466 0.077183 0.772563 0.076506 0.772563 0.074475 0.771661 0.073798 0.771661 0.073121 0.767148 0.069736 0.766245 0.069736 0.764440 0.068382 0.763538 0.068382 0.762635 0.067705 0.761733 0.067705 0.760830 0.067028 0.760830 0.066351 0.758123 0.064320 0.757220 0.064320 0.756318 0.063643 0.756318 0.062965 0.755415 0.062965 0.754513 0.062288 0.752708 0.062288 0.751805 0.061611 0.750000 0.061611 0.749097 0.060934 0.747292 0.060934 0.746390 0.060257 0.746390 0.059580 0.745487 0.059580 0.738267 0.054164 0.738267 0.053487
0 0.386282 0.023697 0.385379 0.024374 0.375451 0.024374 0.374549 0.025051 0.369134 0.025051 0.368231 0.025728 0.364621 0.025728 0.363718 0.026405 0.361913 0.026405 0.361011 0.027082 0.359206 0.027082 0.357401 0.028436 0.356498 0.028436 0.355596 0.029113 0.353791 0.029113 0.352888 0.029790 0.351986 0.029790 0.350181 0.031144 0.348375 0.031144 0.347473 0.031821 0.345668 0.031821 0.344765 0.032498 0.342058 0.032498 0.341155 0.033175 0.340253 0.033175 0.339350 0.033852 0.338448 0.033852 0.333032 0.037915 0.332130 0.037915 0.331227 0.038592 0.330325 0.038592 0.329422 0.039269 0.328520 0.039269 0.327617 0.039946 0.326715 0.039946 0.320397 0.044685 0.319495 0.044685 0.318592 0.045362 0.317690 0.045362 0.310469 0.050779 0.310469 0.051456 0.309567 0.052133 0.309567 0.052810 0.308664 0.053487 0.307762 0.053487 0.306859 0.054164 0.306859 0.054841 0.304152 0.056872 0.304152 0.057549 0.302347 0.058903 0.302347 0.059580 0.299639 0.061611 0.299639 0.062288 0.298736 0.062965 0.298736 0.063643 0.296931 0.064997 0.296931 0.065674 0.296029 0.066351 0.296029 0.067028 0.295126 0.067705 0.295126 0.068382 0.293321 0.069736 0.293321 0.070413 0.292419 0.071090 0.292419 0.072444 0.290614 0.073798 0.290614 0.074475 0.289711 0.075152 0.289711 0.076506 0.288809 0.077183 0.288809 0.078538 0.287906 0.079215 0.287906 0.079892 0.287004 0.080569 0.287004 0.081246 0.286101 0.081923 0.286101 0.083277 0.285199 0.083954 0.285199 0.085308 0.284296 0.085985 0.284296 0.087339 0.283394 0.088016 0.283394 0.089370 0.282491 0.090047 0.282491 0.092079 0.281588 0.092756 0.281588 0.094787 0.280686 0.095464 0.280686 0.098849 0.279783 0.099526 0.279783 0.101557 0.278881 0.102234 0.278881 0.109682 0.277978 0.110359 0.277978 0.119160 0.278881 0.119838 0.278881 0.128639 0.279783 0.129316 0.279783 0.130670 0.280686 0.131347 0.280686 0.133378 0.281588 0.134056 0.281588 0.135410 0.282491 0.136087 0.282491 0.138118 0.283394 0.138795 0.283394 0.140149 0.284296 0.140826 0.284296 0.144211 0.285199 0.144888 0.285199 0.146919 0.286101 0.147596 0.286101 0.148951 0.287004 0.149628 0.287004 0.150305 0.287906 0.150982 0.287906 0.151659 0.288809 0.152336 0.288809 0.153690 0.289711 0.154367 0.289711 0.155721 0.290614 0.156398 0.290614 0.157752 0.292419 0.159106 0.292419 0.160460 0.294224 0.161814 0.294224 0.162492 0.295126 0.163169 0.295126 0.163846 0.296029 0.164523 0.296029 0.165200 0.298736 0.167231 0.298736 0.167908 0.299639 0.168585 0.299639 0.169262 0.301444 0.170616 0.301444 0.171293 0.305054 0.174001 0.305054 0.174678 0.305957 0.175355 0.305957 0.176032 0.311372 0.180095 0.312274 0.180095 0.317690 0.184157 0.318592 0.184157 0.323105 0.187542 0.323105 0.188219 0.324007 0.188896 0.324007 0.189573 0.325812 0.190928 0.325812 0.197698 0.324910 0.198375 0.324910 0.207854 0.324007 0.208531 0.324007 0.213947 0.324910 0.214624 0.324910 0.217332 0.325812 0.218009 0.325812 0.220041 0.327617 0.221395 0.327617 0.222072 0.328520 0.222072 0.330325 0.223426 0.332130 0.223426 0.333032 0.224103 0.339350 0.224103 0.340253 0.223426 0.342058 0.223426 0.342960 0.222749 0.343863 0.222749 0.344765 0.222072 0.345668 0.222072 0.346570 0.221395 0.347473 0.221395 0.351083 0.218687 0.351986 0.218687 0.357401 0.214624 0.358303 0.214624 0.359206 0.213947 0.359206 0.213270 0.368231 0.206500 0.368231 0.205146 0.369134 0.204469 0.369134 0.203791 0.370939 0.202437 0.370939 0.201760 0.371841 0.201083 0.371841 0.200406 0.372744 0.199729 0.374549 0.199729 0.375451 0.200406 0.378159 0.200406 0.379061 0.199729 0.379964 0.199729 0.380866 0.200406 0.381769 0.200406 0.382671 0.201083 0.384477 0.201083 0.385379 0.200406 0.387184 0.200406 0.388087 0.201083 0.388989 0.201083 0.390794 0.202437 0.391697 0.202437 0.393502 0.203791 0.394404 0.203791 0.395307 0.204469 0.396209 0.204469 0.397112 0.205146 0.399819 0.205146 0.405235 0.209208 0.406137 0.209208 0.407040 0.209885 0.407942 0.209885 0.408845 0.210562 0.408845 0.211239 0.411552 0.213270 0.412455 0.213270 0.413357 0.213947 0.414260 0.213947 0.415162 0.214624 0.416065 0.214624 0.416968 0.215301 0.417870 0.215301 0.420578 0.217332 0.421480 0.217332 0.422383 0.218009 0.424188 0.218009 0.425090 0.218687 0.432310 0.218687 0.433213 0.218009 0.442238 0.218009 0.443141 0.218687 0.450361 0.218687 0.451264 0.219364 0.469314 0.219364 0.470217 0.218687 0.472924 0.218687 0.473827 0.218009 0.474729 0.218009 0.475632 0.217332 0.475632 0.216655 0.479242 0.213947 0.479242 0.213270 0.483755 0.209885 0.484657 0.209885 0.485560 0.209208 0.487365 0.209208 0.488267 0.209885 0.489170 0.209885 0.491877 0.211916 0.491877 0.212593 0.493682 0.213947 0.493682 0.214624 0.495487 0.215978 0.495487 0.218009 0.496390 0.218687 0.496390 0.220041 0.497292 0.220718 0.497292 0.222072 0.498195 0.222749 0.498195 0.224103 0.499097 0.224780 0.499097 0.230873 0.500000 0.231550 0.500000 0.238998 0.499097 0.239675 0.499097 0.245091 0.498195 0.245768 0.498195 0.246445 0.497292 0.247123 0.497292 0.247800 0.496390 0.248477 0.496390 0.249831 0.495487 0.250508 0.495487 0.251862 0.493682 0.253216 0.493682 0.253893 0.492780 0.254570 0.492780 0.255924 0.491877 0.256601 0.491877 0.257955 0.490975 0.258632 0.490975 0.259986 0.490072 0.260664 0.490072 0.262695 0.489170 0.263372 0.489170 0.265403 0.488267 0.266080 0.488267 0.268111 0.487365 0.268788 0.487365 0.269465 0.486462 0.270142 0.486462 0.271496 0.485560 0.272173 0.485560 0.272850 0.484657 0.273527 0.484657 0.274204 0.483755 0.274882 0.483755 0.275559 0.482852 0.276236 0.482852 0.277590 0.481949 0.278267 0.481949 0.278944 0.481047 0.279621 0.481047 0.280298 0.480144 0.280975 0.480144 0.281652 0.479242 0.282329 0.479242 0.283683 0.478339 0.284360 0.478339 0.287068 0.477437 0.287745 0.477437 0.288422 0.476534 0.289100 0.476534 0.289777 0.475632 0.290454 0.475632 0.291131 0.474729 0.291808 0.474729 0.293162 0.472924 0.294516 0.472924 0.295193 0.472022 0.295870 0.472022 0.297224 0.471119 0.297901 0.471119 0.299932 0.468412 0.301963 0.468412 0.302640 0.467509 0.303318 0.467509 0.303995 0.459386 0.310088 0.459386 0.310765 0.457581 0.312119 0.457581 0.312796 0.456679 0.313473 0.456679 0.314150 0.455776 0.314827 0.455776 0.315504 0.454874 0.316181 0.454874 0.318213 0.453971 0.318890 0.453971 0.321598 0.453069 0.322275 0.453069 0.323629 0.452166 0.324306 0.452166 0.324983 0.451264 0.325660 0.451264 0.326337 0.450361 0.327014 0.450361 0.327691 0.449458 0.328368 0.449458 0.329045 0.448556 0.329722 0.448556 0.330399 0.447653 0.331077 0.447653 0.331754 0.445848 0.333108 0.445848 0.333785 0.444946 0.334462 0.444946 0.335139 0.444043 0.335816 0.444043 0.336493 0.438628 0.340555 0.437726 0.340555 0.430505 0.345972 0.430505 0.346649 0.429603 0.347326 0.429603 0.348003 0.426895 0.350034 0.425090 0.350034 0.417870 0.355450 0.416968 0.355450 0.416065 0.356127 0.414260 0.356127 0.413357 0.356804 0.409747 0.356804 0.408845 0.357481 0.407040 0.357481 0.406137 0.358158 0.404332 0.358158 0.403430 0.358835 0.402527 0.358835 0.402527 0.359513 0.401625 0.360190 0.401625 0.360867 0.400722 0.361544 0.400722 0.364252 0.401625 0.364929 0.401625 0.366283 0.402527 0.366960 0.402527 0.368314 0.403430 0.368991 0.403430 0.369668 0.404332 0.370345 0.406137 0.370345 0.407040 0.369668 0.408845 0.369668 0.409747 0.368991 0.411552 0.368991 0.412455 0.368314 0.414260 0.368314 0.415162 0.367637 0.417870 0.367637 0.418773 0.366960 0.419675 0.366960 0.420578 0.366283 0.425090 0.366283 0.425993 0.365606 0.428700 0.365606 0.429603 0.364929 0.435921 0.364929 0.436823 0.365606 0.439531 0.365606 0.440433 0.366283 0.441336 0.366283 0.442238 0.366960 0.443141 0.366960 0.444043 0.367637 0.444946 0.367637 0.446751 0.368991 0.446751 0.371022 0.447653 0.371699 0.447653 0.376439 0.448556 0.377116 0.448556 0.377793 0.449458 0.378470 0.451264 0.378470 0.452166 0.379147 0.454874 0.377116 0.455776 0.377116 0.459386 0.374408 0.459386 0.373731 0.460289 0.373053 0.460289 0.372376 0.468412 0.366283 0.468412 0.365606 0.472022 0.362898 0.472022 0.362221 0.472924 0.361544 0.472924 0.360867 0.473827 0.360190 0.473827 0.358835 0.474729 0.358158 0.474729 0.356804 0.475632 0.356127 0.475632 0.354773 0.476534 0.354096 0.476534 0.352742 0.477437 0.352065 0.477437 0.351388 0.478339 0.350711 0.478339 0.350034 0.479242 0.349357 0.479242 0.348680 0.480144 0.348003 0.480144 0.347326 0.481047 0.346649 0.481047 0.345972 0.481949 0.345295 0.481949 0.343940 0.484657 0.341909 0.484657 0.341232 0.485560 0.340555 0.486462 0.340555 0.489170 0.338524 0.489170 0.337847 0.490072 0.337170 0.490975 0.337170 0.504513 0.327014 0.504513 0.326337 0.505415 0.325660 0.505415 0.324306 0.506318 0.323629 0.506318 0.322275 0.507220 0.321598 0.507220 0.318213 0.508123 0.317536 0.508123 0.316858 0.509025 0.316181 0.509025 0.315504 0.509928 0.314827 0.509928 0.314150 0.513538 0.311442 0.514440 0.311442 0.516245 0.310088 0.516245 0.308734 0.517148 0.308057 0.517148 0.307380 0.518051 0.306703 0.518051 0.306026 0.519856 0.304672 0.519856 0.303995 0.521661 0.302640 0.521661 0.301963 0.522563 0.301286 0.522563 0.300609 0.523466 0.299932 0.523466 0.295870 0.524368 0.295193 0.524368 0.289777 0.525271 0.289100 0.525271 0.287068 0.526173 0.286391 0.526173 0.285714 0.527076 0.285037 0.527076 0.283006 0.527978 0.282329 0.527978 0.280298 0.528881 0.279621 0.528881 0.276913 0.529783 0.276236 0.529783 0.274882 0.531588 0.273527 0.532491 0.273527 0.533394 0.274204 0.533394 0.274882 0.536101 0.276913 0.536101 0.277590 0.537906 0.278944 0.537906 0.279621 0.540614 0.281652 0.540614 0.283683 0.541516 0.284360 0.541516 0.285037 0.542419 0.285714 0.545126 0.285714 0.546029 0.285037 0.546931 0.285037 0.558664 0.276236 0.558664 0.275559 0.560469 0.274204 0.560469 0.273527 0.561372 0.272850 0.561372 0.271496 0.562274 0.270819 0.562274 0.269465 0.563177 0.268788 0.563177 0.266080 0.564079 0.265403 0.564079 0.262695 0.564982 0.262018 0.564982 0.259986 0.565884 0.259309 0.565884 0.257278 0.566787 0.256601 0.566787 0.255247 0.567690 0.254570 0.567690 0.253893 0.570397 0.251862 0.570397 0.251185 0.571300 0.250508 0.571300 0.249831 0.573105 0.248477 0.573105 0.247800 0.575812 0.245768 0.575812 0.245091 0.577617 0.243737 0.577617 0.243060 0.578520 0.242383 0.578520 0.241706 0.579422 0.241029 0.579422 0.240352 0.584838 0.236290 0.584838 0.235613 0.586643 0.234259 0.586643 0.233582 0.588448 0.232227 0.588448 0.231550 0.590253 0.230196 0.590253 0.229519 0.592058 0.228165 0.592058 0.227488 0.592960 0.226811 0.592960 0.226134 0.601083 0.220041 0.601083 0.219364 0.601986 0.218687 0.602888 0.218687 0.607401 0.215301 0.607401 0.214624 0.611011 0.211916 0.611913 0.211916 0.629964 0.198375 0.630866 0.198375 0.633574 0.196344 0.634477 0.196344 0.636282 0.194990 0.638087 0.194990 0.638989 0.194313 0.639892 0.194313 0.640794 0.193636 0.641697 0.193636 0.642599 0.192959 0.643502 0.192959 0.644404 0.192282 0.648917 0.192282 0.649819 0.191605 0.656137 0.191605 0.657040 0.190928 0.666065 0.190928 0.666968 0.191605 0.674188 0.191605 0.675090 0.192282 0.679603 0.192282 0.682310 0.194313 0.685018 0.194313 0.688628 0.197021 0.688628 0.197698 0.692238 0.200406 0.692238 0.201083 0.693141 0.201083 0.694043 0.201760 0.696751 0.201760 0.697653 0.201083 0.699458 0.201083 0.700361 0.200406 0.704874 0.200406 0.705776 0.199729 0.709386 0.199729 0.710289 0.199052 0.711191 0.199052 0.712996 0.197698 0.714801 0.197698 0.715704 0.197021 0.716606 0.197021 0.717509 0.196344 0.718412 0.196344 0.719314 0.195667 0.720217 0.195667 0.721119 0.194990 0.723827 0.194990 0.724729 0.195667 0.725632 0.195667 0.726534 0.196344 0.727437 0.196344 0.728339 0.195667 0.729242 0.195667 0.729242 0.194990 0.731047 0.193636 0.731047 0.191605 0.729242 0.190251 0.729242 0.188219 0.731047 0.186865 0.731047 0.186188 0.731949 0.185511 0.731949 0.184834 0.732852 0.184157 0.732852 0.183480 0.733755 0.182803 0.733755 0.182126 0.735560 0.180772 0.735560 0.180095 0.736462 0.179418 0.736462 0.178741 0.737365 0.178064 0.740072 0.178064 0.740975 0.177387 0.741877 0.177387 0.742780 0.176710 0.743682 0.176710 0.744585 0.176032 0.745487 0.176032 0.746390 0.175355 0.746390 0.174001 0.747292 0.173324 0.747292 0.171970 0.748195 0.171293 0.749097 0.171293 0.750000 0.170616 0.750903 0.170616 0.760830 0.163169 0.760830 0.162492 0.762635 0.161137 0.763538 0.161137 0.764440 0.160460 0.766245 0.160460 0.767148 0.159783 0.767148 0.158429 0.768953 0.157075 0.769856 0.157075 0.771661 0.155721 0.771661 0.154367 0.772563 0.153690 0.773466 0.153690 0.773466 0.153013 0.774368 0.152336 0.774368 0.150305 0.777978 0.147596 0.777978 0.146919 0.778881 0.146242 0.779783 0.146242 0.781588 0.147596 0.781588 0.148274 0.782491 0.148951 0.782491 0.149628 0.782491 0.148951 0.784296 0.147596 0.784296 0.146242 0.781588 0.144211 0.781588 0.143534 0.782491 0.142857 0.783394 0.142857 0.784296 0.142180 0.784296 0.141503 0.785199 0.140826 0.785199 0.139472 0.788809 0.136764 0.787906 0.136087 0.787906 0.134733 0.787004 0.134056 0.787004 0.133378 0.786101 0.132701 0.785199 0.132701 0.781588 0.129993 0.781588 0.128639 0.780686 0.127962 0.780686 0.127285 0.779783 0.126608 0.779783 0.121192 0.780686 0.120515 0.780686 0.117129 0.779783 0.116452 0.779783 0.113067 0.778881 0.112390 0.778881 0.111713 0.777978 0.111036 0.777978 0.109682 0.776173 0.108328 0.776173 0.107651 0.770758 0.103588 0.769856 0.103588 0.768953 0.102911 0.768051 0.102911 0.767148 0.102234 0.766245 0.102234 0.765343 0.101557 0.758123 0.101557 0.757220 0.102234 0.755415 0.102234 0.754513 0.102911 0.750903 0.102911 0.748195 0.104942 0.747292 0.104942 0.746390 0.105619 0.743682 0.105619 0.742780 0.106297 0.741877 0.106297 0.740975 0.106974 0.740072 0.106974 0.739170 0.107651 0.736462 0.107651 0.735560 0.108328 0.734657 0.108328 0.731047 0.111036 0.726534 0.111036 0.725632 0.111713 0.724729 0.111713 0.723827 0.112390 0.722924 0.112390 0.722022 0.113067 0.721119 0.113067 0.720217 0.113744 0.715704 0.113744 0.714801 0.114421 0.709386 0.114421 0.708484 0.115098 0.707581 0.115098 0.705776 0.116452 0.704874 0.115775 0.702166 0.115775 0.701264 0.116452 0.699458 0.116452 0.698556 0.117129 0.694043 0.117129 0.692238 0.115775 0.692238 0.112390 0.691336 0.112390 0.691336 0.113067 0.692238 0.113744 0.692238 0.119160 0.691336 0.119838 0.690433 0.119838 0.689531 0.120515 0.679603 0.120515 0.678700 0.119838 0.677798 0.119838 0.676895 0.120515 0.672383 0.120515 0.671480 0.121192 0.670578 0.121192 0.669675 0.121869 0.668773 0.121869 0.667870 0.122546 0.665162 0.122546 0.664260 0.121869 0.663357 0.121869 0.662455 0.121192 0.660650 0.121192 0.659747 0.120515 0.648014 0.120515 0.647112 0.119838 0.646209 0.119838 0.645307 0.120515 0.643502 0.120515 0.642599 0.119838 0.641697 0.119838 0.640794 0.119160 0.640794 0.117806 0.641697 0.117129 0.641697 0.114421 0.642599 0.113744 0.643502 0.113744 0.645307 0.115098 0.645307 0.115775 0.646209 0.116452 0.646209 0.117129 0.647112 0.117129 0.648014 0.116452 0.648014 0.114421 0.647112 0.113744 0.646209 0.113744 0.645307 0.113067 0.645307 0.111036 0.644404 0.110359 0.643502 0.110359 0.643502 0.111036 0.642599 0.111713 0.642599 0.113744 0.641697 0.114421 0.638989 0.114421 0.637184 0.113067 0.636282 0.113744 0.636282 0.114421 0.635379 0.115098 0.635379 0.116452 0.638989 0.119160 0.638087 0.119838 0.636282 0.119838 0.635379 0.120515 0.629061 0.120515 0.628159 0.119838 0.622744 0.119838 0.621841 0.119160 0.621841 0.118483 0.622744 0.117806 0.626354 0.117806 0.627256 0.117129 0.627256 0.108328 0.626354 0.107651 0.623646 0.109682 0.623646 0.110359 0.622744 0.111036 0.622744 0.112390 0.621841 0.113067 0.621841 0.113744 0.620939 0.114421 0.620036 0.114421 0.617329 0.116452 0.617329 0.117806 0.616426 0.118483 0.616426 0.119160 0.615523 0.119838 0.614621 0.119838 0.613718 0.120515 0.587545 0.120515 0.586643 0.119838 0.585740 0.119838 0.584838 0.119160 0.584838 0.118483 0.585740 0.117806 0.585740 0.115775 0.587545 0.114421 0.591155 0.117129 0.592058 0.117129 0.592960 0.116452 0.592960 0.114421 0.592058 0.113744 0.591155 0.113744 0.590253 0.113067 0.590253 0.112390 0.589350 0.111713 0.587545 0.111713 0.586643 0.112390 0.586643 0.113744 0.583935 0.115775 0.583935 0.119160 0.583032 0.119838 0.581227 0.119838 0.580325 0.120515 0.579422 0.120515 0.578520 0.121192 0.576715 0.121192 0.575812 0.121869 0.568592 0.121869 0.567690 0.122546 0.565884 0.122546 0.564982 0.121869 0.562274 0.121869 0.560469 0.123223 0.559567 0.122546 0.559567 0.121192 0.558664 0.120515 0.556859 0.120515 0.555957 0.119838 0.555054 0.119838 0.554152 0.119160 0.553249 0.119160 0.550542 0.117129 0.550542 0.116452 0.549639 0.115775 0.546931 0.117806 0.544224 0.117806 0.543321 0.118483 0.543321 0.119160 0.542419 0.119838 0.541516 0.119838 0.540614 0.120515 0.540614 0.123223 0.539711 0.123900 0.538809 0.123900 0.537906 0.123223 0.536101 0.123223 0.537906 0.123223 0.538809 0.123900 0.538809 0.127285 0.539711 0.127962 0.539711 0.129993 0.538809 0.130670 0.537906 0.130670 0.537004 0.131347 0.536101 0.131347 0.535199 0.132024 0.532491 0.132024 0.531588 0.132701 0.530686 0.132701 0.530686 0.133378 0.529783 0.134056 0.529783 0.136087 0.528881 0.136764 0.529783 0.137441 0.529783 0.140149 0.528881 0.140826 0.527978 0.140826 0.527076 0.141503 0.527076 0.142180 0.526173 0.142857 0.526173 0.144211 0.525271 0.144888 0.523466 0.144888 0.522563 0.144211 0.522563 0.141503 0.524368 0.140149 0.524368 0.139472 0.523466 0.138795 0.523466 0.135410 0.522563 0.134733 0.521661 0.134733 0.520758 0.135410 0.520758 0.136087 0.519856 0.136764 0.519856 0.137441 0.518953 0.138118 0.518051 0.138118 0.517148 0.138795 0.516245 0.138795 0.515343 0.139472 0.513538 0.138118 0.513538 0.137441 0.512635 0.136764 0.512635 0.133378 0.510830 0.132024 0.510830 0.127285 0.513538 0.125254 0.517148 0.125254 0.518051 0.124577 0.518953 0.124577 0.519856 0.123900 0.520758 0.123900 0.521661 0.123223 0.522563 0.123223 0.522563 0.120515 0.523466 0.119838 0.523466 0.118483 0.524368 0.117806 0.524368 0.117129 0.525271 0.116452 0.526173 0.116452 0.527076 0.117129 0.527978 0.117129 0.528881 0.117806 0.528881 0.115098 0.527978 0.115098 0.527076 0.114421 0.527076 0.113744 0.526173 0.113067 0.526173 0.111713 0.525271 0.111036 0.525271 0.110359 0.524368 0.109682 0.524368 0.107651 0.523466 0.106974 0.523466 0.106297 0.522563 0.105619 0.522563 0.104265 0.521661 0.103588 0.519856 0.103588 0.518953 0.104265 0.517148 0.102911 0.517148 0.100880 0.518953 0.099526 0.519856 0.099526 0.520758 0.100203 0.521661 0.100203 0.522563 0.100880 0.526173 0.100880 0.527978 0.099526 0.527978 0.098172 0.528881 0.097495 0.529783 0.097495 0.530686 0.096818 0.530686 0.095464 0.533394 0.093433 0.534296 0.093433 0.536101 0.092079 0.537004 0.092079 0.537906 0.091401 0.537004 0.090724 0.537004 0.090047 0.536101 0.089370 0.532491 0.089370 0.530686 0.088016 0.531588 0.087339 0.531588 0.085985 0.532491 0.085308 0.532491 0.083954 0.531588 0.083277 0.531588 0.081246 0.532491 0.080569 0.534296 0.080569 0.535199 0.079892 0.535199 0.079215 0.536101 0.078538 0.537906 0.079892 0.537906 0.080569 0.538809 0.081246 0.538809 0.084631 0.539711 0.085308 0.539711 0.085985 0.541516 0.087339 0.541516 0.091401 0.542419 0.092079 0.542419 0.094787 0.543321 0.095464 0.543321 0.092756 0.544224 0.092079 0.544224 0.086662 0.541516 0.084631 0.542419 0.083954 0.543321 0.083954 0.544224 0.083277 0.544224 0.081246 0.545126 0.080569 0.546029 0.080569 0.546931 0.079892 0.547834 0.080569 0.548736 0.080569 0.549639 0.081246 0.549639 0.079892 0.550542 0.079215 0.550542 0.078538 0.551444 0.077861 0.551444 0.076506 0.552347 0.075829 0.552347 0.074475 0.553249 0.073798 0.554152 0.073798 0.556859 0.075829 0.557762 0.075152 0.559567 0.075152 0.560469 0.074475 0.561372 0.075152 0.564079 0.075152 0.564982 0.074475 0.564079 0.073798 0.561372 0.073798 0.560469 0.074475 0.559567 0.074475 0.557762 0.073121 0.556859 0.073121 0.555957 0.072444 0.555957 0.071767 0.555054 0.071090 0.558664 0.068382 0.558664 0.067028 0.559567 0.066351 0.560469 0.066351 0.564079 0.069059 0.569495 0.069059 0.570397 0.068382 0.572202 0.068382 0.574007 0.067028 0.576715 0.069059 0.577617 0.069059 0.579422 0.070413 0.579422 0.071090 0.580325 0.071767 0.583032 0.071767 0.583935 0.072444 0.592058 0.072444 0.592960 0.071767 0.597473 0.071767 0.598375 0.072444 0.600181 0.071090 0.601083 0.071090 0.601986 0.070413 0.602888 0.070413 0.603791 0.069736 0.605596 0.069736 0.606498 0.069059 0.607401 0.069059 0.608303 0.068382 0.611913 0.068382 0.612816 0.067705 0.613718 0.067705 0.615523 0.066351 0.617329 0.066351 0.618231 0.065674 0.618231 0.064997 0.619134 0.064320 0.618231 0.063643 0.618231 0.062965 0.617329 0.062288 0.617329 0.061611 0.616426 0.060934 0.616426 0.060257 0.618231 0.058903 0.618231 0.057549 0.620939 0.055518 0.620939 0.053487 0.621841 0.052810 0.621841 0.051456 0.622744 0.050779 0.623646 0.050779 0.627256 0.048070 0.627256 0.043331 0.619134 0.043331 0.618231 0.044008 0.616426 0.044008 0.615523 0.044685 0.611913 0.044685 0.611011 0.045362 0.610108 0.045362 0.609206 0.046039 0.607401 0.046039 0.606498 0.046716 0.605596 0.046716 0.603791 0.048070 0.602888 0.048070 0.601986 0.048747 0.592960 0.048747 0.592058 0.049425 0.587545 0.049425 0.586643 0.050102 0.574007 0.050102 0.574007 0.050779 0.573105 0.051456 0.572202 0.051456 0.571300 0.052133 0.570397 0.052133 0.569495 0.052810 0.568592 0.052810 0.567690 0.053487 0.563177 0.053487 0.560469 0.055518 0.559567 0.055518 0.558664 0.056195 0.553249 0.056195 0.552347 0.055518 0.548736 0.055518 0.547834 0.056195 0.545126 0.056195 0.544224 0.056872 0.543321 0.056872 0.542419 0.057549 0.541516 0.057549 0.540614 0.058226 0.538809 0.058226 0.537906 0.058903 0.534296 0.058903 0.533394 0.059580 0.529783 0.059580 0.528881 0.060257 0.527978 0.060257 0.527076 0.060934 0.526173 0.060934 0.525271 0.061611 0.522563 0.061611 0.521661 0.062288 0.519856 0.062288 0.518953 0.062965 0.518051 0.062965 0.517148 0.063643 0.516245 0.063643 0.515343 0.064320 0.513538 0.064320 0.512635 0.064997 0.510830 0.064997 0.509928 0.065674 0.508123 0.065674 0.507220 0.066351 0.506318 0.066351 0.505415 0.067028 0.504513 0.067028 0.503610 0.067705 0.502708 0.067705 0.501805 0.068382 0.499097 0.068382 0.498195 0.069059 0.496390 0.069059 0.495487 0.069736 0.494585 0.069736 0.493682 0.070413 0.490072 0.070413 0.489170 0.071090 0.488267 0.071090 0.487365 0.071767 0.486462 0.071767 0.485560 0.072444 0.483755 0.072444 0.482852 0.073121 0.481949 0.073121 0.480144 0.074475 0.478339 0.073121 0.478339 0.066351 0.479242 0.065674 0.479242 0.057549 0.480144 0.056872 0.479242 0.056195 0.479242 0.048747 0.478339 0.048070 0.478339 0.046716 0.477437 0.046039 0.477437 0.045362 0.475632 0.044008 0.475632 0.043331 0.473827 0.041977 0.471119 0.041977 0.470217 0.041300 0.468412 0.041300 0.467509 0.040623 0.465704 0.040623 0.464801 0.041300 0.460289 0.041300 0.459386 0.040623 0.458484 0.040623 0.456679 0.039269 0.455776 0.039269 0.454874 0.038592 0.453069 0.038592 0.452166 0.037915 0.450361 0.037915 0.449458 0.037238 0.448556 0.037238 0.446751 0.035884 0.445848 0.035884 0.444946 0.035206 0.444043 0.035206 0.443141 0.034529 0.442238 0.034529 0.440433 0.033175 0.439531 0.033175 0.438628 0.032498 0.436823 0.032498 0.435921 0.031821 0.431408 0.031821 0.429603 0.030467 0.428700 0.030467 0.426895 0.029113 0.425993 0.029113 0.425090 0.028436 0.421480 0.028436 0.420578 0.027759 0.418773 0.027759 0.417870 0.027082 0.414260 0.027082 0.413357 0.026405 0.410650 0.026405 0.409747 0.025728 0.407040 0.025728 0.406137 0.025051 0.404332 0.025051 0.403430 0.024374 0.398014 0.024374 0.397112 0.023697
1 0.652527 0.194313 0.651625 0.194990 0.647112 0.194990 0.646209 0.195667 0.642599 0.195667 0.641697 0.196344 0.639892 0.196344 0.638989 0.197021 0.638087 0.197021 0.637184 0.197698 0.636282 0.197698 0.635379 0.198375 0.634477 0.198375 0.631769 0.200406 0.630866 0.200406 0.626354 0.203791 0.626354 0.204469 0.610108 0.216655 0.609206 0.216655 0.608303 0.217332 0.608303 0.218009 0.605596 0.220041 0.604693 0.220041 0.598375 0.224780 0.598375 0.225457 0.595668 0.227488 0.595668 0.228165 0.592960 0.230196 0.592960 0.230873 0.592058 0.231550 0.592058 0.232227 0.589350 0.234259 0.589350 0.234936 0.587545 0.236290 0.587545 0.236967 0.583935 0.239675 0.583935 0.240352 0.582130 0.241706 0.582130 0.242383 0.579422 0.244414 0.579422 0.245091 0.577617 0.246445 0.577617 0.247123 0.574910 0.249154 0.574910 0.249831 0.573105 0.251185 0.573105 0.251862 0.571300 0.253216 0.571300 0.253893 0.570397 0.254570 0.570397 0.255247 0.569495 0.255924 0.569495 0.256601 0.568592 0.257278 0.568592 0.258632 0.567690 0.259309 0.567690 0.260664 0.566787 0.261341 0.566787 0.263372 0.565884 0.264049 0.565884 0.266757 0.564982 0.267434 0.564982 0.270819 0.564079 0.271496 0.564079 0.274204 0.563177 0.274882 0.563177 0.276236 0.562274 0.276913 0.562274 0.278267 0.557762 0.281652 0.556859 0.281652 0.555054 0.283006 0.555054 0.283683 0.554152 0.284360 0.554152 0.285714 0.553249 0.286391 0.553249 0.287068 0.549639 0.289777 0.549639 0.292485 0.548736 0.293162 0.549639 0.293839 0.549639 0.297224 0.550542 0.297901 0.550542 0.299932 0.551444 0.300609 0.551444 0.301286 0.552347 0.301963 0.552347 0.302640 0.553249 0.303318 0.553249 0.303995 0.555957 0.306026 0.555957 0.306703 0.563177 0.312119 0.563177 0.312796 0.566787 0.315504 0.566787 0.316181 0.569495 0.318213 0.570397 0.318213 0.573105 0.320244 0.574007 0.320244 0.580325 0.324983 0.581227 0.324983 0.588448 0.330399 0.589350 0.330399 0.590253 0.331077 0.591155 0.331077 0.593863 0.333108 0.594765 0.333108 0.597473 0.335139 0.598375 0.335139 0.600181 0.336493 0.601083 0.336493 0.601986 0.337170 0.602888 0.337170 0.603791 0.337847 0.604693 0.337847 0.606498 0.339201 0.607401 0.339201 0.608303 0.339878 0.609206 0.339878 0.610108 0.340555 0.611011 0.340555 0.611913 0.341232 0.612816 0.341232 0.613718 0.341909 0.614621 0.341909 0.615523 0.342586 0.617329 0.342586 0.618231 0.343263 0.619134 0.343263 0.620036 0.343940 0.620939 0.343940 0.621841 0.344617 0.622744 0.344617 0.623646 0.345295 0.624549 0.345295 0.626354 0.346649 0.627256 0.346649 0.629061 0.348003 0.629964 0.348003 0.631769 0.349357 0.632671 0.349357 0.633574 0.350034 0.635379 0.350034 0.636282 0.350711 0.638087 0.350711 0.638989 0.351388 0.642599 0.351388 0.643502 0.352065 0.644404 0.352065 0.645307 0.352742 0.646209 0.352742 0.647112 0.353419 0.650722 0.353419 0.651625 0.354096 0.653430 0.354096 0.654332 0.354773 0.655235 0.354773 0.657040 0.356127 0.657942 0.356127 0.658845 0.356804 0.660650 0.356804 0.661552 0.357481 0.665162 0.357481 0.666065 0.358158 0.667870 0.358158 0.670578 0.360190 0.671480 0.360190 0.672383 0.360867 0.674188 0.360867 0.675090 0.361544 0.678700 0.361544 0.679603 0.362221 0.685018 0.362221 0.685921 0.362898 0.689531 0.362898 0.690433 0.363575 0.694043 0.363575 0.694946 0.364252 0.700361 0.364252 0.701264 0.364929 0.710289 0.364929 0.711191 0.365606 0.722924 0.365606 0.723827 0.366283 0.743682 0.366283 0.744585 0.365606 0.775271 0.365606 0.776173 0.364929 0.779783 0.364929 0.780686 0.364252 0.782491 0.364252 0.783394 0.363575 0.784296 0.363575 0.786101 0.362221 0.787906 0.362221 0.788809 0.361544 0.789711 0.361544 0.793321 0.358835 0.793321 0.358158 0.796931 0.355450 0.796931 0.354773 0.800542 0.352065 0.800542 0.351388 0.801444 0.350711 0.801444 0.350034 0.803249 0.348680 0.803249 0.348003 0.804152 0.347326 0.804152 0.346649 0.805054 0.345972 0.805054 0.345295 0.806859 0.343940 0.806859 0.343263 0.807762 0.342586 0.807762 0.341909 0.808664 0.341232 0.808664 0.339878 0.809567 0.339201 0.809567 0.338524 0.810469 0.337847 0.810469 0.336493 0.811372 0.335816 0.811372 0.330399 0.810469 0.329722 0.810469 0.329045 0.809567 0.328368 0.809567 0.327691 0.808664 0.327014 0.808664 0.325660 0.807762 0.324983 0.807762 0.324306 0.806859 0.323629 0.806859 0.322952 0.805957 0.322275 0.805957 0.320921 0.805054 0.320244 0.805054 0.317536 0.804152 0.316858 0.804152 0.306703 0.805054 0.306026 0.805054 0.302640 0.805957 0.301963 0.805957 0.286391 0.805054 0.285714 0.805054 0.283006 0.804152 0.282329 0.804152 0.280298 0.803249 0.279621 0.803249 0.277590 0.802347 0.276913 0.802347 0.274882 0.801444 0.274204 0.801444 0.272850 0.800542 0.272173 0.800542 0.270819 0.799639 0.270142 0.799639 0.269465 0.798736 0.268788 0.798736 0.267434 0.797834 0.266757 0.797834 0.265403 0.796931 0.264726 0.796931 0.264049 0.796029 0.263372 0.796029 0.262018 0.794224 0.260664 0.794224 0.259986 0.793321 0.259309 0.793321 0.257955 0.792419 0.257278 0.792419 0.256601 0.791516 0.255924 0.791516 0.255247 0.790614 0.254570 0.790614 0.253893 0.789711 0.253216 0.789711 0.252539 0.788809 0.251862 0.788809 0.251185 0.787906 0.250508 0.787906 0.249831 0.786101 0.248477 0.786101 0.247800 0.785199 0.247123 0.785199 0.246445 0.784296 0.245768 0.784296 0.245091 0.783394 0.244414 0.783394 0.243737 0.781588 0.242383 0.781588 0.241706 0.780686 0.241029 0.780686 0.240352 0.779783 0.239675 0.779783 0.238998 0.777978 0.237644 0.777978 0.236967 0.773466 0.233582 0.773466 0.232905 0.771661 0.231550 0.771661 0.230873 0.768051 0.228165 0.768051 0.227488 0.757220 0.219364 0.756318 0.219364 0.750000 0.214624 0.749097 0.214624 0.748195 0.213947 0.747292 0.213947 0.746390 0.213270 0.745487 0.213270 0.744585 0.212593 0.743682 0.212593 0.742780 0.211916 0.738267 0.211916 0.737365 0.211239 0.735560 0.211239 0.734657 0.210562 0.732852 0.210562 0.731047 0.209208 0.727437 0.209208 0.726534 0.208531 0.725632 0.208531 0.724729 0.207854 0.723827 0.207854 0.722924 0.207177 0.722022 0.207177 0.721119 0.206500 0.719314 0.206500 0.718412 0.205823 0.712996 0.205823 0.712094 0.205146 0.706679 0.205146 0.705776 0.205823 0.703069 0.205823 0.702166 0.206500 0.699458 0.206500 0.698556 0.207177 0.697653 0.207177 0.696751 0.207854 0.694946 0.207854 0.694043 0.207177 0.692238 0.207177 0.689531 0.205146 0.689531 0.204469 0.688628 0.203791 0.687726 0.203791 0.684116 0.201083 0.683213 0.201083 0.682310 0.200406 0.681408 0.200406 0.680505 0.199729 0.679603 0.199729 0.677798 0.198375 0.676895 0.198375 0.675993 0.197698 0.675090 0.197698 0.674188 0.197021 0.671480 0.197021 0.670578 0.196344 0.669675 0.196344 0.668773 0.195667 0.667870 0.195667 0.666968 0.194990 0.665162 0.194990 0.664260 0.194313
1 0.385379 0.022343 0.384477 0.023020 0.375451 0.023020 0.374549 0.023697 0.372744 0.023697 0.371841 0.024374 0.370036 0.024374 0.369134 0.025051 0.365523 0.025051 0.364621 0.025728 0.361913 0.025728 0.361011 0.026405 0.359206 0.026405 0.358303 0.027082 0.357401 0.027082 0.356498 0.027759 0.355596 0.027759 0.354693 0.028436 0.353791 0.028436 0.352888 0.029113 0.351083 0.029113 0.350181 0.029790 0.349278 0.029790 0.348375 0.030467 0.346570 0.030467 0.345668 0.031144 0.344765 0.031144 0.343863 0.031821 0.341155 0.031821 0.340253 0.032498 0.339350 0.032498 0.338448 0.033175 0.337545 0.033175 0.336643 0.033852 0.335740 0.033852 0.334838 0.034529 0.333935 0.034529 0.332130 0.035884 0.331227 0.035884 0.329422 0.037238 0.328520 0.037238 0.325812 0.039269 0.324910 0.039269 0.318592 0.044008 0.317690 0.044008 0.309567 0.050102 0.309567 0.050779 0.307762 0.052133 0.307762 0.052810 0.305054 0.054841 0.305054 0.055518 0.302347 0.057549 0.302347 0.058226 0.300542 0.059580 0.300542 0.060257 0.298736 0.061611 0.298736 0.062288 0.296931 0.063643 0.296931 0.064320 0.296029 0.064997 0.296029 0.065674 0.294224 0.067028 0.294224 0.067705 0.293321 0.068382 0.293321 0.069059 0.292419 0.069736 0.292419 0.071090 0.291516 0.071767 0.291516 0.072444 0.290614 0.073121 0.290614 0.073798 0.289711 0.074475 0.289711 0.075152 0.288809 0.075829 0.288809 0.076506 0.287906 0.077183 0.287906 0.078538 0.287004 0.079215 0.287004 0.079892 0.286101 0.080569 0.286101 0.081923 0.285199 0.082600 0.285199 0.083277 0.284296 0.083954 0.284296 0.085308 0.283394 0.085985 0.283394 0.086662 0.282491 0.087339 0.282491 0.089370 0.281588 0.090047 0.281588 0.090724 0.280686 0.091401 0.280686 0.094110 0.279783 0.094787 0.279783 0.097495 0.278881 0.098172 0.278881 0.102234 0.277978 0.102911 0.277978 0.111713 0.277076 0.112390 0.277076 0.116452 0.277978 0.117129 0.277978 0.126608 0.278881 0.127285 0.278881 0.132024 0.279783 0.132701 0.279783 0.134733 0.280686 0.135410 0.280686 0.137441 0.281588 0.138118 0.281588 0.139472 0.282491 0.140149 0.282491 0.141503 0.283394 0.142180 0.283394 0.144888 0.284296 0.145565 0.284296 0.147596 0.285199 0.148274 0.285199 0.148951 0.286101 0.149628 0.286101 0.150305 0.287004 0.150982 0.287004 0.151659 0.287906 0.152336 0.287906 0.153690 0.288809 0.154367 0.288809 0.155044 0.289711 0.155721 0.289711 0.157075 0.290614 0.157752 0.290614 0.158429 0.291516 0.159106 0.291516 0.159783 0.292419 0.160460 0.292419 0.161137 0.294224 0.162492 0.294224 0.163169 0.295126 0.163846 0.295126 0.164523 0.296029 0.165200 0.296029 0.165877 0.297834 0.167231 0.297834 0.167908 0.299639 0.169262 0.299639 0.169939 0.302347 0.171970 0.302347 0.172647 0.305054 0.174678 0.305054 0.175355 0.308664 0.178064 0.308664 0.178741 0.309567 0.179418 0.310469 0.179418 0.314079 0.182126 0.314982 0.182126 0.324007 0.188896 0.324007 0.189573 0.325812 0.190928 0.325812 0.191605 0.326715 0.192282 0.326715 0.193636 0.325812 0.194313 0.325812 0.197698 0.324910 0.198375 0.324910 0.205146 0.324007 0.205823 0.324007 0.216655 0.324910 0.217332 0.324910 0.219364 0.325812 0.220041 0.325812 0.220718 0.326715 0.221395 0.326715 0.222072 0.327617 0.222749 0.328520 0.222749 0.330325 0.224103 0.333935 0.224103 0.334838 0.224780 0.335740 0.224103 0.340253 0.224103 0.341155 0.223426 0.342960 0.223426 0.343863 0.222749 0.344765 0.222749 0.345668 0.222072 0.346570 0.222072 0.347473 0.221395 0.348375 0.221395 0.351986 0.218687 0.352888 0.218687 0.360108 0.213270 0.360108 0.212593 0.367329 0.207177 0.367329 0.206500 0.368231 0.205823 0.368231 0.205146 0.369134 0.204469 0.369134 0.203791 0.370036 0.203114 0.370036 0.201760 0.370939 0.201083 0.370939 0.200406 0.372744 0.199052 0.376354 0.199052 0.377256 0.198375 0.377256 0.197698 0.378159 0.197021 0.378159 0.196344 0.379061 0.195667 0.379061 0.194313 0.379964 0.193636 0.379964 0.192959 0.380866 0.192282 0.380866 0.191605 0.382671 0.190251 0.383574 0.190251 0.385379 0.188896 0.386282 0.188896 0.387184 0.188219 0.387184 0.187542 0.389892 0.185511 0.389892 0.184834 0.392599 0.182803 0.392599 0.182126 0.398014 0.178064 0.398014 0.177387 0.401625 0.174678 0.401625 0.174001 0.409747 0.167908 0.409747 0.167231 0.411552 0.165877 0.411552 0.164523 0.412455 0.163846 0.412455 0.163169 0.413357 0.162492 0.413357 0.161814 0.415162 0.160460 0.415162 0.159783 0.416065 0.159106 0.416065 0.158429 0.416968 0.157752 0.416968 0.157075 0.419675 0.155044 0.419675 0.154367 0.420578 0.153690 0.420578 0.153013 0.425090 0.149628 0.425090 0.148951 0.425993 0.148274 0.425993 0.147596 0.427798 0.146242 0.427798 0.145565 0.429603 0.144211 0.429603 0.143534 0.430505 0.142857 0.430505 0.142180 0.432310 0.140826 0.432310 0.140149 0.433213 0.139472 0.433213 0.138795 0.434116 0.138118 0.434116 0.137441 0.436823 0.135410 0.436823 0.134733 0.438628 0.133378 0.438628 0.132701 0.440433 0.131347 0.440433 0.129993 0.441336 0.129316 0.441336 0.128639 0.442238 0.127962 0.442238 0.127285 0.444043 0.125931 0.444043 0.125254 0.445848 0.123900 0.445848 0.123223 0.446751 0.122546 0.446751 0.121869 0.447653 0.121192 0.447653 0.120515 0.448556 0.119838 0.448556 0.119160 0.450361 0.117806 0.450361 0.117129 0.451264 0.116452 0.451264 0.115775 0.453971 0.113744 0.453971 0.112390 0.454874 0.111713 0.454874 0.111036 0.455776 0.110359 0.455776 0.109682 0.456679 0.109005 0.456679 0.108328 0.457581 0.107651 0.457581 0.106974 0.458484 0.106297 0.458484 0.105619 0.459386 0.104942 0.459386 0.104265 0.460289 0.103588 0.460289 0.102234 0.461191 0.101557 0.461191 0.100880 0.462094 0.100203 0.462094 0.098849 0.462996 0.098172 0.462996 0.097495 0.464801 0.096141 0.464801 0.095464 0.465704 0.094787 0.465704 0.094110 0.466606 0.093433 0.466606 0.092756 0.467509 0.092079 0.467509 0.091401 0.468412 0.090724 0.468412 0.090047 0.469314 0.089370 0.469314 0.088016 0.470217 0.087339 0.470217 0.085308 0.471119 0.084631 0.471119 0.083277 0.472022 0.082600 0.472022 0.081246 0.472924 0.080569 0.472924 0.079215 0.473827 0.078538 0.473827 0.077183 0.474729 0.076506 0.474729 0.075829 0.475632 0.075152 0.475632 0.074475 0.476534 0.073798 0.476534 0.072444 0.477437 0.071767 0.477437 0.071090 0.478339 0.070413 0.478339 0.068382 0.479242 0.067705 0.479242 0.064997 0.480144 0.064320 0.480144 0.060934 0.481047 0.060257 0.481047 0.050102 0.480144 0.049425 0.480144 0.047393 0.479242 0.046716 0.479242 0.046039 0.477437 0.044685 0.477437 0.044008 0.476534 0.043331 0.476534 0.042654 0.475632 0.042654 0.473827 0.041300 0.472924 0.041300 0.472022 0.040623 0.459386 0.040623 0.458484 0.039946 0.457581 0.039946 0.456679 0.039269 0.455776 0.039269 0.454874 0.038592 0.453971 0.038592 0.452166 0.037238 0.450361 0.037238 0.448556 0.035884 0.447653 0.035884 0.446751 0.035206 0.445848 0.035206 0.444946 0.034529 0.444043 0.034529 0.443141 0.033852 0.442238 0.033852 0.441336 0.033175 0.440433 0.033175 0.438628 0.031821 0.437726 0.031821 0.436823 0.031144 0.435921 0.031144 0.434116 0.029790 0.433213 0.029790 0.432310 0.029113 0.431408 0.029113 0.430505 0.028436 0.428700 0.028436 0.427798 0.027759 0.425993 0.027759 0.425090 0.027082 0.422383 0.027082 0.421480 0.026405 0.419675 0.026405 0.418773 0.025728 0.413357 0.025728 0.412455 0.025051 0.407942 0.025051 0.407040 0.024374 0.404332 0.024374 0.403430 0.023697 0.401625 0.023697 0.400722 0.023020 0.394404 0.023020 0.393502 0.022343
2 0.082130 0.247123 0.081227 0.247800 0.080325 0.247800 0.080325 0.249154 0.079422 0.249831 0.079422 0.250508 0.078520 0.251185 0.078520 0.253216 0.077617 0.253893 0.077617 0.255924 0.076715 0.256601 0.076715 0.257955 0.075812 0.258632 0.075812 0.260664 0.074910 0.261341 0.074910 0.262018 0.074007 0.262695 0.074007 0.264049 0.073105 0.264726 0.073105 0.265403 0.069495 0.268111 0.068592 0.268111 0.064079 0.271496 0.064079 0.280298 0.064982 0.280975 0.064982 0.283006 0.067690 0.285037 0.068592 0.285037 0.070397 0.286391 0.073105 0.286391 0.074007 0.287068 0.084838 0.287068 0.085740 0.286391 0.088448 0.286391 0.089350 0.285714 0.092058 0.285714 0.092960 0.285037 0.095668 0.285037 0.096570 0.284360 0.099278 0.284360 0.100181 0.283683 0.101986 0.283683 0.103791 0.282329 0.104693 0.282329 0.109206 0.278944 0.109206 0.278267 0.111011 0.276913 0.111011 0.276236 0.111913 0.275559 0.111913 0.274882 0.112816 0.274204 0.112816 0.273527 0.113718 0.272850 0.113718 0.272173 0.114621 0.271496 0.114621 0.270819 0.116426 0.269465 0.116426 0.268788 0.118231 0.267434 0.118231 0.266757 0.120036 0.265403 0.120036 0.260664 0.119134 0.259986 0.119134 0.256601 0.118231 0.255924 0.118231 0.253893 0.117329 0.253216 0.117329 0.251862 0.116426 0.251185 0.116426 0.250508 0.113718 0.248477 0.110108 0.248477 0.109206 0.247800 0.094765 0.247800 0.093863 0.247123
2 0.585740 0.782668 0.584838 0.783345 0.582130 0.783345 0.581227 0.784022 0.578520 0.784022 0.577617 0.784699 0.575812 0.784699 0.574910 0.785376 0.571300 0.785376 0.570397 0.786053 0.559567 0.786053 0.558664 0.786730 0.550542 0.786730 0.549639 0.787407 0.546029 0.787407 0.545126 0.788084 0.543321 0.788084 0.542419 0.788761 0.540614 0.788761 0.539711 0.789438 0.538809 0.789438 0.537906 0.790115 0.537004 0.790115 0.536101 0.790792 0.535199 0.790792 0.534296 0.791469 0.532491 0.791469 0.531588 0.792146 0.530686 0.792146 0.529783 0.792823 0.527076 0.792823 0.526173 0.793500 0.525271 0.793500 0.523466 0.794854 0.522563 0.794854 0.519856 0.796886 0.519856 0.797563 0.518051 0.798917 0.518051 0.799594 0.517148 0.800271 0.517148 0.802302 0.516245 0.802979 0.516245 0.805010 0.515343 0.805687 0.515343 0.811104 0.516245 0.811781 0.516245 0.814489 0.517148 0.815166 0.517148 0.817197 0.518051 0.817874 0.518051 0.819228 0.518953 0.819905 0.518953 0.820582 0.520758 0.821936 0.520758 0.822613 0.522563 0.823968 0.522563 0.824645 0.528881 0.829384 0.529783 0.829384 0.531588 0.830738 0.531588 0.831415 0.532491 0.832092 0.533394 0.832092 0.535199 0.833446 0.536101 0.833446 0.537906 0.834800 0.538809 0.834800 0.539711 0.835477 0.540614 0.835477 0.541516 0.836154 0.542419 0.836154 0.544224 0.837508 0.545126 0.837508 0.546931 0.838863 0.547834 0.838863 0.548736 0.839540 0.549639 0.839540 0.550542 0.840217 0.552347 0.840217 0.554152 0.841571 0.555054 0.841571 0.555957 0.842248 0.557762 0.842248 0.558664 0.842925 0.559567 0.842925 0.560469 0.843602 0.561372 0.843602 0.563177 0.844956 0.564079 0.844956 0.564982 0.845633 0.567690 0.845633 0.568592 0.846310 0.574007 0.846310 0.574910 0.846987 0.579422 0.846987 0.580325 0.847664 0.584838 0.847664 0.585740 0.848341 0.614621 0.848341 0.615523 0.847664 0.624549 0.847664 0.625451 0.846987 0.645307 0.846987 0.646209 0.847664 0.657942 0.847664 0.658845 0.848341 0.669675 0.848341 0.670578 0.849018 0.692238 0.849018 0.693141 0.848341 0.696751 0.848341 0.697653 0.847664 0.700361 0.847664 0.701264 0.846987 0.703069 0.846987 0.703971 0.846310 0.705776 0.846310 0.706679 0.845633 0.707581 0.845633 0.708484 0.844956 0.709386 0.844956 0.712996 0.842248 0.712996 0.841571 0.713899 0.840894 0.713899 0.840217 0.714801 0.839540 0.714801 0.838863 0.715704 0.838186 0.715704 0.836831 0.716606 0.836154 0.716606 0.833446 0.717509 0.832769 0.717509 0.811104 0.716606 0.810427 0.716606 0.806364 0.715704 0.805687 0.715704 0.805010 0.714801 0.804333 0.714801 0.803656 0.712094 0.801625 0.708484 0.801625 0.707581 0.802302 0.706679 0.802302 0.705776 0.802979 0.704874 0.802979 0.703069 0.804333 0.702166 0.804333 0.700361 0.805687 0.699458 0.805687 0.694946 0.809072 0.694946 0.809749 0.692238 0.811781 0.692238 0.812458 0.687726 0.815843 0.686823 0.815843 0.685921 0.816520 0.685018 0.816520 0.683213 0.817874 0.682310 0.817874 0.681408 0.818551 0.678700 0.818551 0.677798 0.819228 0.675993 0.819228 0.675090 0.819905 0.671480 0.819905 0.670578 0.820582 0.668773 0.820582 0.667870 0.821259 0.664260 0.821259 0.663357 0.821936 0.658845 0.821936 0.657942 0.822613 0.648917 0.822613 0.648014 0.823290 0.637184 0.823290 0.636282 0.822613 0.631769 0.822613 0.630866 0.821936 0.629061 0.821936 0.628159 0.821259 0.626354 0.821259 0.625451 0.820582 0.624549 0.820582 0.623646 0.819905 0.621841 0.819905 0.620939 0.819228 0.620036 0.819228 0.619134 0.818551 0.618231 0.818551 0.616426 0.817197 0.614621 0.817197 0.613718 0.816520 0.612816 0.816520 0.605596 0.811104 0.605596 0.810427 0.601986 0.807718 0.601986 0.807041 0.601083 0.806364 0.601083 0.805687 0.600181 0.805010 0.600181 0.804333 0.599278 0.803656 0.599278 0.802302 0.598375 0.801625 0.598375 0.800271 0.597473 0.799594 0.597473 0.797563 0.596570 0.796886 0.596570 0.794177 0.595668 0.793500 0.595668 0.790115 0.594765 0.789438 0.594765 0.788084 0.593863 0.787407 0.593863 0.786053 0.592058 0.784699 0.592058 0.784022 0.591155 0.783345 0.590253 0.783345 0.589350 0.782668
2 0.533394 0.516588 0.532491 0.517265 0.528881 0.517265 0.527978 0.517942 0.526173 0.517942 0.525271 0.518619 0.524368 0.518619 0.519856 0.522004 0.519856 0.522681 0.518953 0.523358 0.518953 0.524035 0.518051 0.524712 0.518051 0.525389 0.517148 0.526066 0.517148 0.526743 0.516245 0.527420 0.516245 0.528097 0.515343 0.528775 0.515343 0.531483 0.514440 0.532160 0.514440 0.532837 0.515343 0.533514 0.515343 0.536222 0.516245 0.536899 0.516245 0.537576 0.518051 0.538930 0.518051 0.539607 0.518953 0.539607 0.525271 0.544347 0.526173 0.544347 0.527076 0.545024 0.527978 0.545024 0.528881 0.545701 0.529783 0.545701 0.530686 0.546378 0.536101 0.546378 0.537004 0.545701 0.538809 0.545701 0.539711 0.545024 0.540614 0.545024 0.540614 0.544347 0.542419 0.542993 0.542419 0.533514 0.541516 0.532837 0.541516 0.530129 0.540614 0.529452 0.540614 0.526066 0.539711 0.525389 0.539711 0.520650 0.538809 0.519973 0.538809 0.517942 0.537004 0.516588
2 0.167870 0.215301 0.166968 0.215978 0.166968 0.217332 0.166065 0.218009 0.166065 0.228165 0.166968 0.228842 0.166968 0.230196 0.169675 0.232227 0.170578 0.232227 0.172383 0.233582 0.173285 0.233582 0.174188 0.234259 0.176895 0.234259 0.177798 0.234936 0.181408 0.234936 0.182310 0.235613 0.185921 0.235613 0.186823 0.236290 0.188628 0.236290 0.190433 0.237644 0.191336 0.237644 0.200361 0.244414 0.201264 0.244414 0.202166 0.245091 0.203069 0.245091 0.203971 0.245768 0.204874 0.245768 0.205776 0.246445 0.208484 0.246445 0.209386 0.247123 0.231047 0.247123 0.231949 0.246445 0.234657 0.246445 0.235560 0.245768 0.236462 0.245768 0.238267 0.244414 0.239170 0.244414 0.239170 0.243737 0.240072 0.243060 0.240072 0.242383 0.240975 0.241706 0.240975 0.237644 0.240072 0.236967 0.240072 0.236290 0.239170 0.235613 0.239170 0.234936 0.238267 0.234259 0.238267 0.233582 0.236462 0.232227 0.235560 0.232227 0.232852 0.230196 0.231949 0.230196 0.231047 0.229519 0.230144 0.229519 0.229242 0.228842 0.227437 0.228842 0.222022 0.224780 0.222022 0.224103 0.220217 0.222749 0.215704 0.222749 0.214801 0.223426 0.212094 0.223426 0.211191 0.224103 0.210289 0.224103 0.209386 0.224780 0.206679 0.224780 0.205776 0.225457 0.201264 0.225457 0.200361 0.226134 0.196751 0.226134 0.195848 0.225457 0.193141 0.225457 0.192238 0.224780 0.188628 0.224780 0.187726 0.224103 0.186823 0.224103 0.185921 0.223426 0.184116 0.223426 0.183213 0.222749 0.182310 0.222749 0.181408 0.222072 0.180505 0.222072 0.178700 0.220718 0.177798 0.220718 0.175090 0.218687 0.174188 0.218687 0.172383 0.217332 0.172383 0.216655 0.171480 0.215978 0.169675 0.215978 0.168773 0.215301
3 0.541516 0.551794 0.539711 0.553148 0.534296 0.553148 0.532491 0.554502 0.530686 0.553148 0.528881 0.553148 0.527978 0.553825 0.527076 0.553825 0.526173 0.554502 0.526173 0.555179 0.525271 0.555856 0.525271 0.556534 0.522563 0.558565 0.522563 0.559242 0.521661 0.559919 0.521661 0.561950 0.520758 0.562627 0.520758 0.564658 0.519856 0.565335 0.519856 0.566689 0.518953 0.567366 0.518953 0.570074 0.518051 0.570752 0.518051 0.579553 0.518953 0.580230 0.518953 0.580907 0.519856 0.581584 0.519856 0.582261 0.520758 0.582938 0.520758 0.584970 0.521661 0.585647 0.521661 0.587678 0.522563 0.588355 0.522563 0.591740 0.523466 0.592417 0.523466 0.593094 0.524368 0.593771 0.524368 0.595125 0.525271 0.595802 0.525271 0.597156 0.526173 0.597833 0.526173 0.598510 0.527978 0.599865 0.527978 0.600542 0.528881 0.601219 0.528881 0.602573 0.531588 0.604604 0.531588 0.605281 0.532491 0.605958 0.532491 0.606635 0.533394 0.606635 0.534296 0.607312 0.534296 0.607989 0.537004 0.610020 0.538809 0.610020 0.539711 0.610697 0.541516 0.610697 0.542419 0.611374 0.543321 0.611374 0.544224 0.612051 0.546029 0.612051 0.546931 0.612729 0.555054 0.612729 0.555957 0.613406 0.561372 0.613406 0.562274 0.614083 0.571300 0.614083 0.572202 0.614760 0.575812 0.614760 0.576715 0.615437 0.577617 0.615437 0.578520 0.614760 0.580325 0.614760 0.581227 0.614083 0.582130 0.614760 0.584838 0.614760 0.584838 0.613406 0.585740 0.612729 0.585740 0.612051 0.584838 0.611374 0.584838 0.605281 0.583935 0.604604 0.583935 0.602573 0.583032 0.601896 0.583032 0.600542 0.580325 0.598510 0.580325 0.597833 0.576715 0.595125 0.575812 0.595125 0.574007 0.593771 0.573105 0.593771 0.572202 0.593094 0.571300 0.593094 0.564982 0.588355 0.564982 0.587678 0.562274 0.585647 0.562274 0.584970 0.560469 0.583615 0.560469 0.582938 0.559567 0.582261 0.559567 0.581584 0.557762 0.580230 0.557762 0.579553 0.555957 0.578199 0.555957 0.577522 0.555054 0.576845 0.555054 0.575491 0.554152 0.574814 0.554152 0.573460 0.553249 0.572783 0.553249 0.572106 0.552347 0.571429 0.552347 0.570752 0.551444 0.570074 0.551444 0.568043 0.550542 0.567366 0.550542 0.566689 0.549639 0.566012 0.549639 0.565335 0.548736 0.564658 0.548736 0.563981 0.547834 0.563304 0.547834 0.561273 0.546931 0.560596 0.546931 0.557211 0.546029 0.556534 0.546029 0.553825 0.543321 0.551794
3 0.803249 0.493568 0.802347 0.494245 0.803249 0.494922 0.804152 0.494922 0.805054 0.494245 0.804152 0.493568
3 0.787906 0.378470 0.787004 0.379147 0.786101 0.379147 0.785199 0.379824 0.784296 0.379824 0.783394 0.380501 0.782491 0.380501 0.782491 0.381178 0.779783 0.383209 0.779783 0.389980 0.780686 0.390657 0.780686 0.393365 0.781588 0.394042 0.781588 0.396073 0.782491 0.396750 0.782491 0.398781 0.783394 0.399458 0.783394 0.400812 0.784296 0.401490 0.784296 0.404875 0.785199 0.405552 0.785199 0.408260 0.786101 0.408937 0.786101 0.409614 0.787004 0.410291 0.787004 0.411645 0.787906 0.412322 0.787906 0.413676 0.788809 0.414353 0.788809 0.415708 0.789711 0.416385 0.789711 0.417739 0.790614 0.418416 0.790614 0.419770 0.791516 0.420447 0.791516 0.422478 0.792419 0.423155 0.792419 0.424509 0.793321 0.425186 0.793321 0.426540 0.792419 0.427217 0.792419 0.427894 0.790614 0.429248 0.787906 0.429248 0.787004 0.429926 0.785199 0.429926 0.784296 0.429248 0.770758 0.429248 0.769856 0.428571 0.768051 0.428571 0.767148 0.427894 0.766245 0.427894 0.765343 0.427217 0.761733 0.427217 0.758123 0.424509 0.756318 0.424509 0.755415 0.423832 0.750000 0.423832 0.749097 0.423155 0.742780 0.423155 0.741877 0.422478 0.740072 0.422478 0.739170 0.421801 0.736462 0.421801 0.735560 0.421124 0.729242 0.421124 0.728339 0.421801 0.726534 0.421801 0.725632 0.422478 0.724729 0.422478 0.722022 0.424509 0.722022 0.425186 0.719314 0.427217 0.719314 0.427894 0.718412 0.428571 0.718412 0.429248 0.717509 0.429926 0.717509 0.430603 0.716606 0.431280 0.716606 0.431957 0.715704 0.432634 0.715704 0.433311 0.713899 0.434665 0.713899 0.435342 0.712996 0.436019 0.712996 0.436696 0.711191 0.438050 0.711191 0.438727 0.708484 0.440758 0.707581 0.440758 0.705776 0.442112 0.704874 0.442112 0.703971 0.442789 0.703069 0.442789 0.701264 0.444144 0.700361 0.444144 0.699458 0.444821 0.698556 0.444821 0.696751 0.446175 0.696751 0.446852 0.693141 0.449560 0.692238 0.449560 0.689531 0.451591 0.688628 0.451591 0.686823 0.452945 0.685921 0.452945 0.684116 0.454299 0.684116 0.454976 0.682310 0.456330 0.685018 0.458362 0.685921 0.458362 0.686823 0.459039 0.692238 0.459039 0.693141 0.459716 0.695848 0.459716 0.696751 0.460393 0.698556 0.460393 0.699458 0.461070 0.703069 0.461070 0.709386 0.465809 0.710289 0.465809 0.711191 0.465132 0.713899 0.465132 0.714801 0.465809 0.721119 0.465809 0.722924 0.467163 0.725632 0.467163 0.726534 0.467840 0.730144 0.467840 0.731047 0.468517 0.732852 0.468517 0.733755 0.469194 0.737365 0.469194 0.739170 0.470548 0.740072 0.470548 0.740975 0.471225 0.742780 0.471225 0.743682 0.471903 0.749097 0.471903 0.750000 0.472580 0.754513 0.472580 0.755415 0.473257 0.758123 0.473257 0.759025 0.473934 0.759928 0.473934 0.761733 0.475288 0.766245 0.475288 0.767148 0.475965 0.768051 0.475965 0.768953 0.476642 0.769856 0.476642 0.772563 0.478673 0.773466 0.478673 0.775271 0.480027 0.775271 0.480704 0.776173 0.480704 0.778881 0.482735 0.778881 0.483412 0.782491 0.480704 0.783394 0.480704 0.784296 0.481381 0.785199 0.481381 0.786101 0.482058 0.786101 0.482735 0.787004 0.482058 0.793321 0.482058 0.794224 0.482735 0.799639 0.482735 0.801444 0.484089 0.801444 0.486798 0.800542 0.487475 0.805054 0.487475 0.805957 0.486798 0.806859 0.486798 0.807762 0.487475 0.807762 0.490183 0.808664 0.490860 0.808664 0.491537 0.810469 0.491537 0.811372 0.492214 0.814079 0.492214 0.814982 0.492891 0.814982 0.493568 0.815884 0.494245 0.816787 0.494245 0.817690 0.494922 0.818592 0.494922 0.823105 0.498307 0.823105 0.499661 0.824007 0.500339 0.824007 0.501693 0.825812 0.503047 0.825812 0.503724 0.827617 0.505078 0.827617 0.505755 0.831227 0.508463 0.832130 0.508463 0.833032 0.509140 0.834838 0.509140 0.838448 0.511848 0.838448 0.512525 0.839350 0.513202 0.839350 0.514557 0.840253 0.515234 0.839350 0.515911 0.839350 0.518619 0.838448 0.519296 0.838448 0.522004 0.839350 0.522681 0.839350 0.524035 0.841155 0.525389 0.841155 0.526066 0.840253 0.526743 0.839350 0.526743 0.836643 0.528775 0.836643 0.529452 0.834838 0.530806 0.832130 0.530806 0.831227 0.531483 0.827617 0.531483 0.824007 0.534191 0.823105 0.533514 0.823105 0.532837 0.822202 0.532160 0.822202 0.531483 0.820397 0.530129 0.818592 0.531483 0.818592 0.532160 0.814982 0.534868 0.814982 0.536222 0.812274 0.538253 0.811372 0.538253 0.809567 0.539607 0.807762 0.539607 0.806859 0.540284 0.805957 0.539607 0.805957 0.538930 0.805054 0.538253 0.805054 0.537576 0.804152 0.536899 0.804152 0.536222 0.803249 0.536222 0.803249 0.544347 0.802347 0.545024 0.802347 0.545701 0.799639 0.547732 0.798736 0.547732 0.796931 0.549086 0.795126 0.547732 0.795126 0.547055 0.793321 0.545701 0.791516 0.545701 0.790614 0.546378 0.789711 0.546378 0.789711 0.550440 0.788809 0.551117 0.788809 0.552471 0.787906 0.553148 0.787906 0.557211 0.790614 0.559242 0.790614 0.559919 0.792419 0.561273 0.792419 0.561950 0.795126 0.563981 0.794224 0.564658 0.794224 0.565335 0.791516 0.567366 0.791516 0.568043 0.793321 0.569397 0.793321 0.570074 0.794224 0.570752 0.794224 0.571429 0.793321 0.572106 0.793321 0.572783 0.792419 0.573460 0.790614 0.573460 0.789711 0.572783 0.788809 0.572783 0.787906 0.573460 0.784296 0.573460 0.782491 0.574814 0.781588 0.574137 0.781588 0.573460 0.777978 0.570752 0.777978 0.569397 0.776173 0.569397 0.775271 0.570074 0.775271 0.580230 0.774368 0.580907 0.772563 0.580907 0.771661 0.581584 0.772563 0.582261 0.773466 0.582261 0.774368 0.582938 0.774368 0.583615 0.775271 0.584292 0.775271 0.585647 0.777076 0.585647 0.777076 0.584292 0.777978 0.583615 0.778881 0.583615 0.779783 0.584292 0.779783 0.586324 0.777978 0.587678 0.777978 0.589032 0.777076 0.589709 0.777076 0.590386 0.776173 0.591063 0.776173 0.591740 0.777076 0.591740 0.777978 0.592417 0.778881 0.592417 0.779783 0.593094 0.780686 0.593094 0.783394 0.595125 0.782491 0.595802 0.779783 0.595802 0.777978 0.597156 0.777978 0.598510 0.777076 0.599188 0.776173 0.599188 0.773466 0.601219 0.773466 0.601896 0.772563 0.602573 0.772563 0.603250 0.770758 0.604604 0.770758 0.605281 0.769856 0.605958 0.769856 0.606635 0.768953 0.607312 0.768953 0.607989 0.768051 0.608666 0.768051 0.609343 0.767148 0.610020 0.767148 0.611374 0.766245 0.612051 0.766245 0.613406 0.765343 0.614083 0.765343 0.614760 0.764440 0.615437 0.764440 0.617468 0.763538 0.618145 0.763538 0.619499 0.762635 0.620176 0.762635 0.621530 0.761733 0.622207 0.761733 0.624238 0.760830 0.624915 0.760830 0.626269 0.759928 0.626947 0.759928 0.628301 0.759025 0.628978 0.759025 0.629655 0.757220 0.631009 0.756318 0.631009 0.755415 0.631686 0.752708 0.631686 0.751805 0.631009 0.750000 0.631009 0.749097 0.630332 0.746390 0.630332 0.745487 0.629655 0.742780 0.629655 0.741877 0.628978 0.738267 0.628978 0.737365 0.628301 0.733755 0.628301 0.732852 0.627624 0.730144 0.627624 0.729242 0.626947 0.728339 0.626947 0.727437 0.626269 0.726534 0.626269 0.725632 0.625592 0.724729 0.625592 0.723827 0.624915 0.722924 0.624915 0.722022 0.624238 0.720217 0.624238 0.718412 0.622884 0.717509 0.622884 0.716606 0.622207 0.715704 0.622207 0.714801 0.621530 0.712996 0.621530 0.712094 0.620853 0.708484 0.620853 0.707581 0.620176 0.697653 0.620176 0.696751 0.619499 0.693141 0.619499 0.692238 0.618822 0.690433 0.618822 0.689531 0.618145 0.681408 0.618145 0.680505 0.618822 0.679603 0.618822 0.675993 0.621530 0.675993 0.622207 0.675090 0.622884 0.675090 0.625592 0.675993 0.626269 0.675993 0.627624 0.676895 0.628301 0.676895 0.629655 0.677798 0.630332 0.677798 0.631009 0.680505 0.633040 0.680505 0.633717 0.681408 0.634394 0.681408 0.635071 0.682310 0.635748 0.682310 0.636425 0.683213 0.637102 0.683213 0.637779 0.684116 0.638456 0.684116 0.639810 0.685018 0.640487 0.685018 0.643196 0.685921 0.643873 0.685921 0.645227 0.686823 0.645904 0.686823 0.647258 0.687726 0.647935 0.687726 0.648612 0.688628 0.649289 0.688628 0.649966 0.689531 0.650643 0.689531 0.651997 0.690433 0.652674 0.690433 0.653351 0.691336 0.654028 0.691336 0.654705 0.692238 0.655383 0.692238 0.656060 0.693141 0.656737 0.693141 0.657414 0.694946 0.658768 0.694946 0.659445 0.695848 0.660122 0.695848 0.660799 0.697653 0.662153 0.697653 0.662830 0.699458 0.664184 0.699458 0.664861 0.700361 0.665538 0.700361 0.666215 0.702166 0.667569 0.702166 0.668246 0.703069 0.668923 0.703069 0.669601 0.703971 0.670278 0.703971 0.670955 0.704874 0.671632 0.704874 0.675694 0.705776 0.676371 0.705776 0.680433 0.706679 0.681110 0.706679 0.682464 0.707581 0.683142 0.707581 0.683819 0.708484 0.684496 0.708484 0.685173 0.712094 0.687881 0.712094 0.688558 0.719314 0.693974 0.719314 0.694651 0.722022 0.696682 0.722924 0.696682 0.726534 0.699391 0.726534 0.700745 0.727437 0.701422 0.727437 0.702099 0.728339 0.702776 0.727437 0.703453 0.727437 0.706161 0.726534 0.706838 0.726534 0.707515 0.725632 0.708192 0.725632 0.708869 0.724729 0.709546 0.724729 0.710223 0.723827 0.710900 0.723827 0.711578 0.722924 0.712255 0.722924 0.712932 0.722022 0.713609 0.722022 0.714286 0.721119 0.714963 0.721119 0.715640 0.719314 0.716994 0.719314 0.717671 0.718412 0.718348 0.718412 0.719025 0.716606 0.720379 0.716606 0.721056 0.715704 0.721733 0.715704 0.723087 0.714801 0.723764 0.714801 0.724441 0.712996 0.725796 0.712996 0.726473 0.712094 0.727150 0.712094 0.727827 0.711191 0.728504 0.711191 0.729181 0.710289 0.729858 0.710289 0.730535 0.708484 0.731889 0.708484 0.732566 0.707581 0.733243 0.707581 0.733920 0.706679 0.734597 0.706679 0.735274 0.705776 0.735951 0.705776 0.736628 0.704874 0.737305 0.704874 0.737982 0.703971 0.738659 0.703971 0.739336 0.703069 0.740014 0.703069 0.740691 0.702166 0.741368 0.702166 0.742045 0.700361 0.743399 0.700361 0.744076 0.697653 0.746107 0.697653 0.746784 0.695848 0.748138 0.694043 0.748138 0.692238 0.749492 0.691336 0.749492 0.690433 0.750169 0.689531 0.750169 0.688628 0.750846 0.687726 0.750846 0.684116 0.753555 0.683213 0.753555 0.681408 0.754909 0.681408 0.755586 0.677798 0.758294 0.677798 0.758971 0.674188 0.761679 0.674188 0.762356 0.673285 0.763033 0.673285 0.763710 0.671480 0.765064 0.671480 0.766418 0.672383 0.767095 0.672383 0.768450 0.674188 0.769804 0.674188 0.770481 0.675993 0.771835 0.675993 0.772512 0.677798 0.773866 0.677798 0.774543 0.679603 0.775897 0.680505 0.775897 0.683213 0.777928 0.683213 0.778605 0.688628 0.782668 0.689531 0.782668 0.692238 0.784699 0.693141 0.784699 0.694946 0.786053 0.696751 0.786053 0.697653 0.786730 0.698556 0.786730 0.702166 0.789438 0.703069 0.789438 0.703971 0.790115 0.704874 0.790115 0.710289 0.794177 0.711191 0.794177 0.712996 0.795531 0.713899 0.795531 0.714801 0.796209 0.716606 0.796209 0.717509 0.796886 0.721119 0.796886 0.722022 0.797563 0.725632 0.797563 0.726534 0.798240 0.731949 0.798240 0.732852 0.797563 0.734657 0.797563 0.736462 0.796209 0.737365 0.796209 0.737365 0.795531 0.740975 0.792823 0.740975 0.792146 0.743682 0.790115 0.743682 0.789438 0.744585 0.788761 0.744585 0.788084 0.746390 0.786730 0.746390 0.786053 0.747292 0.785376 0.747292 0.784699 0.748195 0.784022 0.748195 0.783345 0.749097 0.782668 0.749097 0.781991 0.750903 0.780636 0.750903 0.779959 0.751805 0.779282 0.751805 0.771835 0.750903 0.771158 0.750903 0.769127 0.751805 0.768450 0.751805 0.761679 0.752708 0.761002 0.752708 0.760325 0.753610 0.759648 0.753610 0.758294 0.755415 0.756940 0.755415 0.756263 0.756318 0.755586 0.756318 0.754232 0.758123 0.752877 0.758123 0.752200 0.759025 0.751523 0.759025 0.750846 0.759928 0.750169 0.759928 0.749492 0.760830 0.748815 0.760830 0.748138 0.761733 0.747461 0.761733 0.746784 0.762635 0.746107 0.762635 0.745430 0.763538 0.744753 0.763538 0.743399 0.765343 0.742045 0.765343 0.741368 0.766245 0.740691 0.766245 0.740014 0.768051 0.738659 0.768051 0.737982 0.769856 0.736628 0.769856 0.735951 0.770758 0.735274 0.770758 0.734597 0.772563 0.733243 0.772563 0.732566 0.773466 0.731889 0.773466 0.730535 0.774368 0.729858 0.774368 0.729181 0.776173 0.727827 0.776173 0.727150 0.779783 0.724441 0.779783 0.723764 0.785199 0.719702 0.786101 0.719702 0.787906 0.721056 0.788809 0.721056 0.791516 0.723087 0.791516 0.723764 0.792419 0.723764 0.794224 0.725118 0.794224 0.725796 0.796029 0.727150 0.796029 0.727827 0.798736 0.729858 0.798736 0.730535 0.799639 0.731212 0.799639 0.731889 0.801444 0.733243 0.801444 0.733920 0.803249 0.735274 0.803249 0.735951 0.805054 0.737305 0.805054 0.737982 0.808664 0.740691 0.808664 0.741368 0.817690 0.748138 0.817690 0.748815 0.821300 0.751523 0.821300 0.752200 0.822202 0.752877 0.822202 0.753555 0.824007 0.754909 0.824007 0.756263 0.824910 0.756940 0.824910 0.757617 0.827617 0.759648 0.827617 0.760325 0.828520 0.761002 0.829422 0.761002 0.831227 0.762356 0.832130 0.762356 0.833032 0.763033 0.833935 0.763033 0.834838 0.763710 0.835740 0.763710 0.836643 0.764387 0.838448 0.764387 0.839350 0.765064 0.839350 0.766418 0.840253 0.767095 0.840253 0.767773 0.842058 0.769127 0.842058 0.770481 0.842960 0.771158 0.842960 0.773189 0.843863 0.773866 0.843863 0.775220 0.844765 0.775897 0.844765 0.777251 0.845668 0.777928 0.845668 0.783345 0.846570 0.784022 0.846570 0.800271 0.845668 0.800948 0.845668 0.805010 0.844765 0.805687 0.844765 0.807718 0.843863 0.808395 0.843863 0.809749 0.842960 0.810427 0.842960 0.811781 0.842058 0.812458 0.842058 0.813812 0.841155 0.814489 0.841155 0.815166 0.840253 0.815843 0.840253 0.817197 0.839350 0.817874 0.839350 0.819228 0.838448 0.819905 0.838448 0.820582 0.837545 0.821259 0.837545 0.821936 0.836643 0.822613 0.836643 0.823290 0.835740 0.823968 0.835740 0.825322 0.834838 0.825999 0.834838 0.827353 0.833935 0.828030 0.833935 0.830061 0.833032 0.830738 0.833032 0.832769 0.832130 0.833446 0.832130 0.834800 0.831227 0.835477 0.831227 0.837508 0.830325 0.838186 0.830325 0.840217 0.829422 0.840894 0.829422 0.842925 0.828520 0.843602 0.828520 0.844956 0.827617 0.845633 0.827617 0.846987 0.826715 0.847664 0.826715 0.849018 0.825812 0.849695 0.825812 0.850372 0.824910 0.851049 0.824910 0.851726 0.824007 0.852404 0.824007 0.853758 0.823105 0.854435 0.823105 0.855112 0.822202 0.855789 0.822202 0.857143 0.821300 0.857820 0.821300 0.858497 0.820397 0.859174 0.820397 0.860528 0.819495 0.861205 0.819495 0.861882 0.818592 0.862559 0.818592 0.863236 0.817690 0.863913 0.817690 0.865267 0.816787 0.865944 0.816787 0.866622 0.815884 0.867299 0.815884 0.868653 0.814982 0.869330 0.814982 0.870007 0.814079 0.870684 0.814079 0.871361 0.813177 0.872038 0.813177 0.872715 0.812274 0.873392 0.812274 0.874746 0.811372 0.875423 0.811372 0.876100 0.810469 0.876777 0.810469 0.878131 0.809567 0.878808 0.809567 0.880162 0.808664 0.880840 0.808664 0.881517 0.807762 0.882194 0.807762 0.882871 0.806859 0.883548 0.806859 0.884902 0.805957 0.885579 0.805957 0.886933 0.805054 0.887610 0.805054 0.888287 0.804152 0.888964 0.804152 0.889641 0.803249 0.890318 0.803249 0.892349 0.802347 0.893026 0.802347 0.894381 0.801444 0.895058 0.801444 0.896412 0.800542 0.897089 0.800542 0.899120 0.799639 0.899797 0.799639 0.901828 0.798736 0.902505 0.798736 0.903182 0.797834 0.903859 0.797834 0.905213 0.796931 0.905890 0.796931 0.907244 0.796029 0.907921 0.796029 0.909276 0.795126 0.909953 0.795126 0.911307 0.794224 0.911984 0.794224 0.913338 0.793321 0.914015 0.793321 0.915369 0.792419 0.916046 0.792419 0.918077 0.791516 0.918754 0.791516 0.920108 0.790614 0.920785 0.790614 0.922139 0.789711 0.922817 0.789711 0.924848 0.788809 0.925525 0.788809 0.926879 0.787906 0.927556 0.787906 0.928233 0.787004 0.928910 0.787004 0.930264 0.786101 0.930941 0.786101 0.932295 0.785199 0.932972 0.785199 0.934326 0.784296 0.935003 0.784296 0.936357 0.783394 0.937035 0.783394 0.937712 0.782491 0.938389 0.782491 0.939066 0.781588 0.939743 0.781588 0.940420 0.780686 0.941097 0.780686 0.941774 0.779783 0.942451 0.779783 0.943128 0.778881 0.943805 0.778881 0.944482 0.777978 0.945159 0.777978 0.945836 0.777076 0.946513 0.777076 0.947190 0.775271 0.948544 0.775271 0.949221 0.773466 0.950575 0.773466 0.951253 0.772563 0.951930 0.772563 0.952607 0.771661 0.953284 0.771661 0.953961 0.769856 0.955315 0.769856 0.955992 0.768051 0.957346 0.768051 0.958023 0.766245 0.959377 0.766245 0.960054 0.762635 0.962762 0.762635 0.963439 0.763538 0.963439 0.767148 0.966148 0.768051 0.966148 0.768953 0.966825 0.769856 0.966825 0.770758 0.967502 0.771661 0.967502 0.773466 0.968856 0.774368 0.968856 0.775271 0.969533 0.777076 0.969533 0.777978 0.970210 0.779783 0.970210 0.780686 0.970887 0.781588 0.970887 0.782491 0.971564 0.783394 0.971564 0.784296 0.972241 0.786101 0.972241 0.787004 0.972918 0.791516 0.972918 0.792419 0.973595 0.794224 0.973595 0.795126 0.974272 0.796029 0.974272 0.796931 0.974949 0.799639 0.974949 0.800542 0.975626 0.806859 0.975626 0.808664 0.974272 0.809567 0.974272 0.810469 0.973595 0.810469 0.972918 0.812274 0.971564 0.812274 0.970887 0.814079 0.969533 0.814079 0.968856 0.814982 0.968179 0.814982 0.967502 0.815884 0.966825 0.815884 0.966148 0.816787 0.965471 0.816787 0.964794 0.817690 0.964116 0.817690 0.963439 0.818592 0.962762 0.818592 0.962085 0.820397 0.960731 0.820397 0.960054 0.821300 0.959377 0.821300 0.958700 0.822202 0.958023 0.822202 0.957346 0.823105 0.956669 0.823105 0.955992 0.824007 0.955315 0.824007 0.954638 0.824910 0.953961 0.824910 0.952607 0.825812 0.951930 0.825812 0.951253 0.826715 0.950575 0.826715 0.949221 0.827617 0.948544 0.827617 0.947190 0.828520 0.946513 0.828520 0.945836 0.829422 0.945159 0.829422 0.943805 0.831227 0.942451 0.831227 0.941097 0.832130 0.940420 0.832130 0.939066 0.833032 0.938389 0.833032 0.937712 0.833935 0.937035 0.833935 0.935680 0.834838 0.935003 0.834838 0.933649 0.835740 0.932972 0.835740 0.931618 0.836643 0.930941 0.836643 0.929587 0.837545 0.928910 0.837545 0.928233 0.838448 0.927556 0.838448 0.925525 0.839350 0.924848 0.839350 0.924171 0.840253 0.923494 0.840253 0.922139 0.841155 0.921462 0.841155 0.920108 0.842058 0.919431 0.842058 0.918754 0.842960 0.918077 0.842960 0.916723 0.843863 0.916046 0.843863 0.914692 0.844765 0.914015 0.844765 0.913338 0.845668 0.912661 0.845668 0.911307 0.846570 0.910630 0.846570 0.909276 0.847473 0.908599 0.847473 0.907921 0.848375 0.907244 0.848375 0.905890 0.849278 0.905213 0.849278 0.903182 0.850181 0.902505 0.850181 0.900474 0.851083 0.899797 0.851083 0.899120 0.851986 0.898443 0.851986 0.896412 0.852888 0.895735 0.852888 0.894381 0.853791 0.893703 0.853791 0.892349 0.854693 0.891672 0.854693 0.890318 0.855596 0.889641 0.855596 0.887610 0.856498 0.886933 0.856498 0.885579 0.857401 0.884902 0.857401 0.883548 0.858303 0.882871 0.858303 0.880840 0.859206 0.880162 0.859206 0.879485 0.860108 0.878808 0.860108 0.877454 0.861011 0.876777 0.861011 0.876100 0.861913 0.875423 0.861913 0.874069 0.862816 0.873392 0.862816 0.872038 0.863718 0.871361 0.863718 0.870007 0.864621 0.869330 0.864621 0.868653 0.865523 0.867976 0.865523 0.866622 0.866426 0.865944 0.866426 0.864590 0.867329 0.863913 0.867329 0.863236 0.868231 0.862559 0.868231 0.861205 0.869134 0.860528 0.869134 0.859851 0.870036 0.859174 0.870036 0.857143 0.870939 0.856466 0.870939 0.855789 0.871841 0.855112 0.871841 0.853758 0.872744 0.853081 0.872744 0.852404 0.875451 0.850372 0.876354 0.850372 0.876354 0.849695 0.879061 0.847664 0.879061 0.846987 0.879964 0.846310 0.879964 0.845633 0.880866 0.844956 0.880866 0.844279 0.881769 0.843602 0.881769 0.841571 0.882671 0.840894 0.882671 0.839540 0.883574 0.838863 0.883574 0.836831 0.884477 0.836154 0.884477 0.834123 0.885379 0.833446 0.885379 0.832092 0.886282 0.831415 0.886282 0.829384 0.887184 0.828707 0.887184 0.826676 0.888087 0.825999 0.888087 0.823968 0.888989 0.823290 0.888989 0.821936 0.889892 0.821259 0.889892 0.818551 0.890794 0.817874 0.890794 0.815843 0.891697 0.815166 0.891697 0.813135 0.892599 0.812458 0.892599 0.810427 0.893502 0.809749 0.893502 0.806364 0.894404 0.805687 0.894404 0.802302 0.895307 0.801625 0.895307 0.789438 0.894404 0.788761 0.894404 0.786053 0.893502 0.785376 0.893502 0.782668 0.892599 0.781991 0.892599 0.780636 0.891697 0.779959 0.891697 0.777928 0.890794 0.777251 0.890794 0.775897 0.889892 0.775220 0.889892 0.773866 0.888989 0.773189 0.888989 0.771835 0.888087 0.771158 0.888087 0.769804 0.887184 0.769127 0.887184 0.767773 0.886282 0.767095 0.886282 0.766418 0.885379 0.765741 0.885379 0.764387 0.884477 0.763710 0.884477 0.762356 0.883574 0.761679 0.883574 0.761002 0.882671 0.760325 0.882671 0.758971 0.881769 0.758294 0.881769 0.756940 0.880866 0.756263 0.880866 0.754909 0.879964 0.754232 0.879964 0.752877 0.879061 0.752200 0.879061 0.750846 0.878159 0.750169 0.878159 0.748815 0.877256 0.748138 0.877256 0.746784 0.876354 0.746107 0.876354 0.744753 0.875451 0.744076 0.875451 0.743399 0.874549 0.742722 0.874549 0.741368 0.873646 0.740691 0.873646 0.739336 0.872744 0.738659 0.872744 0.737982 0.871841 0.737305 0.871841 0.735951 0.870939 0.735274 0.870939 0.733920 0.870036 0.733243 0.870036 0.732566 0.869134 0.731889 0.869134 0.731212 0.868231 0.730535 0.868231 0.729181 0.867329 0.728504 0.867329 0.727150 0.866426 0.726473 0.866426 0.725118 0.865523 0.724441 0.865523 0.723764 0.864621 0.723087 0.864621 0.722410 0.863718 0.721733 0.863718 0.721056 0.862816 0.720379 0.862816 0.719702 0.861913 0.719025 0.861913 0.718348 0.861011 0.717671 0.861011 0.716994 0.860108 0.716317 0.860108 0.715640 0.858303 0.714286 0.858303 0.713609 0.852888 0.709546 0.857401 0.706161 0.858303 0.706161 0.859206 0.705484 0.861913 0.705484 0.862816 0.704807 0.863718 0.705484 0.873646 0.705484 0.874549 0.704807 0.876354 0.704807 0.877256 0.704130 0.878159 0.704130 0.879061 0.703453 0.887184 0.703453 0.888087 0.702776 0.892599 0.702776 0.893502 0.702099 0.898014 0.702099 0.898917 0.701422 0.901625 0.701422 0.902527 0.700745 0.906137 0.700745 0.907040 0.700068 0.915162 0.700068 0.916065 0.699391 0.917870 0.699391 0.918773 0.698714 0.919675 0.698714 0.920578 0.698037 0.922383 0.698037 0.923285 0.697360 0.925090 0.697360 0.926895 0.696005 0.927798 0.696005 0.928700 0.695328 0.929603 0.695328 0.930505 0.694651 0.931408 0.694651 0.935018 0.691943 0.936823 0.691943 0.937726 0.691266 0.938628 0.691266 0.939531 0.690589 0.941336 0.690589 0.942238 0.689912 0.943141 0.689912 0.944043 0.689235 0.944946 0.689235 0.945848 0.688558 0.946751 0.688558 0.948556 0.687204 0.950361 0.687204 0.951264 0.686527 0.952166 0.686527 0.960289 0.680433 0.960289 0.679756 0.964801 0.676371 0.964801 0.675694 0.967509 0.673663 0.967509 0.672986 0.970217 0.670955 0.970217 0.670278 0.972022 0.668923 0.972022 0.668246 0.973827 0.666892 0.973827 0.666215 0.974729 0.665538 0.974729 0.664861 0.975632 0.664184 0.975632 0.663507 0.976534 0.662830 0.976534 0.662153 0.978339 0.660799 0.978339 0.660122 0.979242 0.659445 0.979242 0.658768 0.980144 0.658091 0.980144 0.657414 0.981047 0.656737 0.981047 0.656060 0.981949 0.655383 0.981949 0.654705 0.982852 0.654028 0.982852 0.653351 0.983755 0.652674 0.983755 0.651997 0.985560 0.650643 0.985560 0.649966 0.987365 0.648612 0.987365 0.647935 0.990975 0.645227 0.990975 0.644550 0.992780 0.643196 0.992780 0.642519 0.994585 0.641165 0.994585 0.640487 0.995487 0.639810 0.995487 0.639133 0.996390 0.638456 0.996390 0.637102 0.998195 0.635748 0.999097 0.635748 0.999097 0.583615 0.998195 0.583615 0.996390 0.582261 0.996390 0.581584 0.994585 0.580230 0.987365 0.580230 0.986462 0.580907 0.985560 0.580907 0.984657 0.581584 0.983755 0.581584 0.981047 0.579553 0.980144 0.579553 0.978339 0.578199 0.977437 0.578199 0.975632 0.576845 0.975632 0.576168 0.970217 0.572106 0.969314 0.572106 0.968412 0.571429 0.963899 0.571429 0.962996 0.570752 0.961191 0.572106 0.960289 0.572106 0.960289 0.572783 0.959386 0.573460 0.959386 0.574814 0.958484 0.575491 0.958484 0.576168 0.957581 0.576845 0.957581 0.577522 0.956679 0.578199 0.956679 0.578876 0.954874 0.580230 0.954874 0.580907 0.953971 0.581584 0.953971 0.582261 0.947653 0.587001 0.946751 0.587001 0.945848 0.587678 0.945848 0.588355 0.943141 0.590386 0.943141 0.591063 0.941336 0.592417 0.940433 0.592417 0.939531 0.593094 0.938628 0.593094 0.933213 0.597156 0.933213 0.597833 0.930505 0.599865 0.929603 0.599865 0.927798 0.601219 0.926895 0.601219 0.925090 0.602573 0.924188 0.602573 0.921480 0.604604 0.920578 0.604604 0.916065 0.607989 0.915162 0.607989 0.914260 0.608666 0.913357 0.608666 0.912455 0.609343 0.911552 0.609343 0.909747 0.610697 0.908845 0.610697 0.907942 0.611374 0.907040 0.611374 0.905235 0.612729 0.904332 0.612729 0.902527 0.614083 0.901625 0.614083 0.900722 0.614760 0.895307 0.614760 0.894404 0.615437 0.893502 0.615437 0.887184 0.620176 0.886282 0.620176 0.885379 0.620853 0.884477 0.620853 0.883574 0.621530 0.882671 0.621530 0.881769 0.622207 0.880866 0.622207 0.879964 0.622884 0.879061 0.622884 0.877256 0.624238 0.876354 0.624238 0.875451 0.624915 0.873646 0.624915 0.872744 0.625592 0.870036 0.625592 0.869134 0.626269 0.868231 0.626269 0.867329 0.626947 0.865523 0.626947 0.864621 0.627624 0.862816 0.627624 0.861913 0.628301 0.861011 0.628301 0.860108 0.628978 0.858303 0.628978 0.857401 0.629655 0.855596 0.629655 0.854693 0.630332 0.851986 0.630332 0.850181 0.628978 0.850181 0.627624 0.849278 0.626947 0.849278 0.625592 0.850181 0.624915 0.850181 0.622884 0.851083 0.622207 0.851083 0.621530 0.851986 0.620853 0.852888 0.620853 0.853791 0.620176 0.856498 0.620176 0.857401 0.619499 0.858303 0.619499 0.858303 0.618145 0.859206 0.617468 0.859206 0.616114 0.861011 0.614760 0.861913 0.614760 0.864621 0.612729 0.864621 0.612051 0.865523 0.611374 0.866426 0.611374 0.867329 0.610697 0.868231 0.610697 0.869134 0.610020 0.869134 0.609343 0.871841 0.607312 0.873646 0.607312 0.874549 0.606635 0.877256 0.606635 0.878159 0.605958 0.879061 0.605958 0.879964 0.605281 0.883574 0.605281 0.885379 0.603927 0.885379 0.603250 0.886282 0.602573 0.886282 0.601896 0.889892 0.599188 0.889892 0.598510 0.890794 0.597833 0.890794 0.597156 0.891697 0.596479 0.891697 0.595802 0.892599 0.595125 0.892599 0.594448 0.895307 0.592417 0.896209 0.592417 0.897112 0.591740 0.897112 0.590386 0.898014 0.589709 0.898014 0.588355 0.898917 0.587678 0.898917 0.587001 0.899819 0.586324 0.899819 0.584970 0.902527 0.582938 0.902527 0.582261 0.903430 0.581584 0.903430 0.580907 0.904332 0.580230 0.904332 0.579553 0.905235 0.578876 0.905235 0.578199 0.906137 0.577522 0.906137 0.576168 0.907040 0.575491 0.907040 0.574814 0.907942 0.574137 0.907942 0.573460 0.908845 0.572783 0.908845 0.572106 0.909747 0.571429 0.909747 0.569397 0.910650 0.568720 0.910650 0.566689 0.911552 0.566012 0.911552 0.563304 0.912455 0.562627 0.912455 0.559919 0.913357 0.559242 0.913357 0.558565 0.914260 0.557888 0.914260 0.557211 0.915162 0.556534 0.915162 0.555856 0.916065 0.555179 0.916065 0.548409 0.916968 0.547732 0.916968 0.546378 0.916065 0.545701 0.916065 0.542993 0.915162 0.542316 0.915162 0.540961 0.914260 0.540284 0.914260 0.538253 0.913357 0.537576 0.913357 0.534868 0.912455 0.534191 0.912455 0.531483 0.911552 0.530806 0.911552 0.527420 0.910650 0.526743 0.910650 0.522681 0.909747 0.522004 0.909747 0.521327 0.908845 0.520650 0.908845 0.519973 0.907942 0.519296 0.907942 0.518619 0.902527 0.514557 0.901625 0.514557 0.900722 0.513879 0.899819 0.513879 0.898917 0.513202 0.898014 0.513202 0.897112 0.512525 0.895307 0.512525 0.894404 0.511848 0.893502 0.511848 0.892599 0.511171 0.891697 0.511171 0.890794 0.510494 0.888087 0.510494 0.887184 0.509817 0.883574 0.509817 0.882671 0.509140 0.881769 0.509140 0.879061 0.507109 0.879061 0.505755 0.878159 0.505078 0.878159 0.484089 0.879061 0.483412 0.879061 0.482735 0.883574 0.479350 0.883574 0.477996 0.884477 0.477319 0.884477 0.469871 0.882671 0.468517 0.881769 0.468517 0.880866 0.467840 0.879964 0.467840 0.878159 0.466486 0.878159 0.465132 0.875451 0.463101 0.875451 0.461747 0.873646 0.460393 0.873646 0.459716 0.871841 0.458362 0.871841 0.457684 0.870939 0.457007 0.870939 0.456330 0.870036 0.455653 0.870036 0.454299 0.869134 0.453622 0.869134 0.452268 0.868231 0.451591 0.868231 0.448883 0.867329 0.448206 0.867329 0.445498 0.866426 0.444821 0.866426 0.443466 0.865523 0.442789 0.865523 0.442112 0.864621 0.441435 0.864621 0.440758 0.863718 0.440081 0.863718 0.439404 0.862816 0.438727 0.862816 0.437373 0.861913 0.436696 0.861913 0.435342 0.861011 0.434665 0.861011 0.433988 0.860108 0.433311 0.860108 0.431957 0.859206 0.431280 0.859206 0.430603 0.858303 0.429926 0.858303 0.429248 0.857401 0.428571 0.857401 0.427217 0.856498 0.426540 0.856498 0.425186 0.855596 0.424509 0.855596 0.423155 0.854693 0.422478 0.854693 0.421801 0.852888 0.420447 0.852888 0.419770 0.851986 0.419093 0.851986 0.418416 0.845668 0.413676 0.844765 0.413676 0.838448 0.408937 0.838448 0.408260 0.837545 0.407583 0.836643 0.407583 0.833032 0.404875 0.832130 0.404875 0.829422 0.402844 0.828520 0.402844 0.826715 0.401490 0.825812 0.401490 0.824910 0.400812 0.824007 0.400812 0.823105 0.400135 0.822202 0.400135 0.821300 0.399458 0.820397 0.399458 0.815884 0.396073 0.815884 0.395396 0.814079 0.394042 0.814079 0.393365 0.813177 0.392688 0.813177 0.392011 0.812274 0.391334 0.811372 0.391334 0.810469 0.390657 0.809567 0.390657 0.808664 0.389980 0.808664 0.389303 0.805957 0.387271 0.804152 0.387271 0.800542 0.384563 0.799639 0.384563 0.795126 0.381178 0.795126 0.380501 0.792419 0.378470
3 0.842058 0.379824 0.842058 0.380501 0.842960 0.379824
3 0.797834 0.043331 0.796931 0.044008 0.796931 0.044685 0.796029 0.045362 0.796029 0.046039 0.795126 0.046716 0.796029 0.047393 0.796931 0.047393 0.799639 0.049425 0.801444 0.049425 0.802347 0.050102 0.804152 0.050102 0.805054 0.050779 0.808664 0.050779 0.809567 0.050102 0.810469 0.050102 0.811372 0.049425 0.814079 0.049425 0.815884 0.050779 0.816787 0.050779 0.817690 0.051456 0.820397 0.051456 0.820397 0.050779 0.821300 0.050102 0.820397 0.049425 0.818592 0.049425 0.817690 0.048747 0.817690 0.048070 0.816787 0.047393 0.816787 0.046716 0.813177 0.046716 0.812274 0.046039 0.808664 0.046039 0.806859 0.044685 0.805957 0.044685 0.804152 0.043331
3 0.758123 0.040623 0.753610 0.044008 0.751805 0.044008 0.750903 0.044685 0.749097 0.044685 0.748195 0.045362 0.747292 0.045362 0.746390 0.044685 0.743682 0.044685 0.741877 0.046039 0.741877 0.046716 0.740072 0.048070 0.739170 0.048070 0.734657 0.051456 0.731949 0.051456 0.731047 0.052133 0.729242 0.052133 0.728339 0.052810 0.724729 0.052810 0.723827 0.053487 0.722924 0.053487 0.722022 0.052810 0.719314 0.052810 0.718412 0.053487 0.717509 0.053487 0.717509 0.054164 0.719314 0.054164 0.720217 0.054841 0.721119 0.054164 0.722022 0.054164 0.722924 0.053487 0.723827 0.053487 0.725632 0.054841 0.725632 0.055518 0.726534 0.056195 0.726534 0.056872 0.725632 0.057549 0.710289 0.057549 0.709386 0.058226 0.704874 0.058226 0.703971 0.058903 0.703069 0.058903 0.702166 0.059580 0.702166 0.060934 0.703069 0.061611 0.703069 0.062965 0.703971 0.063643 0.703971 0.064320 0.704874 0.064997 0.704874 0.065674 0.705776 0.066351 0.705776 0.067028 0.706679 0.067705 0.706679 0.068382 0.708484 0.069736 0.708484 0.071090 0.709386 0.071767 0.709386 0.072444 0.711191 0.073798 0.711191 0.075152 0.712094 0.075829 0.712094 0.077183 0.712996 0.077861 0.712996 0.079215 0.713899 0.079892 0.713899 0.080569 0.714801 0.081246 0.714801 0.083277 0.715704 0.083954 0.715704 0.086662 0.716606 0.087339 0.716606 0.089370 0.717509 0.090047 0.717509 0.090724 0.718412 0.091401 0.717509 0.092079 0.717509 0.092756 0.716606 0.093433 0.716606 0.094110 0.714801 0.095464 0.713899 0.095464 0.712996 0.096141 0.710289 0.096141 0.709386 0.096818 0.706679 0.096818 0.705776 0.097495 0.703069 0.097495 0.702166 0.098172 0.698556 0.098172 0.697653 0.098849 0.694946 0.098849 0.694043 0.099526 0.687726 0.099526 0.686823 0.100203 0.675090 0.100203 0.674188 0.099526 0.669675 0.099526 0.668773 0.098849 0.667870 0.098849 0.666968 0.098172 0.665162 0.098172 0.664260 0.097495 0.663357 0.097495 0.662455 0.096818 0.661552 0.096818 0.660650 0.096141 0.659747 0.096141 0.657942 0.094787 0.657040 0.094787 0.656137 0.094110 0.655235 0.094110 0.654332 0.093433 0.653430 0.093433 0.652527 0.092756 0.650722 0.092756 0.649819 0.092079 0.648917 0.092079 0.648014 0.091401 0.647112 0.091401 0.646209 0.090724 0.643502 0.090724 0.641697 0.089370 0.640794 0.089370 0.639892 0.088693 0.638989 0.088693 0.636282 0.086662 0.635379 0.086662 0.633574 0.085308 0.629964 0.085308 0.629061 0.084631 0.628159 0.084631 0.623646 0.081246 0.623646 0.079892 0.620939 0.077861 0.620939 0.077183 0.620036 0.076506 0.620036 0.075829 0.619134 0.075152 0.619134 0.074475 0.619134 0.076506 0.618231 0.077183 0.618231 0.081923 0.619134 0.082600 0.619134 0.083954 0.620036 0.084631 0.620036 0.088016 0.618231 0.089370 0.617329 0.089370 0.616426 0.090047 0.611913 0.090047 0.611011 0.090724 0.609206 0.090724 0.608303 0.090047 0.606498 0.090047 0.605596 0.089370 0.601083 0.089370 0.600181 0.088693 0.599278 0.088693 0.598375 0.088016 0.597473 0.088693 0.594765 0.088693 0.592058 0.086662 0.591155 0.086662 0.590253 0.087339 0.590253 0.088016 0.589350 0.088693 0.583935 0.088693 0.583032 0.088016 0.584838 0.086662 0.584838 0.085985 0.586643 0.084631 0.586643 0.083277 0.587545 0.082600 0.587545 0.081923 0.588448 0.081246 0.592058 0.081246 0.593863 0.079892 0.594765 0.079892 0.597473 0.081923 0.598375 0.081923 0.600181 0.080569 0.600181 0.077861 0.601083 0.077183 0.601083 0.075829 0.604693 0.073121 0.604693 0.071767 0.605596 0.071090 0.604693 0.070413 0.600181 0.070413 0.599278 0.071090 0.598375 0.071090 0.598375 0.071767 0.596570 0.073121 0.596570 0.073798 0.595668 0.074475 0.593863 0.073121 0.593863 0.072444 0.592960 0.071767 0.592960 0.070413 0.592058 0.069736 0.592058 0.068382 0.591155 0.067705 0.592960 0.066351 0.592960 0.065674 0.595668 0.063643 0.595668 0.062965 0.597473 0.061611 0.597473 0.060257 0.600181 0.058226 0.600181 0.056872 0.601083 0.056195 0.601083 0.055518 0.601986 0.054841 0.601986 0.054164 0.602888 0.053487 0.602888 0.052810 0.605596 0.050779 0.605596 0.050102 0.606498 0.049425 0.606498 0.048070 0.608303 0.046716 0.607401 0.046716 0.606498 0.046039 0.592058 0.046039 0.591155 0.046716 0.583032 0.046716 0.582130 0.047393 0.579422 0.047393 0.578520 0.048070 0.575812 0.048070 0.574910 0.048747 0.574007 0.048747 0.573105 0.049425 0.571300 0.049425 0.570397 0.050102 0.569495 0.050102 0.567690 0.051456 0.566787 0.051456 0.564079 0.053487 0.563177 0.053487 0.563177 0.054164 0.546029 0.067028 0.546029 0.067705 0.542419 0.070413 0.542419 0.071090 0.537906 0.074475 0.537906 0.075152 0.535199 0.077183 0.535199 0.077861 0.534296 0.078538 0.534296 0.079215 0.532491 0.080569 0.531588 0.080569 0.530686 0.081246 0.529783 0.081246 0.527076 0.083277 0.526173 0.083277 0.525271 0.083954 0.524368 0.083954 0.521661 0.085985 0.520758 0.085985 0.518953 0.087339 0.518051 0.087339 0.516245 0.088693 0.515343 0.088693 0.514440 0.089370 0.512635 0.089370 0.511733 0.090047 0.510830 0.090047 0.509928 0.089370 0.507220 0.089370 0.506318 0.088693 0.503610 0.088693 0.502708 0.088016 0.494585 0.088016 0.493682 0.087339 0.487365 0.087339 0.486462 0.088016 0.483755 0.088016 0.482852 0.088693 0.481949 0.088693 0.481047 0.089370 0.480144 0.089370 0.479242 0.090047 0.478339 0.090047 0.476534 0.091401 0.476534 0.092079 0.477437 0.092756 0.477437 0.094110 0.478339 0.094787 0.478339 0.095464 0.480144 0.096818 0.480144 0.097495 0.481949 0.098849 0.481949 0.099526 0.484657 0.101557 0.484657 0.102234 0.485560 0.102911 0.485560 0.103588 0.486462 0.104265 0.486462 0.105619 0.488267 0.106974 0.488267 0.107651 0.489170 0.108328 0.489170 0.109005 0.496390 0.114421 0.497292 0.114421 0.499097 0.115775 0.500000 0.115775 0.503610 0.118483 0.504513 0.118483 0.505415 0.119160 0.505415 0.119838 0.506318 0.120515 0.506318 0.128639 0.505415 0.129316 0.505415 0.139472 0.506318 0.140149 0.506318 0.141503 0.508123 0.142857 0.508123 0.143534 0.509928 0.144888 0.510830 0.144888 0.512635 0.146242 0.513538 0.146242 0.514440 0.146919 0.521661 0.146919 0.522563 0.146242 0.523466 0.146242 0.524368 0.145565 0.524368 0.144888 0.526173 0.143534 0.526173 0.142857 0.527978 0.141503 0.527978 0.140826 0.528881 0.140149 0.528881 0.139472 0.529783 0.138795 0.529783 0.138118 0.530686 0.137441 0.530686 0.136764 0.534296 0.134056 0.535199 0.134056 0.536101 0.133378 0.537004 0.133378 0.537906 0.132701 0.538809 0.132701 0.539711 0.132024 0.547834 0.132024 0.548736 0.131347 0.552347 0.131347 0.553249 0.130670 0.558664 0.130670 0.559567 0.129993 0.564982 0.129993 0.565884 0.129316 0.567690 0.129316 0.568592 0.128639 0.570397 0.128639 0.578520 0.122546 0.580325 0.122546 0.581227 0.121869 0.596570 0.121869 0.597473 0.121192 0.599278 0.121192 0.600181 0.121869 0.644404 0.121869 0.645307 0.122546 0.648917 0.122546 0.649819 0.121869 0.664260 0.121869 0.665162 0.122546 0.667870 0.122546 0.668773 0.121869 0.678700 0.121869 0.679603 0.121192 0.687726 0.121192 0.688628 0.120515 0.690433 0.120515 0.691336 0.119838 0.694043 0.119838 0.694946 0.119160 0.697653 0.119160 0.698556 0.118483 0.701264 0.118483 0.702166 0.117806 0.704874 0.117806 0.705776 0.117129 0.708484 0.117129 0.709386 0.116452 0.711191 0.116452 0.712094 0.115775 0.716606 0.115775 0.718412 0.117129 0.718412 0.122546 0.717509 0.123223 0.717509 0.124577 0.716606 0.125254 0.716606 0.129993 0.715704 0.130670 0.715704 0.134056 0.714801 0.134733 0.714801 0.137441 0.713899 0.138118 0.713899 0.140826 0.712996 0.141503 0.712996 0.143534 0.712094 0.144211 0.712094 0.146242 0.711191 0.146919 0.711191 0.148274 0.710289 0.148951 0.710289 0.150305 0.709386 0.150982 0.709386 0.154367 0.708484 0.155044 0.708484 0.156398 0.707581 0.157075 0.707581 0.159106 0.706679 0.159783 0.706679 0.162492 0.705776 0.163169 0.705776 0.165200 0.704874 0.165877 0.704874 0.168585 0.703971 0.169262 0.703971 0.169939 0.703069 0.170616 0.703069 0.171293 0.702166 0.171970 0.702166 0.174001 0.701264 0.174678 0.701264 0.176032 0.700361 0.176710 0.700361 0.177387 0.699458 0.178064 0.699458 0.178741 0.698556 0.179418 0.698556 0.180772 0.697653 0.181449 0.697653 0.182126 0.696751 0.182803 0.696751 0.183480 0.695848 0.184157 0.695848 0.184834 0.694946 0.185511 0.694946 0.186865 0.693141 0.188219 0.693141 0.188896 0.692238 0.189573 0.692238 0.190251 0.689531 0.192282 0.689531 0.192959 0.688628 0.193636 0.688628 0.196344 0.690433 0.197698 0.690433 0.198375 0.693141 0.200406 0.694043 0.200406 0.694946 0.201083 0.703069 0.201083 0.703971 0.200406 0.707581 0.200406 0.708484 0.199729 0.717509 0.199729 0.718412 0.200406 0.719314 0.200406 0.720217 0.201083 0.722022 0.201083 0.722924 0.201760 0.723827 0.201760 0.725632 0.203114 0.726534 0.203114 0.727437 0.203791 0.729242 0.203791 0.730144 0.204469 0.731047 0.204469 0.733755 0.206500 0.734657 0.206500 0.735560 0.207177 0.737365 0.207177 0.738267 0.207854 0.740975 0.207854 0.741877 0.208531 0.743682 0.208531 0.744585 0.209208 0.746390 0.209208 0.747292 0.209885 0.750000 0.209885 0.750903 0.209208 0.751805 0.209208 0.752708 0.208531 0.753610 0.208531 0.754513 0.207854 0.755415 0.207854 0.756318 0.207177 0.757220 0.207177 0.759025 0.205823 0.759928 0.205823 0.760830 0.205146 0.761733 0.205146 0.763538 0.203791 0.764440 0.203791 0.766245 0.202437 0.767148 0.202437 0.768051 0.201760 0.768953 0.201760 0.769856 0.201083 0.770758 0.201083 0.775271 0.197698 0.776173 0.197698 0.777076 0.197021 0.777978 0.197021 0.779783 0.195667 0.780686 0.195667 0.782491 0.194313 0.784296 0.194313 0.785199 0.193636 0.787004 0.193636 0.789711 0.195667 0.789711 0.197021 0.790614 0.197698 0.790614 0.202437 0.789711 0.203114 0.789711 0.205146 0.788809 0.205823 0.788809 0.207177 0.787906 0.207854 0.787906 0.209885 0.787004 0.210562 0.787004 0.211239 0.783394 0.213947 0.782491 0.213947 0.779783 0.215978 0.779783 0.216655 0.778881 0.217332 0.777978 0.217332 0.776173 0.218687 0.775271 0.218687 0.774368 0.219364 0.773466 0.219364 0.771661 0.220718 0.771661 0.221395 0.770758 0.222072 0.770758 0.222749 0.769856 0.223426 0.771661 0.224780 0.776173 0.224780 0.777978 0.223426 0.778881 0.223426 0.778881 0.222749 0.781588 0.220718 0.782491 0.220718 0.787906 0.216655 0.787906 0.215978 0.791516 0.213270 0.792419 0.213270 0.794224 0.211916 0.800542 0.211916 0.801444 0.212593 0.803249 0.212593 0.804152 0.213270 0.805054 0.213270 0.805957 0.213947 0.807762 0.213947 0.808664 0.214624 0.812274 0.214624 0.813177 0.215301 0.820397 0.215301 0.821300 0.214624 0.822202 0.214624 0.823105 0.213947 0.825812 0.213947 0.826715 0.213270 0.827617 0.213270 0.831227 0.210562 0.832130 0.210562 0.833032 0.209885 0.833935 0.209885 0.833935 0.209208 0.834838 0.208531 0.834838 0.207854 0.837545 0.205823 0.837545 0.205146 0.839350 0.203791 0.839350 0.203114 0.840253 0.202437 0.840253 0.200406 0.841155 0.199729 0.841155 0.198375 0.842058 0.197698 0.842058 0.197021 0.842960 0.196344 0.842960 0.195667 0.843863 0.194990 0.843863 0.194313 0.844765 0.193636 0.845668 0.193636 0.846570 0.194313 0.846570 0.194990 0.847473 0.195667 0.847473 0.196344 0.848375 0.197021 0.848375 0.197698 0.849278 0.198375 0.849278 0.201760 0.850181 0.202437 0.850181 0.203114 0.851986 0.204469 0.851986 0.205146 0.852888 0.205823 0.852888 0.206500 0.853791 0.207177 0.853791 0.207854 0.857401 0.210562 0.857401 0.211239 0.859206 0.212593 0.859206 0.213270 0.860108 0.213270 0.861913 0.214624 0.863718 0.214624 0.864621 0.215301 0.872744 0.215301 0.877256 0.218687 0.877256 0.220041 0.878159 0.220718 0.878159 0.221395 0.879061 0.222072 0.879061 0.222749 0.879964 0.223426 0.879964 0.224780 0.880866 0.225457 0.880866 0.227488 0.881769 0.228165 0.881769 0.230196 0.882671 0.230873 0.882671 0.233582 0.883574 0.234259 0.883574 0.261341 0.884477 0.262018 0.884477 0.276236 0.883574 0.276913 0.883574 0.278267 0.882671 0.278944 0.882671 0.280298 0.881769 0.280975 0.881769 0.282329 0.880866 0.283006 0.880866 0.285037 0.879964 0.285714 0.879964 0.287068 0.879061 0.287745 0.879061 0.289100 0.878159 0.289777 0.878159 0.291808 0.877256 0.292485 0.877256 0.295193 0.876354 0.295870 0.876354 0.304672 0.875451 0.305349 0.875451 0.312119 0.874549 0.312796 0.874549 0.335816 0.873646 0.336493 0.873646 0.337847 0.872744 0.338524 0.872744 0.340555 0.871841 0.341232 0.871841 0.342586 0.870939 0.343263 0.870939 0.343940 0.869134 0.345295 0.869134 0.345972 0.868231 0.346649 0.868231 0.347326 0.867329 0.348003 0.867329 0.348680 0.866426 0.349357 0.866426 0.350034 0.864621 0.351388 0.864621 0.352065 0.863718 0.352742 0.863718 0.353419 0.862816 0.354096 0.862816 0.354773 0.861913 0.355450 0.861913 0.356804 0.859206 0.358835 0.859206 0.359513 0.858303 0.360190 0.858303 0.361544 0.856498 0.362898 0.856498 0.363575 0.854693 0.364929 0.854693 0.365606 0.853791 0.366283 0.853791 0.366960 0.851083 0.368991 0.851083 0.369668 0.850181 0.370345 0.850181 0.371022 0.849278 0.371699 0.848375 0.371699 0.848375 0.372376 0.847473 0.373053 0.847473 0.374408 0.844765 0.376439 0.844765 0.378470 0.845668 0.377793 0.847473 0.377793 0.848375 0.377116 0.849278 0.377116 0.850181 0.376439 0.850181 0.375762 0.851986 0.374408 0.851986 0.373731 0.853791 0.372376 0.853791 0.371699 0.856498 0.369668 0.856498 0.368991 0.857401 0.368314 0.857401 0.367637 0.860108 0.365606 0.860108 0.364929 0.862816 0.362898 0.862816 0.361544 0.863718 0.360867 0.863718 0.360190 0.864621 0.359513 0.864621 0.358835 0.865523 0.358158 0.865523 0.357481 0.866426 0.356804 0.866426 0.356127 0.867329 0.355450 0.867329 0.354773 0.869134 0.353419 0.869134 0.352742 0.870036 0.352065 0.870036 0.351388 0.870939 0.350711 0.870939 0.350034 0.873646 0.348003 0.873646 0.347326 0.874549 0.346649 0.874549 0.345972 0.875451 0.345295 0.875451 0.344617 0.876354 0.343940 0.876354 0.343263 0.877256 0.342586 0.877256 0.341232 0.878159 0.340555 0.878159 0.339201 0.879061 0.338524 0.879061 0.337170 0.879964 0.336493 0.879964 0.320921 0.880866 0.320244 0.880866 0.316181 0.881769 0.315504 0.881769 0.312119 0.882671 0.311442 0.882671 0.308734 0.883574 0.308057 0.883574 0.304672 0.884477 0.303995 0.884477 0.301286 0.885379 0.300609 0.885379 0.299255 0.886282 0.298578 0.886282 0.297224 0.887184 0.296547 0.887184 0.295870 0.888087 0.295193 0.888087 0.293839 0.888989 0.293162 0.888989 0.292485 0.889892 0.291808 0.889892 0.291131 0.890794 0.290454 0.890794 0.289777 0.891697 0.289100 0.891697 0.287745 0.892599 0.287068 0.892599 0.285714 0.893502 0.285037 0.893502 0.283006 0.894404 0.282329 0.894404 0.278944 0.895307 0.278267 0.895307 0.272173 0.896209 0.271496 0.896209 0.268111 0.897112 0.267434 0.897112 0.264049 0.898014 0.263372 0.898014 0.260664 0.898917 0.259986 0.898917 0.256601 0.899819 0.255924 0.899819 0.253893 0.900722 0.253216 0.900722 0.250508 0.901625 0.249831 0.901625 0.245768 0.902527 0.245091 0.902527 0.241029 0.903430 0.240352 0.903430 0.236290 0.904332 0.235613 0.904332 0.232227 0.905235 0.231550 0.905235 0.228165 0.906137 0.227488 0.906137 0.220718 0.907040 0.220041 0.907040 0.218687 0.906137 0.218009 0.906137 0.207177 0.905235 0.206500 0.905235 0.205823 0.906137 0.205146 0.906137 0.203114 0.908845 0.201083 0.910650 0.201083 0.911552 0.200406 0.917870 0.200406 0.918773 0.199729 0.924188 0.199729 0.925090 0.199052 0.927798 0.199052 0.928700 0.198375 0.931408 0.198375 0.932310 0.197698 0.934116 0.197698 0.935018 0.197021 0.935921 0.197021 0.936823 0.196344 0.937726 0.196344 0.940433 0.194313 0.940433 0.193636 0.943141 0.191605 0.943141 0.190928 0.944043 0.190251 0.944043 0.189573 0.944946 0.188896 0.944946 0.188219 0.945848 0.187542 0.945848 0.185511 0.946751 0.184834 0.946751 0.182803 0.947653 0.182126 0.947653 0.179418 0.948556 0.178741 0.948556 0.174001 0.949458 0.173324 0.949458 0.162492 0.948556 0.161814 0.948556 0.161137 0.947653 0.160460 0.947653 0.159783 0.946751 0.159106 0.946751 0.158429 0.943141 0.155721 0.943141 0.155044 0.939531 0.152336 0.939531 0.151659 0.937726 0.150305 0.937726 0.149628 0.935921 0.148274 0.935921 0.147596 0.934116 0.146242 0.934116 0.145565 0.932310 0.144211 0.932310 0.143534 0.931408 0.142857 0.931408 0.142180 0.929603 0.140826 0.929603 0.140149 0.928700 0.139472 0.928700 0.138795 0.927798 0.138118 0.927798 0.137441 0.926895 0.136764 0.926895 0.136087 0.925993 0.135410 0.925993 0.134733 0.925090 0.134056 0.925090 0.133378 0.923285 0.132024 0.923285 0.131347 0.922383 0.130670 0.922383 0.129993 0.918773 0.127285 0.917870 0.127285 0.916968 0.126608 0.916065 0.126608 0.915162 0.125931 0.914260 0.125931 0.913357 0.125254 0.912455 0.125254 0.911552 0.124577 0.910650 0.124577 0.909747 0.123900 0.908845 0.123900 0.907942 0.123223 0.907040 0.123223 0.906137 0.122546 0.905235 0.122546 0.904332 0.121869 0.903430 0.121869 0.902527 0.121192 0.900722 0.121192 0.899819 0.120515 0.898917 0.120515 0.898014 0.119838 0.896209 0.119838 0.895307 0.119160 0.893502 0.119160 0.892599 0.118483 0.890794 0.118483 0.889892 0.117806 0.887184 0.117806 0.886282 0.117129 0.884477 0.117129 0.883574 0.116452 0.881769 0.116452 0.880866 0.115775 0.879061 0.115775 0.878159 0.115098 0.876354 0.115098 0.875451 0.114421 0.873646 0.114421 0.872744 0.113744 0.870939 0.113744 0.870036 0.113067 0.869134 0.113067 0.868231 0.112390 0.866426 0.112390 0.865523 0.111713 0.864621 0.111713 0.861913 0.109682 0.861011 0.109682 0.860108 0.109005 0.860108 0.105619 0.859206 0.104942 0.859206 0.102234 0.858303 0.101557 0.858303 0.100880 0.857401 0.100203 0.857401 0.099526 0.856498 0.098849 0.856498 0.096141 0.855596 0.095464 0.855596 0.093433 0.854693 0.092756 0.854693 0.092079 0.853791 0.091401 0.853791 0.090724 0.852888 0.090047 0.852888 0.087339 0.851986 0.086662 0.851986 0.084631 0.850181 0.083277 0.850181 0.082600 0.849278 0.081923 0.849278 0.080569 0.848375 0.079892 0.848375 0.079215 0.846570 0.077861 0.846570 0.077183 0.844765 0.075829 0.844765 0.075152 0.843863 0.074475 0.842960 0.074475 0.842058 0.073798 0.841155 0.073798 0.836643 0.070413 0.836643 0.069736 0.833935 0.067705 0.833935 0.066351 0.834838 0.065674 0.834838 0.063643 0.833032 0.063643 0.831227 0.062288 0.831227 0.060257 0.829422 0.060257 0.827617 0.058903 0.827617 0.058226 0.826715 0.058903 0.825812 0.058903 0.824910 0.059580 0.824007 0.059580 0.821300 0.061611 0.820397 0.061611 0.819495 0.060934 0.818592 0.060934 0.816787 0.059580 0.816787 0.058903 0.815884 0.058226 0.814982 0.058226 0.814079 0.057549 0.810469 0.057549 0.809567 0.056872 0.809567 0.056195 0.808664 0.055518 0.807762 0.055518 0.806859 0.054841 0.804152 0.054841 0.803249 0.054164 0.801444 0.054164 0.800542 0.053487 0.800542 0.050779 0.792419 0.050779 0.791516 0.050102 0.791516 0.049425 0.790614 0.049425 0.789711 0.048747 0.782491 0.048747 0.781588 0.048070 0.779783 0.048070 0.778881 0.047393 0.777978 0.047393 0.776173 0.046039 0.776173 0.045362 0.775271 0.044685 0.772563 0.044685 0.771661 0.044008 0.767148 0.044008 0.766245 0.043331 0.764440 0.043331 0.762635 0.041977 0.761733 0.041977 0.759928 0.040623
3 0.792419 0.039269 0.791516 0.039946 0.792419 0.040623 0.793321 0.040623 0.794224 0.039946 0.793321 0.039269
3 0.653430 0.039269 0.652527 0.039946 0.652527 0.040623 0.650722 0.041977 0.649819 0.041977 0.648917 0.042654 0.643502 0.042654 0.642599 0.043331 0.641697 0.043331 0.640794 0.044008 0.639892 0.044008 0.638989 0.044685 0.638087 0.044685 0.637184 0.045362 0.636282 0.045362 0.635379 0.046039 0.633574 0.046039 0.632671 0.046716 0.631769 0.046716 0.632671 0.047393 0.632671 0.048070 0.633574 0.048747 0.641697 0.048747 0.644404 0.046716 0.644404 0.046039 0.646209 0.044685 0.647112 0.044685 0.648014 0.044008 0.650722 0.044008 0.650722 0.043331 0.651625 0.042654 0.651625 0.041977 0.652527 0.041300 0.654332 0.041300 0.656137 0.039946 0.655235 0.039269
3 0.740975 0.034529 0.740072 0.035206 0.740072 0.036561 0.740975 0.037238 0.741877 0.037238 0.742780 0.037915 0.742780 0.038592 0.743682 0.039269 0.743682 0.039946 0.744585 0.039946 0.744585 0.037915 0.745487 0.037238 0.745487 0.035884 0.744585 0.035206 0.744585 0.034529
3 0.676895 0.032498 0.676895 0.033175 0.677798 0.033852 0.677798 0.034529 0.678700 0.034529 0.679603 0.033852 0.679603 0.033175 0.680505 0.032498
3 0.699458 0.025728 0.699458 0.026405 0.703069 0.026405 0.703971 0.025728
3 0.738267 0.021666 0.738267 0.023020 0.739170 0.023697 0.739170 0.024374 0.740072 0.024374 0.740975 0.025051 0.741877 0.025051 0.742780 0.025728 0.742780 0.026405 0.743682 0.027082 0.745487 0.027082 0.749097 0.029790 0.749097 0.030467 0.750000 0.031144 0.750000 0.031821 0.750903 0.032498 0.750903 0.035884 0.755415 0.035884 0.756318 0.036561 0.757220 0.036561 0.758123 0.037238 0.758123 0.037915 0.759025 0.037238 0.759928 0.037238 0.760830 0.036561 0.769856 0.036561 0.772563 0.038592 0.772563 0.039269 0.774368 0.040623 0.775271 0.040623 0.778881 0.043331 0.779783 0.043331 0.781588 0.041977 0.781588 0.040623 0.784296 0.038592 0.784296 0.037915 0.785199 0.037238 0.785199 0.036561 0.784296 0.035884 0.783394 0.035884 0.782491 0.035206 0.782491 0.033852 0.780686 0.032498 0.779783 0.032498 0.778881 0.031821 0.772563 0.031821 0.771661 0.032498 0.771661 0.033852 0.768953 0.035884 0.767148 0.035884 0.766245 0.035206 0.765343 0.035206 0.764440 0.034529 0.760830 0.034529 0.759928 0.033852 0.759025 0.033852 0.758123 0.033175 0.757220 0.033175 0.756318 0.032498 0.755415 0.032498 0.754513 0.031821 0.754513 0.031144 0.753610 0.030467 0.753610 0.029113 0.752708 0.029113 0.749097 0.026405 0.749097 0.025728 0.748195 0.025728 0.745487 0.023697 0.745487 0.023020 0.744585 0.022343 0.741877 0.022343 0.740975 0.021666
3 0.726534 0.015572 0.726534 0.016926 0.723827 0.018957 0.720217 0.018957 0.723827 0.018957 0.724729 0.019634 0.725632 0.019634 0.726534 0.020311 0.737365 0.020311 0.737365 0.018957 0.734657 0.018957 0.733755 0.018280 0.730144 0.018280 0.729242 0.017603 0.728339 0.017603 0.727437 0.016926 0.727437 0.015572