0 0.331077 0.598375 0.331077 0.601083 0.330399 0.601986 0.331077 0.602888 0.331077 0.608303 0.331754 0.609206 0.331754 0.610108 0.334462 0.610108 0.335139 0.609206 0.337847 0.609206 0.338524 0.608303 0.338524 0.607401 0.339201 0.606498 0.339201 0.604693 0.338524 0.603791 0.338524 0.602888 0.337170 0.601083 0.336493 0.601083 0.335139 0.599278 0.335139 0.598375
0 0.331754 0.577617 0.330399 0.579422 0.330399 0.581227 0.329722 0.582130 0.329722 0.587545 0.330399 0.588448 0.330399 0.590253 0.331754 0.592058 0.333785 0.592058 0.334462 0.592960 0.335139 0.592960 0.335816 0.592058 0.345295 0.592058 0.345972 0.591155 0.346649 0.591155 0.348003 0.589350 0.348680 0.589350 0.348680 0.583935 0.346649 0.581227 0.345972 0.581227 0.345295 0.580325 0.343263 0.580325 0.342586 0.579422 0.337847 0.579422 0.337170 0.578520 0.335139 0.578520 0.334462 0.577617
0 0.306703 0.573105 0.306026 0.574007 0.306026 0.574910 0.305349 0.575812 0.305349 0.576715 0.304672 0.577617 0.304672 0.578520 0.303995 0.579422 0.303995 0.582130 0.303318 0.583032 0.303318 0.586643 0.302640 0.587545 0.302640 0.589350 0.301963 0.590253 0.301963 0.591155 0.301286 0.592058 0.301286 0.593863 0.300609 0.594765 0.300609 0.598375 0.302640 0.601083 0.303318 0.601083 0.303995 0.601986 0.304672 0.601986 0.305349 0.602888 0.306026 0.602888 0.306703 0.603791 0.308734 0.603791 0.309411 0.604693 0.311442 0.604693 0.312796 0.602888 0.312796 0.598375 0.312119 0.597473 0.312119 0.595668 0.311442 0.594765 0.311442 0.588448 0.310765 0.587545 0.310765 0.585740 0.310088 0.584838 0.310088 0.583032 0.309411 0.582130 0.309411 0.581227 0.308734 0.580325 0.308734 0.579422 0.308057 0.578520 0.308057 0.576715 0.307380 0.575812 0.307380 0.574910 0.306703 0.574007
0 0.338524 0.489170 0.337847 0.490072 0.337847 0.491877 0.337170 0.492780 0.337170 0.494585 0.336493 0.495487 0.336493 0.497292 0.335816 0.498195 0.335816 0.499097 0.335139 0.500000 0.335139 0.500903 0.334462 0.501805 0.334462 0.509025 0.333785 0.509928 0.333785 0.518051 0.333108 0.518953 0.333108 0.526173 0.332431 0.527076 0.332431 0.533394 0.331754 0.534296 0.331754 0.536101 0.331077 0.537004 0.331077 0.542419 0.330399 0.543321 0.330399 0.550542 0.331077 0.551444 0.331077 0.552347 0.331754 0.552347 0.334462 0.548736 0.334462 0.546931 0.335139 0.546029 0.335139 0.541516 0.335816 0.540614 0.335816 0.537906 0.336493 0.537004 0.336493 0.535199 0.337170 0.534296 0.337170 0.532491 0.337847 0.531588 0.337847 0.528881 0.338524 0.527978 0.338524 0.524368 0.339201 0.523466 0.339201 0.520758 0.339878 0.519856 0.339878 0.516245 0.340555 0.515343 0.340555 0.506318 0.341232 0.505415 0.341232 0.490072 0.340555 0.489170
0 0.341232 0.440433 0.339201 0.443141 0.338524 0.443141 0.338524 0.444043 0.337847 0.444946 0.337847 0.447653 0.337170 0.448556 0.337170 0.451264 0.336493 0.452166 0.336493 0.453069 0.335139 0.454874 0.335139 0.461191 0.335816 0.462094 0.335816 0.463899 0.336493 0.464801 0.336493 0.470217 0.337170 0.471119 0.337170 0.472924 0.337847 0.473827 0.337847 0.480144 0.338524 0.481047 0.338524 0.482852 0.340555 0.480144 0.340555 0.479242 0.341232 0.478339 0.341232 0.473827 0.341909 0.472924 0.341909 0.470217 0.342586 0.469314 0.342586 0.467509 0.343263 0.466606 0.343263 0.464801 0.343940 0.463899 0.343940 0.451264 0.343263 0.450361 0.343263 0.446751 0.342586 0.445848 0.342586 0.443141 0.341909 0.442238 0.341909 0.440433
0 0.337847 0.390794 0.337847 0.391697 0.337170 0.392599 0.337170 0.393502 0.337847 0.394404 0.337847 0.401625 0.338524 0.402527 0.338524 0.405235 0.339201 0.405235 0.340555 0.407040 0.340555 0.407942 0.341232 0.408845 0.341232 0.409747 0.341909 0.409747 0.341909 0.407040 0.339878 0.404332 0.339878 0.403430 0.339201 0.402527 0.339201 0.393502 0.338524 0.392599 0.338524 0.391697
0 0.314150 0.253610 0.313473 0.254513 0.311442 0.254513 0.310765 0.255415 0.310088 0.255415 0.308734 0.257220 0.308057 0.257220 0.307380 0.258123 0.306703 0.258123 0.303318 0.262635 0.303318 0.265343 0.309411 0.273466 0.309411 0.275271 0.313473 0.280686 0.313473 0.281588 0.314150 0.282491 0.314150 0.283394 0.315504 0.285199 0.315504 0.286101 0.316181 0.287004 0.316181 0.287906 0.316858 0.288809 0.316858 0.289711 0.317536 0.290614 0.317536 0.291516 0.319567 0.294224 0.320244 0.294224 0.320921 0.295126 0.321598 0.295126 0.322952 0.296931 0.323629 0.296931 0.326337 0.300542 0.327014 0.300542 0.329045 0.303249 0.329045 0.306859 0.328368 0.307762 0.328368 0.308664 0.327691 0.309567 0.327014 0.309567 0.326337 0.310469 0.324983 0.310469 0.324306 0.311372 0.322275 0.311372 0.321598 0.312274 0.320244 0.312274 0.317536 0.315884 0.316858 0.315884 0.313473 0.320397 0.313473 0.322202 0.312796 0.323105 0.312796 0.326715 0.312119 0.327617 0.312119 0.331227 0.311442 0.332130 0.311442 0.338448 0.312119 0.339350 0.312119 0.341155 0.312796 0.342058 0.313473 0.342058 0.314150 0.342960 0.315504 0.342960 0.316858 0.344765 0.317536 0.344765 0.318213 0.345668 0.318890 0.345668 0.319567 0.346570 0.320244 0.346570 0.323629 0.351083 0.323629 0.351986 0.327691 0.357401 0.327691 0.358303 0.329722 0.361011 0.329722 0.361913 0.330399 0.362816 0.330399 0.364621 0.331077 0.365523 0.331077 0.367329 0.331754 0.368231 0.331754 0.369134 0.332431 0.370036 0.332431 0.371841 0.333108 0.372744 0.333108 0.376354 0.333785 0.377256 0.333785 0.381769 0.334462 0.382671 0.334462 0.387184 0.335139 0.388087 0.335139 0.388989 0.335816 0.388087 0.335816 0.387184 0.336493 0.386282 0.336493 0.385379 0.337170 0.384477 0.337170 0.368231 0.337847 0.367329 0.337847 0.364621 0.338524 0.363718 0.338524 0.357401 0.339201 0.356498 0.339201 0.349278 0.339878 0.348375 0.339878 0.337545 0.339201 0.336643 0.339201 0.333935 0.338524 0.333032 0.338524 0.332130 0.336493 0.329422 0.336493 0.328520 0.335139 0.326715 0.335139 0.325812 0.334462 0.324910 0.334462 0.324007 0.333785 0.323105 0.333785 0.312274 0.334462 0.311372 0.334462 0.309567 0.335139 0.308664 0.335139 0.307762 0.335816 0.306859 0.335816 0.305957 0.336493 0.305054 0.336493 0.304152 0.337170 0.303249 0.337170 0.301444 0.337847 0.300542 0.337847 0.296029 0.338524 0.295126 0.338524 0.294224 0.339201 0.293321 0.339878 0.293321 0.340555 0.292419 0.341909 0.292419 0.342586 0.291516 0.343940 0.291516 0.345295 0.289711 0.345295 0.285199 0.343263 0.282491 0.342586 0.282491 0.340555 0.279783 0.340555 0.278881 0.339878 0.277978 0.339878 0.277076 0.339201 0.276173 0.339201 0.275271 0.337847 0.273466 0.337847 0.271661 0.336493 0.269856 0.336493 0.268051 0.335816 0.267148 0.335816 0.266245 0.335139 0.265343 0.335139 0.264440 0.331077 0.259025 0.330399 0.259025 0.329045 0.257220 0.328368 0.257220 0.327691 0.256318 0.326337 0.256318 0.325660 0.255415 0.324983 0.255415 0.324306 0.254513 0.321598 0.254513 0.320921 0.253610
0 0.688558 0.278881 0.687881 0.279783 0.687204 0.279783 0.686527 0.280686 0.685850 0.280686 0.685173 0.281588 0.684496 0.281588 0.681787 0.285199 0.681110 0.285199 0.680433 0.286101 0.680433 0.287004 0.679079 0.288809 0.678402 0.288809 0.677048 0.290614 0.677048 0.291516 0.676371 0.292419 0.676371 0.294224 0.674340 0.296931 0.674340 0.297834 0.673663 0.298736 0.673663 0.299639 0.671632 0.302347 0.670278 0.302347 0.668923 0.304152 0.668246 0.304152 0.666892 0.305957 0.666215 0.305957 0.665538 0.306859 0.665538 0.307762 0.663507 0.310469 0.663507 0.311372 0.664184 0.312274 0.664184 0.317690 0.664861 0.318592 0.664861 0.320397 0.665538 0.321300 0.666215 0.321300 0.667569 0.323105 0.668246 0.323105 0.670955 0.326715 0.670955 0.327617 0.672309 0.329422 0.672309 0.330325 0.672986 0.331227 0.672986 0.333935 0.672309 0.334838 0.672309 0.337545 0.671632 0.338448 0.671632 0.340253 0.670955 0.341155 0.670955 0.343863 0.670278 0.344765 0.670278 0.347473 0.669601 0.348375 0.669601 0.351986 0.668923 0.352888 0.668923 0.353791 0.668246 0.354693 0.668246 0.355596 0.667569 0.356498 0.667569 0.363718 0.668246 0.364621 0.668246 0.379061 0.668923 0.379964 0.668923 0.391697 0.668246 0.392599 0.668246 0.406137 0.667569 0.407040 0.667569 0.412455 0.666892 0.413357 0.666892 0.425090 0.666215 0.425993 0.666215 0.427798 0.665538 0.428700 0.665538 0.430505 0.664861 0.431408 0.664861 0.432310 0.664184 0.433213 0.664184 0.436823 0.663507 0.437726 0.663507 0.444946 0.662830 0.445848 0.662830 0.448556 0.662153 0.449458 0.662153 0.452166 0.661476 0.453069 0.661476 0.453971 0.660799 0.454874 0.660799 0.457581 0.660122 0.458484 0.660122 0.468412 0.660799 0.469314 0.660799 0.473827 0.661476 0.474729 0.661476 0.476534 0.662153 0.477437 0.662153 0.479242 0.662830 0.480144 0.662830 0.488267 0.664184 0.490072 0.668246 0.490072 0.668923 0.490975 0.668923 0.505415 0.669601 0.506318 0.669601 0.509928 0.670278 0.510830 0.670278 0.514440 0.670955 0.515343 0.670955 0.516245 0.671632 0.517148 0.671632 0.521661 0.672309 0.522563 0.672309 0.526173 0.672986 0.527076 0.672986 0.529783 0.673663 0.530686 0.673663 0.539711 0.674340 0.540614 0.674340 0.543321 0.675017 0.544224 0.675017 0.545126 0.675694 0.546029 0.675694 0.547834 0.676371 0.548736 0.676371 0.552347 0.677048 0.553249 0.677048 0.556859 0.677725 0.557762 0.677725 0.581227 0.677048 0.582130 0.677048 0.583935 0.676371 0.584838 0.676371 0.585740 0.675017 0.587545 0.673663 0.587545 0.672986 0.588448 0.670955 0.588448 0.669601 0.590253 0.668246 0.590253 0.665538 0.593863 0.664861 0.593863 0.664184 0.594765 0.663507 0.594765 0.662153 0.596570 0.661476 0.596570 0.660799 0.597473 0.659445 0.597473 0.658768 0.598375 0.657414 0.598375 0.656060 0.600181 0.656060 0.601083 0.655383 0.601986 0.655383 0.605596 0.656060 0.606498 0.656060 0.607401 0.656737 0.608303 0.656737 0.610108 0.657414 0.611011 0.657414 0.611913 0.658091 0.611913 0.658768 0.612816 0.659445 0.612816 0.660122 0.613718 0.660799 0.613718 0.661476 0.614621 0.662153 0.614621 0.662830 0.615523 0.664184 0.615523 0.664861 0.616426 0.667569 0.616426 0.668246 0.617329 0.679079 0.617329 0.679756 0.618231 0.689235 0.618231 0.689912 0.617329 0.691266 0.617329 0.692620 0.615523 0.692620 0.608303 0.691943 0.607401 0.691943 0.602888 0.691266 0.601986 0.691266 0.588448 0.691943 0.587545 0.691943 0.585740 0.692620 0.584838 0.692620 0.537004 0.691943 0.536101 0.691943 0.533394 0.691266 0.532491 0.691266 0.521661 0.690589 0.520758 0.690589 0.494585 0.691266 0.493682 0.691266 0.485560 0.691943 0.484657 0.691943 0.483755 0.692620 0.482852 0.692620 0.481949 0.693297 0.481047 0.693297 0.480144 0.693974 0.479242 0.693974 0.478339 0.696682 0.474729 0.696682 0.473827 0.698037 0.472022 0.698037 0.471119 0.699391 0.469314 0.699391 0.468412 0.700068 0.467509 0.700068 0.466606 0.700745 0.465704 0.700745 0.464801 0.702099 0.462996 0.702099 0.462094 0.702776 0.461191 0.702776 0.460289 0.703453 0.459386 0.703453 0.458484 0.704130 0.457581 0.704130 0.455776 0.704807 0.454874 0.704807 0.453971 0.705484 0.453069 0.705484 0.451264 0.706161 0.450361 0.706161 0.446751 0.706838 0.445848 0.706838 0.432310 0.707515 0.431408 0.707515 0.426895 0.708192 0.425993 0.708192 0.423285 0.708869 0.422383 0.708869 0.410650 0.708192 0.409747 0.708192 0.402527 0.708869 0.401625 0.708869 0.395307 0.709546 0.394404 0.709546 0.389892 0.710223 0.388989 0.710223 0.382671 0.710900 0.381769 0.710900 0.361913 0.710223 0.361011 0.710223 0.354693 0.709546 0.353791 0.709546 0.351083 0.708869 0.350181 0.708869 0.349278 0.708192 0.348375 0.708192 0.346570 0.707515 0.345668 0.707515 0.344765 0.706838 0.343863 0.706838 0.342058 0.706161 0.341155 0.706161 0.337545 0.706838 0.336643 0.706838 0.334838 0.707515 0.333935 0.707515 0.331227 0.708192 0.330325 0.708192 0.326715 0.708869 0.325812 0.708869 0.322202 0.709546 0.321300 0.709546 0.317690 0.710223 0.316787 0.710223 0.311372 0.710900 0.310469 0.710900 0.296931 0.710223 0.296029 0.710223 0.293321 0.709546 0.292419 0.709546 0.291516 0.708869 0.290614 0.708869 0.289711 0.706838 0.287004 0.706838 0.286101 0.706161 0.286101 0.704807 0.284296 0.704130 0.284296 0.703453 0.283394 0.702776 0.283394 0.702099 0.282491 0.701422 0.282491 0.700745 0.281588 0.700068 0.281588 0.699391 0.280686 0.697360 0.280686 0.696682 0.279783 0.694651 0.279783 0.693974 0.278881
0 0.289777 0.262635 0.289100 0.263538 0.285714 0.263538 0.285037 0.264440 0.283683 0.264440 0.283006 0.265343 0.282329 0.265343 0.280975 0.267148 0.280298 0.267148 0.279621 0.268051 0.278944 0.268051 0.278944 0.268953 0.276913 0.271661 0.276913 0.272563 0.276236 0.273466 0.275559 0.273466 0.275559 0.274368 0.274882 0.275271 0.274882 0.276173 0.274204 0.277076 0.274204 0.281588 0.273527 0.282491 0.273527 0.287906 0.272850 0.288809 0.272850 0.290614 0.272173 0.291516 0.272173 0.296931 0.271496 0.297834 0.271496 0.300542 0.272173 0.301444 0.272173 0.303249 0.272850 0.304152 0.272850 0.305054 0.273527 0.305957 0.273527 0.308664 0.272850 0.309567 0.272850 0.311372 0.272173 0.312274 0.272173 0.313177 0.271496 0.314079 0.271496 0.315884 0.270819 0.316787 0.270819 0.320397 0.270142 0.321300 0.270142 0.322202 0.269465 0.323105 0.269465 0.324007 0.268788 0.324910 0.268788 0.332130 0.270142 0.333935 0.270142 0.334838 0.270819 0.335740 0.270819 0.336643 0.274204 0.341155 0.274204 0.342058 0.273527 0.342960 0.273527 0.343863 0.272850 0.344765 0.272850 0.345668 0.268788 0.351083 0.268788 0.352888 0.268111 0.353791 0.268111 0.356498 0.267434 0.357401 0.267434 0.361011 0.266757 0.361913 0.266757 0.382671 0.267434 0.383574 0.267434 0.391697 0.268111 0.392599 0.268111 0.403430 0.268788 0.404332 0.268788 0.420578 0.269465 0.421480 0.269465 0.426895 0.270142 0.427798 0.270142 0.431408 0.270819 0.432310 0.270819 0.434116 0.271496 0.435018 0.271496 0.436823 0.272173 0.437726 0.272173 0.441336 0.272850 0.442238 0.272850 0.444043 0.273527 0.444946 0.273527 0.447653 0.274204 0.448556 0.274204 0.453069 0.274882 0.453971 0.274882 0.458484 0.275559 0.459386 0.275559 0.464801 0.276236 0.465704 0.276236 0.468412 0.276913 0.469314 0.276913 0.472924 0.277590 0.473827 0.277590 0.477437 0.278267 0.478339 0.278267 0.488267 0.278944 0.489170 0.278944 0.493682 0.279621 0.494585 0.279621 0.495487 0.280975 0.497292 0.280975 0.498195 0.281652 0.499097 0.281652 0.500903 0.282329 0.501805 0.282329 0.509025 0.283006 0.509928 0.283006 0.514440 0.283683 0.515343 0.283683 0.534296 0.283006 0.535199 0.283006 0.537004 0.282329 0.537906 0.282329 0.541516 0.281652 0.542419 0.281652 0.545126 0.280975 0.546029 0.280975 0.548736 0.280298 0.549639 0.280298 0.551444 0.279621 0.552347 0.279621 0.554152 0.278944 0.555054 0.278944 0.558664 0.278267 0.559567 0.278267 0.594765 0.278944 0.595668 0.278944 0.601986 0.279621 0.602888 0.279621 0.605596 0.280298 0.606498 0.280298 0.611913 0.280975 0.612816 0.280975 0.619134 0.280298 0.620036 0.280298 0.629061 0.279621 0.629964 0.279621 0.632671 0.278944 0.633574 0.278944 0.636282 0.278267 0.637184 0.278267 0.643502 0.278944 0.644404 0.280298 0.644404 0.280975 0.645307 0.285037 0.645307 0.285714 0.644404 0.287068 0.644404 0.287745 0.643502 0.288422 0.643502 0.289100 0.642599 0.289777 0.642599 0.291808 0.639892 0.291808 0.638989 0.292485 0.638087 0.292485 0.637184 0.293839 0.635379 0.293839 0.634477 0.294516 0.633574 0.294516 0.632671 0.296547 0.629964 0.296547 0.629061 0.297901 0.627256 0.297901 0.626354 0.299255 0.624549 0.299255 0.623646 0.299932 0.622744 0.299932 0.620939 0.299255 0.620036 0.299255 0.619134 0.297901 0.617329 0.297224 0.617329 0.293839 0.612816 0.293839 0.611011 0.293162 0.610108 0.293162 0.603791 0.293839 0.602888 0.293839 0.596570 0.294516 0.595668 0.294516 0.580325 0.295193 0.579422 0.295193 0.575812 0.295870 0.574910 0.295870 0.570397 0.296547 0.569495 0.296547 0.565884 0.297224 0.564982 0.297224 0.562274 0.297901 0.561372 0.297901 0.559567 0.298578 0.558664 0.298578 0.556859 0.299255 0.555957 0.299255 0.554152 0.299932 0.553249 0.299932 0.552347 0.301286 0.550542 0.301286 0.548736 0.301963 0.547834 0.301963 0.546029 0.302640 0.545126 0.302640 0.542419 0.303318 0.541516 0.303995 0.542419 0.303995 0.544224 0.304672 0.545126 0.304672 0.558664 0.305349 0.559567 0.305349 0.565884 0.304672 0.566787 0.305349 0.567690 0.305349 0.573105 0.306026 0.574007 0.306026 0.577617 0.307380 0.579422 0.308057 0.579422 0.310088 0.582130 0.310088 0.583032 0.310765 0.583935 0.310765 0.585740 0.311442 0.586643 0.311442 0.588448 0.312119 0.589350 0.312119 0.594765 0.312796 0.595668 0.312796 0.603791 0.313473 0.604693 0.313473 0.605596 0.314150 0.606498 0.314150 0.607401 0.314827 0.608303 0.314827 0.610108 0.315504 0.611011 0.315504 0.614621 0.316181 0.615523 0.316181 0.623646 0.316858 0.624549 0.316858 0.629964 0.317536 0.630866 0.317536 0.635379 0.318213 0.636282 0.318213 0.637184 0.317536 0.638087 0.317536 0.639892 0.316858 0.640794 0.316858 0.644404 0.316181 0.645307 0.316181 0.647112 0.317536 0.648917 0.319567 0.648917 0.320244 0.649819 0.322275 0.649819 0.322952 0.650722 0.329045 0.650722 0.329722 0.651625 0.335816 0.651625 0.336493 0.650722 0.338524 0.650722 0.340555 0.648014 0.341909 0.648014 0.342586 0.647112 0.342586 0.646209 0.343263 0.645307 0.343263 0.644404 0.343940 0.643502 0.342586 0.641697 0.342586 0.640794 0.341909 0.639892 0.341909 0.638989 0.341232 0.638989 0.339201 0.636282 0.338524 0.636282 0.337170 0.634477 0.336493 0.634477 0.335139 0.632671 0.334462 0.632671 0.331754 0.629061 0.331754 0.628159 0.331077 0.627256 0.331077 0.623646 0.330399 0.622744 0.330399 0.610108 0.329722 0.609206 0.329722 0.601083 0.329045 0.600181 0.329045 0.591155 0.328368 0.590253 0.328368 0.575812 0.329045 0.574910 0.329045 0.568592 0.329722 0.567690 0.329722 0.541516 0.330399 0.540614 0.330399 0.537906 0.331077 0.537004 0.331077 0.535199 0.331754 0.534296 0.331754 0.528881 0.331077 0.527978 0.331077 0.525271 0.331754 0.524368 0.331754 0.522563 0.332431 0.521661 0.332431 0.517148 0.333108 0.516245 0.333108 0.511733 0.333785 0.510830 0.333785 0.508123 0.334462 0.507220 0.334462 0.501805 0.335139 0.500903 0.335139 0.498195 0.335816 0.497292 0.335816 0.496390 0.336493 0.495487 0.336493 0.493682 0.337847 0.491877 0.337847 0.490975 0.338524 0.490072 0.338524 0.483755 0.337847 0.482852 0.337847 0.481949 0.337170 0.481047 0.337170 0.477437 0.336493 0.476534 0.336493 0.474729 0.335816 0.473827 0.335816 0.471119 0.335139 0.470217 0.335139 0.467509 0.334462 0.466606 0.334462 0.462094 0.333785 0.461191 0.333785 0.454874 0.334462 0.453971 0.334462 0.452166 0.335139 0.451264 0.335139 0.449458 0.335816 0.448556 0.335816 0.446751 0.336493 0.445848 0.336493 0.444946 0.337170 0.444043 0.337170 0.443141 0.337847 0.442238 0.337847 0.441336 0.338524 0.440433 0.338524 0.439531 0.339201 0.438628 0.339201 0.435018 0.339878 0.434116 0.339878 0.414260 0.339201 0.413357 0.339201 0.410650 0.338524 0.409747 0.338524 0.407942 0.337847 0.407040 0.337847 0.405235 0.337170 0.404332 0.337170 0.398917 0.336493 0.398014 0.336493 0.395307 0.335816 0.394404 0.335816 0.393502 0.335139 0.392599 0.335139 0.390794 0.334462 0.389892 0.334462 0.388087 0.333785 0.387184 0.333785 0.386282 0.333108 0.385379 0.333108 0.382671 0.332431 0.381769 0.332431 0.373646 0.331754 0.372744 0.331754 0.369134 0.331077 0.368231 0.331077 0.367329 0.330399 0.366426 0.330399 0.365523 0.329045 0.363718 0.329045 0.362816 0.328368 0.361913 0.328368 0.361011 0.327691 0.360108 0.327691 0.359206 0.326337 0.357401 0.326337 0.356498 0.324306 0.353791 0.324306 0.352888 0.320921 0.348375 0.320244 0.348375 0.319567 0.347473 0.318890 0.347473 0.318213 0.346570 0.317536 0.346570 0.316858 0.345668 0.316181 0.345668 0.315504 0.344765 0.314827 0.344765 0.314150 0.343863 0.313473 0.343863 0.311442 0.341155 0.311442 0.340253 0.310765 0.339350 0.310765 0.335740 0.311442 0.334838 0.311442 0.329422 0.312119 0.328520 0.312119 0.323105 0.312796 0.322202 0.312796 0.320397 0.316858 0.314982 0.317536 0.314982 0.318213 0.314079 0.318890 0.314079 0.320921 0.311372 0.322275 0.311372 0.322952 0.310469 0.324983 0.310469 0.325660 0.309567 0.327014 0.309567 0.327691 0.308664 0.327691 0.307762 0.328368 0.306859 0.328368 0.304152 0.327691 0.303249 0.327691 0.302347 0.327014 0.302347 0.324306 0.298736 0.323629 0.298736 0.322952 0.297834 0.322275 0.297834 0.320921 0.296029 0.320244 0.296029 0.318890 0.294224 0.318213 0.294224 0.317536 0.293321 0.317536 0.292419 0.316181 0.290614 0.316181 0.289711 0.315504 0.288809 0.315504 0.287906 0.314827 0.287004 0.314827 0.286101 0.314150 0.285199 0.314150 0.284296 0.312796 0.282491 0.312796 0.281588 0.311442 0.279783 0.311442 0.278881 0.308734 0.275271 0.308734 0.274368 0.308057 0.273466 0.308057 0.272563 0.307380 0.271661 0.306703 0.271661 0.305349 0.269856 0.305349 0.268953 0.304672 0.268051 0.303995 0.268051 0.302640 0.266245 0.301963 0.266245 0.300609 0.264440 0.298578 0.264440 0.297901 0.263538 0.293162 0.263538 0.292485 0.262635
0 0.469871 0.265343 0.469194 0.266245 0.466486 0.266245 0.465809 0.267148 0.465132 0.267148 0.464455 0.268051 0.463778 0.268051 0.459716 0.273466 0.459716 0.274368 0.459039 0.275271 0.459039 0.277978 0.458362 0.278881 0.458362 0.288809 0.457684 0.289711 0.458362 0.290614 0.458362 0.298736 0.459039 0.299639 0.459039 0.304152 0.459716 0.305054 0.459716 0.309567 0.459039 0.310469 0.459039 0.311372 0.456330 0.314982 0.453622 0.314982 0.452945 0.314079 0.452268 0.314982 0.450914 0.314982 0.450237 0.315884 0.448883 0.315884 0.448206 0.316787 0.448206 0.317690 0.447529 0.318592 0.447529 0.329422 0.448206 0.330325 0.448206 0.331227 0.448883 0.332130 0.449560 0.332130 0.450237 0.333032 0.450914 0.333032 0.451591 0.333935 0.452268 0.333935 0.452945 0.334838 0.455653 0.334838 0.456330 0.335740 0.457007 0.335740 0.459716 0.339350 0.460393 0.339350 0.462424 0.342058 0.463101 0.342058 0.463778 0.342960 0.464455 0.342960 0.467163 0.346570 0.467163 0.347473 0.468517 0.349278 0.468517 0.350181 0.469871 0.351986 0.469871 0.353791 0.470548 0.354693 0.470548 0.355596 0.471903 0.357401 0.471903 0.358303 0.472580 0.359206 0.472580 0.361011 0.473257 0.361913 0.473257 0.363718 0.473934 0.364621 0.473934 0.372744 0.474611 0.373646 0.474611 0.380866 0.475288 0.381769 0.475288 0.389892 0.475965 0.390794 0.475965 0.392599 0.476642 0.393502 0.476642 0.398917 0.477319 0.399819 0.477319 0.409747 0.476642 0.410650 0.476642 0.417870 0.475965 0.418773 0.475965 0.423285 0.475288 0.424188 0.475288 0.432310 0.474611 0.433213 0.474611 0.441336 0.473934 0.442238 0.473934 0.454874 0.473257 0.455776 0.473257 0.466606 0.473934 0.467509 0.473934 0.476534 0.473257 0.477437 0.473257 0.479242 0.472580 0.480144 0.472580 0.481949 0.471903 0.482852 0.471903 0.483755 0.471225 0.484657 0.471225 0.486462 0.470548 0.487365 0.470548 0.490072 0.469871 0.490975 0.470548 0.491877 0.470548 0.498195 0.471225 0.499097 0.471225 0.504513 0.471903 0.505415 0.471903 0.519856 0.471225 0.520758 0.471225 0.537004 0.471903 0.537906 0.471903 0.539711 0.473934 0.542419 0.474611 0.542419 0.475288 0.543321 0.476642 0.543321 0.477319 0.544224 0.478673 0.544224 0.479350 0.545126 0.480704 0.545126 0.481381 0.546029 0.482735 0.546029 0.483412 0.546931 0.493568 0.546931 0.494922 0.545126 0.494922 0.544224 0.495599 0.543321 0.495599 0.542419 0.494922 0.541516 0.494922 0.540614 0.494245 0.539711 0.494245 0.538809 0.493568 0.537906 0.493568 0.537004 0.490183 0.532491 0.490183 0.531588 0.489506 0.530686 0.489506 0.521661 0.488829 0.520758 0.488829 0.517148 0.488152 0.516245 0.488152 0.512635 0.487475 0.511733 0.487475 0.500903 0.488152 0.500000 0.488152 0.493682 0.487475 0.492780 0.487475 0.487365 0.486798 0.486462 0.486798 0.478339 0.486121 0.477437 0.486798 0.476534 0.486798 0.470217 0.487475 0.469314 0.487475 0.466606 0.488152 0.465704 0.488152 0.463899 0.488829 0.462996 0.488829 0.459386 0.489506 0.458484 0.489506 0.453971 0.488829 0.453069 0.488829 0.451264 0.489506 0.450361 0.489506 0.447653 0.488829 0.446751 0.488829 0.435921 0.489506 0.435018 0.489506 0.433213 0.488829 0.432310 0.489506 0.431408 0.489506 0.427798 0.491537 0.425090 0.494922 0.425090 0.495599 0.425993 0.497630 0.425993 0.498307 0.425090 0.498307 0.413357 0.498984 0.412455 0.498984 0.407040 0.499661 0.406137 0.499661 0.401625 0.500339 0.400722 0.500339 0.391697 0.499661 0.390794 0.499661 0.379061 0.498984 0.378159 0.498984 0.373646 0.498307 0.372744 0.498307 0.364621 0.497630 0.363718 0.497630 0.359206 0.496953 0.358303 0.496953 0.353791 0.496276 0.352888 0.496276 0.350181 0.495599 0.349278 0.495599 0.347473 0.494922 0.346570 0.494922 0.343863 0.494245 0.342960 0.494245 0.342058 0.493568 0.341155 0.493568 0.338448 0.492891 0.337545 0.492891 0.336643 0.492214 0.335740 0.492214 0.331227 0.491537 0.330325 0.491537 0.329422 0.490860 0.328520 0.490860 0.327617 0.490183 0.326715 0.490183 0.325812 0.489506 0.324910 0.489506 0.324007 0.483412 0.315884 0.482735 0.315884 0.482058 0.314982 0.482058 0.307762 0.482735 0.306859 0.482735 0.301444 0.483412 0.300542 0.483412 0.296931 0.484089 0.296029 0.484089 0.281588 0.483412 0.280686 0.483412 0.278881 0.482735 0.277978 0.482735 0.276173 0.481381 0.274368 0.481381 0.273466 0.477319 0.268051 0.476642 0.268051 0.475965 0.267148 0.474611 0.267148 0.473934 0.266245 0.471903 0.266245 0.471225 0.265343
0 0.367637 0.267148 0.366960 0.268051 0.365606 0.268051 0.364929 0.268953 0.363575 0.268953 0.362898 0.269856 0.362221 0.269856 0.357481 0.276173 0.357481 0.277076 0.356127 0.278881 0.356127 0.279783 0.355450 0.280686 0.355450 0.284296 0.354773 0.285199 0.354773 0.288809 0.354096 0.289711 0.354096 0.293321 0.354773 0.294224 0.354773 0.296931 0.355450 0.297834 0.355450 0.299639 0.356127 0.300542 0.356127 0.308664 0.356804 0.309567 0.356804 0.311372 0.356127 0.312274 0.356127 0.314079 0.356804 0.314982 0.356804 0.316787 0.356127 0.317690 0.356127 0.318592 0.353419 0.322202 0.352742 0.322202 0.352065 0.323105 0.351388 0.323105 0.348680 0.326715 0.348003 0.326715 0.347326 0.327617 0.347326 0.328520 0.345972 0.330325 0.345295 0.330325 0.345295 0.331227 0.344617 0.332130 0.344617 0.333032 0.343940 0.333935 0.343940 0.334838 0.343263 0.335740 0.343263 0.336643 0.341232 0.339350 0.341232 0.341155 0.340555 0.342058 0.340555 0.347473 0.339878 0.348375 0.339878 0.362816 0.340555 0.363718 0.340555 0.367329 0.339878 0.368231 0.339878 0.380866 0.340555 0.381769 0.340555 0.384477 0.341232 0.385379 0.341232 0.386282 0.341909 0.387184 0.341909 0.388989 0.342586 0.389892 0.342586 0.390794 0.341909 0.391697 0.341909 0.396209 0.342586 0.397112 0.342586 0.407040 0.343263 0.407942 0.343263 0.409747 0.343940 0.410650 0.343940 0.411552 0.345295 0.413357 0.345295 0.418773 0.343940 0.420578 0.343940 0.432310 0.343263 0.433213 0.343263 0.438628 0.343940 0.439531 0.343940 0.442238 0.344617 0.443141 0.344617 0.444043 0.345295 0.444946 0.345295 0.445848 0.346649 0.447653 0.346649 0.448556 0.347326 0.449458 0.348003 0.449458 0.348680 0.450361 0.350034 0.450361 0.350711 0.451264 0.351388 0.451264 0.353419 0.453971 0.353419 0.454874 0.354096 0.455776 0.354096 0.457581 0.354773 0.458484 0.354773 0.461191 0.355450 0.462094 0.355450 0.485560 0.354773 0.486462 0.354773 0.495487 0.354096 0.496390 0.354096 0.500903 0.353419 0.501805 0.353419 0.508123 0.352742 0.509025 0.352742 0.515343 0.352065 0.516245 0.352065 0.522563 0.351388 0.523466 0.351388 0.546029 0.352065 0.546931 0.352065 0.553249 0.351388 0.554152 0.351388 0.556859 0.350711 0.557762 0.350711 0.559567 0.350034 0.560469 0.350034 0.562274 0.349357 0.563177 0.349357 0.567690 0.350034 0.568592 0.350034 0.569495 0.350711 0.570397 0.351388 0.570397 0.352065 0.571300 0.353419 0.571300 0.354096 0.572202 0.355450 0.572202 0.356127 0.573105 0.358158 0.573105 0.358835 0.574007 0.360867 0.574007 0.361544 0.574910 0.368991 0.574910 0.369668 0.575812 0.370345 0.574910 0.374408 0.574910 0.375085 0.574007 0.375762 0.574007 0.378470 0.570397 0.378470 0.567690 0.379147 0.566787 0.379147 0.565884 0.381178 0.563177 0.383209 0.563177 0.383886 0.562274 0.385240 0.562274 0.385917 0.561372 0.387271 0.561372 0.387949 0.560469 0.388626 0.560469 0.391334 0.556859 0.391334 0.555957 0.393365 0.553249 0.393365 0.551444 0.394042 0.550542 0.393365 0.549639 0.389303 0.549639 0.388626 0.550542 0.383209 0.550542 0.382532 0.549639 0.381855 0.549639 0.379147 0.546029 0.379147 0.544224 0.378470 0.543321 0.378470 0.541516 0.379147 0.540614 0.379147 0.535199 0.379824 0.534296 0.379824 0.518953 0.380501 0.518051 0.380501 0.510830 0.381178 0.509928 0.381178 0.506318 0.381855 0.505415 0.381855 0.491877 0.382532 0.490975 0.381855 0.490072 0.381855 0.487365 0.381178 0.486462 0.381178 0.485560 0.380501 0.484657 0.380501 0.481949 0.379824 0.481047 0.379824 0.468412 0.380501 0.467509 0.380501 0.466606 0.381178 0.465704 0.381178 0.464801 0.381855 0.463899 0.381855 0.453971 0.381178 0.453069 0.381855 0.452166 0.381855 0.451264 0.383209 0.449458 0.383209 0.448556 0.383886 0.447653 0.383886 0.445848 0.384563 0.444946 0.384563 0.425090 0.385240 0.424188 0.385240 0.411552 0.384563 0.410650 0.384563 0.405235 0.383886 0.404332 0.383886 0.396209 0.384563 0.395307 0.384563 0.378159 0.385240 0.377256 0.385240 0.370939 0.385917 0.370036 0.385917 0.360108 0.385240 0.359206 0.385240 0.351083 0.384563 0.350181 0.384563 0.347473 0.383886 0.346570 0.383886 0.344765 0.383209 0.343863 0.383209 0.342960 0.382532 0.342058 0.382532 0.341155 0.381178 0.339350 0.381178 0.338448 0.380501 0.337545 0.380501 0.336643 0.379824 0.335740 0.379824 0.334838 0.379147 0.333935 0.379147 0.330325 0.379824 0.329422 0.379824 0.327617 0.380501 0.326715 0.380501 0.325812 0.381178 0.324910 0.381178 0.324007 0.383209 0.321300 0.383209 0.320397 0.383886 0.319495 0.383886 0.317690 0.384563 0.316787 0.384563 0.314982 0.385240 0.314079 0.385240 0.311372 0.385917 0.310469 0.385917 0.303249 0.386594 0.302347 0.386594 0.296931 0.387271 0.296029 0.387271 0.295126 0.388626 0.293321 0.389303 0.293321 0.390657 0.291516 0.390657 0.289711 0.388626 0.287004 0.388626 0.286101 0.387949 0.286101 0.387271 0.285199 0.387271 0.284296 0.385917 0.282491 0.385917 0.281588 0.385240 0.280686 0.385240 0.278881 0.383886 0.277076 0.383886 0.276173 0.379824 0.270758 0.379147 0.270758 0.377116 0.268051 0.375762 0.268051 0.375085 0.267148
0 0.123223 0.266245 0.122546 0.267148 0.119160 0.267148 0.117129 0.269856 0.116452 0.269856 0.112390 0.275271 0.112390 0.276173 0.111036 0.277978 0.111036 0.278881 0.110359 0.279783 0.110359 0.280686 0.109682 0.281588 0.109682 0.282491 0.109005 0.283394 0.109005 0.287004 0.108328 0.287906 0.108328 0.288809 0.107651 0.289711 0.107651 0.290614 0.106297 0.292419 0.106297 0.293321 0.104265 0.296029 0.104265 0.297834 0.103588 0.298736 0.103588 0.299639 0.104265 0.299639 0.104942 0.300542 0.109005 0.300542 0.109682 0.301444 0.110359 0.301444 0.112390 0.304152 0.112390 0.315884 0.113067 0.316787 0.113067 0.319495 0.113744 0.320397 0.113744 0.322202 0.114421 0.323105 0.114421 0.324007 0.115098 0.324910 0.115098 0.326715 0.116452 0.328520 0.116452 0.329422 0.117129 0.330325 0.117129 0.331227 0.117806 0.332130 0.117806 0.333032 0.118483 0.333935 0.118483 0.338448 0.117806 0.339350 0.117806 0.341155 0.117129 0.342058 0.117129 0.348375 0.116452 0.349278 0.116452 0.358303 0.117129 0.359206 0.117129 0.383574 0.117806 0.384477 0.117806 0.388087 0.118483 0.388989 0.118483 0.396209 0.117806 0.397112 0.117806 0.402527 0.117129 0.403430 0.117129 0.404332 0.116452 0.405235 0.115775 0.405235 0.114421 0.407040 0.113744 0.407040 0.112390 0.408845 0.111713 0.408845 0.111036 0.409747 0.111036 0.410650 0.106297 0.416968 0.105619 0.416968 0.103588 0.419675 0.102911 0.419675 0.102234 0.420578 0.100880 0.420578 0.100203 0.421480 0.099526 0.421480 0.098849 0.422383 0.098172 0.422383 0.096818 0.424188 0.096141 0.424188 0.094787 0.425993 0.094787 0.426895 0.094110 0.427798 0.094110 0.429603 0.093433 0.430505 0.093433 0.435921 0.094110 0.435921 0.095464 0.437726 0.096141 0.437726 0.096818 0.438628 0.097495 0.438628 0.098172 0.439531 0.104942 0.439531 0.105619 0.438628 0.106297 0.438628 0.109005 0.435018 0.109005 0.434116 0.110359 0.432310 0.110359 0.431408 0.111713 0.429603 0.111713 0.428700 0.113744 0.425993 0.114421 0.425993 0.115775 0.424188 0.116452 0.424188 0.117129 0.423285 0.117806 0.423285 0.118483 0.422383 0.119838 0.422383 0.121869 0.425090 0.121869 0.425993 0.122546 0.426895 0.122546 0.430505 0.123223 0.431408 0.123223 0.435921 0.123900 0.436823 0.123900 0.442238 0.124577 0.443141 0.124577 0.444043 0.125254 0.444946 0.125254 0.446751 0.125931 0.447653 0.125931 0.456679 0.126608 0.457581 0.126608 0.461191 0.125931 0.462094 0.125931 0.464801 0.126608 0.465704 0.126608 0.480144 0.127285 0.481047 0.127285 0.486462 0.127962 0.487365 0.127962 0.490975 0.128639 0.491877 0.128639 0.495487 0.129316 0.496390 0.129316 0.503610 0.129993 0.504513 0.129993 0.508123 0.131347 0.509928 0.131347 0.510830 0.132024 0.511733 0.132024 0.512635 0.132701 0.513538 0.132701 0.514440 0.135410 0.518051 0.135410 0.518953 0.138118 0.522563 0.138118 0.523466 0.138795 0.524368 0.138795 0.525271 0.139472 0.526173 0.139472 0.527978 0.140149 0.528881 0.140149 0.535199 0.140826 0.536101 0.140826 0.550542 0.141503 0.551444 0.141503 0.564982 0.142180 0.565884 0.142180 0.579422 0.141503 0.580325 0.141503 0.584838 0.140826 0.585740 0.140826 0.589350 0.140149 0.590253 0.140149 0.591155 0.138118 0.593863 0.138118 0.594765 0.136764 0.596570 0.136764 0.597473 0.136087 0.598375 0.136087 0.599278 0.135410 0.600181 0.135410 0.601083 0.134733 0.601986 0.134733 0.603791 0.131347 0.608303 0.131347 0.609206 0.129993 0.611011 0.129993 0.611913 0.129316 0.612816 0.129316 0.613718 0.129993 0.614621 0.129993 0.615523 0.130670 0.616426 0.131347 0.616426 0.132024 0.617329 0.133378 0.617329 0.134056 0.618231 0.134733 0.618231 0.135410 0.619134 0.136087 0.619134 0.136764 0.620036 0.137441 0.620036 0.138118 0.619134 0.140149 0.619134 0.140826 0.618231 0.141503 0.618231 0.142180 0.617329 0.142857 0.617329 0.143534 0.616426 0.146919 0.616426 0.147596 0.615523 0.153013 0.615523 0.153690 0.614621 0.155721 0.614621 0.156398 0.613718 0.158429 0.613718 0.159106 0.612816 0.160460 0.612816 0.161137 0.611913 0.161137 0.608303 0.160460 0.607401 0.160460 0.606498 0.159783 0.605596 0.159783 0.604693 0.159106 0.603791 0.159106 0.592058 0.158429 0.591155 0.158429 0.590253 0.157752 0.589350 0.157752 0.588448 0.157075 0.587545 0.157075 0.571300 0.157752 0.570397 0.157752 0.565884 0.158429 0.564982 0.158429 0.561372 0.159106 0.560469 0.159106 0.555054 0.159783 0.554152 0.159783 0.548736 0.160460 0.547834 0.160460 0.544224 0.161137 0.543321 0.161137 0.541516 0.162492 0.539711 0.165200 0.539711 0.168585 0.544224 0.169262 0.544224 0.170616 0.546029 0.171293 0.546029 0.171970 0.546931 0.172647 0.546931 0.174001 0.548736 0.174678 0.548736 0.175355 0.549639 0.176032 0.549639 0.176710 0.550542 0.176710 0.551444 0.177387 0.552347 0.177387 0.564982 0.176710 0.565884 0.176710 0.568592 0.176032 0.569495 0.176032 0.572202 0.175355 0.573105 0.175355 0.576715 0.174678 0.577617 0.175355 0.578520 0.175355 0.579422 0.177387 0.582130 0.182803 0.582130 0.183480 0.581227 0.184157 0.581227 0.185511 0.579422 0.186188 0.579422 0.187542 0.577617 0.187542 0.576715 0.188219 0.575812 0.188896 0.575812 0.188896 0.574910 0.189573 0.574007 0.189573 0.573105 0.190251 0.572202 0.190251 0.571300 0.190928 0.570397 0.190928 0.569495 0.192282 0.567690 0.192282 0.565884 0.192959 0.564982 0.192959 0.564079 0.193636 0.563177 0.193636 0.559567 0.194313 0.558664 0.194313 0.557762 0.195667 0.555957 0.195667 0.555054 0.196344 0.554152 0.196344 0.553249 0.197021 0.552347 0.197021 0.551444 0.197698 0.550542 0.197698 0.549639 0.199052 0.547834 0.199052 0.546931 0.199729 0.546029 0.199729 0.545126 0.200406 0.544224 0.200406 0.540614 0.199729 0.539711 0.199729 0.538809 0.199052 0.537906 0.198375 0.537906 0.197021 0.536101 0.196344 0.536101 0.195667 0.535199 0.191605 0.535199 0.190928 0.534296 0.187542 0.534296 0.186865 0.533394 0.185511 0.533394 0.184834 0.532491 0.184157 0.532491 0.183480 0.531588 0.182803 0.531588 0.182126 0.530686 0.181449 0.530686 0.180772 0.529783 0.180095 0.529783 0.178741 0.527978 0.178064 0.527978 0.176710 0.526173 0.176032 0.526173 0.174001 0.523466 0.173324 0.523466 0.163846 0.510830 0.163846 0.509928 0.163169 0.509025 0.163169 0.501805 0.163846 0.500903 0.163846 0.499097 0.164523 0.498195 0.164523 0.496390 0.165200 0.495487 0.165200 0.494585 0.165877 0.493682 0.165877 0.492780 0.166554 0.491877 0.166554 0.490072 0.167231 0.489170 0.167231 0.488267 0.167908 0.487365 0.167908 0.485560 0.168585 0.484657 0.168585 0.482852 0.169262 0.481949 0.169262 0.481047 0.169939 0.480144 0.169939 0.478339 0.170616 0.477437 0.170616 0.476534 0.171293 0.475632 0.171293 0.473827 0.171970 0.472924 0.171970 0.472022 0.172647 0.471119 0.172647 0.469314 0.173324 0.468412 0.173324 0.467509 0.174001 0.466606 0.174001 0.465704 0.174678 0.464801 0.174678 0.463899 0.175355 0.462996 0.175355 0.460289 0.176032 0.459386 0.175355 0.458484 0.175355 0.454874 0.174678 0.453971 0.174678 0.453069 0.173324 0.451264 0.173324 0.450361 0.172647 0.449458 0.172647 0.447653 0.171970 0.446751 0.171970 0.445848 0.169939 0.443141 0.169939 0.442238 0.169262 0.441336 0.169262 0.440433 0.168585 0.439531 0.168585 0.438628 0.167908 0.437726 0.167908 0.434116 0.167231 0.433213 0.167231 0.427798 0.167908 0.426895 0.167908 0.424188 0.168585 0.423285 0.168585 0.420578 0.169262 0.419675 0.169262 0.417870 0.169939 0.416968 0.169939 0.416065 0.170616 0.415162 0.170616 0.414260 0.171293 0.413357 0.171293 0.412455 0.171970 0.411552 0.171970 0.410650 0.172647 0.409747 0.172647 0.407040 0.173324 0.406137 0.173324 0.405235 0.174001 0.404332 0.174001 0.401625 0.174678 0.400722 0.174678 0.398917 0.175355 0.398014 0.175355 0.394404 0.176032 0.393502 0.176032 0.389892 0.176710 0.388989 0.176710 0.385379 0.177387 0.384477 0.177387 0.382671 0.178064 0.381769 0.178064 0.379061 0.178741 0.378159 0.178741 0.377256 0.179418 0.376354 0.179418 0.360108 0.178741 0.359206 0.178741 0.355596 0.178064 0.354693 0.178064 0.353791 0.177387 0.352888 0.177387 0.350181 0.176710 0.349278 0.176710 0.346570 0.176032 0.345668 0.176032 0.343863 0.175355 0.342960 0.175355 0.342058 0.174001 0.340253 0.174001 0.339350 0.173324 0.338448 0.172647 0.338448 0.171970 0.337545 0.171293 0.337545 0.170616 0.336643 0.169939 0.336643 0.168585 0.334838 0.167908 0.334838 0.167231 0.333935 0.166554 0.333935 0.164523 0.331227 0.163846 0.331227 0.163169 0.330325 0.162492 0.330325 0.161137 0.328520 0.161137 0.327617 0.159783 0.325812 0.159783 0.324910 0.157752 0.322202 0.157752 0.321300 0.154367 0.316787 0.153690 0.316787 0.148951 0.310469 0.148951 0.308664 0.148274 0.307762 0.148274 0.304152 0.148951 0.303249 0.148951 0.300542 0.149628 0.299639 0.149628 0.290614 0.148951 0.289711 0.148951 0.287906 0.148274 0.287004 0.148274 0.285199 0.147596 0.284296 0.147596 0.283394 0.146919 0.282491 0.146919 0.281588 0.145565 0.279783 0.145565 0.278881 0.142180 0.274368 0.141503 0.274368 0.139472 0.271661 0.138795 0.271661 0.138118 0.270758 0.137441 0.270758 0.136764 0.269856 0.136087 0.269856 0.135410 0.268953 0.134056 0.268953 0.133378 0.268051 0.132024 0.268051 0.131347 0.267148 0.124577 0.267148 0.123900 0.266245
0 0.574814 0.486462 0.574137 0.487365 0.574137 0.488267 0.573460 0.489170 0.573460 0.490975 0.572783 0.491877 0.572783 0.493682 0.572106 0.494585 0.572106 0.495487 0.571429 0.496390 0.571429 0.497292 0.570074 0.499097 0.570074 0.500000 0.568720 0.501805 0.568720 0.502708 0.567366 0.504513 0.567366 0.509025 0.566689 0.509928 0.566689 0.522563 0.566012 0.523466 0.566012 0.526173 0.565335 0.527076 0.565335 0.533394 0.566012 0.534296 0.566012 0.539711 0.568043 0.542419 0.568720 0.542419 0.569397 0.543321 0.571429 0.543321 0.572106 0.544224 0.575491 0.544224 0.576168 0.543321 0.577522 0.543321 0.579553 0.540614 0.580230 0.540614 0.581584 0.538809 0.581584 0.537004 0.582261 0.536101 0.581584 0.535199 0.581584 0.533394 0.580907 0.532491 0.580907 0.531588 0.575491 0.524368 0.575491 0.523466 0.574814 0.522563 0.574814 0.520758 0.574137 0.519856 0.574137 0.507220 0.574814 0.506318 0.574814 0.503610 0.575491 0.502708 0.575491 0.500903 0.576168 0.500000 0.576168 0.494585 0.576845 0.493682 0.576845 0.492780 0.578199 0.490975 0.578199 0.489170 0.577522 0.488267 0.577522 0.487365 0.576168 0.487365 0.575491 0.486462
0 0.575491 0.308664 0.574814 0.309567 0.574137 0.309567 0.573460 0.310469 0.573460 0.317690 0.574137 0.318592 0.574137 0.319495 0.574814 0.320397 0.574814 0.321300 0.575491 0.322202 0.575491 0.323105 0.576845 0.324910 0.576845 0.325812 0.577522 0.326715 0.577522 0.327617 0.578199 0.328520 0.578199 0.329422 0.578876 0.330325 0.578876 0.331227 0.579553 0.332130 0.579553 0.333032 0.580230 0.333935 0.580230 0.334838 0.582938 0.338448 0.582938 0.339350 0.583615 0.340253 0.583615 0.341155 0.584970 0.342960 0.586324 0.342960 0.587001 0.342058 0.587001 0.327617 0.586324 0.326715 0.586324 0.324007 0.585647 0.323105 0.585647 0.321300 0.584970 0.320397 0.584970 0.319495 0.584292 0.318592 0.584292 0.317690 0.577522 0.308664
0 0.558565 0.252708 0.557888 0.253610 0.555856 0.253610 0.555179 0.254513 0.553825 0.254513 0.555856 0.257220 0.555856 0.258123 0.556534 0.258123 0.557211 0.259025 0.558565 0.259025 0.559919 0.260830 0.560596 0.260830 0.562627 0.263538 0.563304 0.263538 0.566012 0.267148 0.566012 0.268051 0.566689 0.268953 0.566689 0.269856 0.568720 0.272563 0.568720 0.273466 0.569397 0.274368 0.569397 0.278881 0.570074 0.279783 0.570074 0.285199 0.570752 0.286101 0.570752 0.287004 0.572783 0.287004 0.574137 0.285199 0.574137 0.273466 0.573460 0.272563 0.573460 0.271661 0.572783 0.270758 0.572783 0.268051 0.572106 0.267148 0.572106 0.265343 0.571429 0.264440 0.571429 0.263538 0.570752 0.262635 0.570752 0.261733 0.570074 0.260830 0.570074 0.259928 0.569397 0.259025 0.569397 0.258123 0.568720 0.257220 0.568043 0.257220 0.567366 0.256318 0.567366 0.255415 0.566689 0.255415 0.566012 0.254513 0.565335 0.254513 0.564658 0.253610 0.562627 0.253610 0.561950 0.252708
0 0.637102 0.281588 0.636425 0.282491 0.635748 0.282491 0.635071 0.283394 0.631686 0.283394 0.631009 0.284296 0.629655 0.284296 0.628978 0.285199 0.628301 0.285199 0.627624 0.286101 0.626947 0.286101 0.624915 0.288809 0.624238 0.288809 0.619499 0.295126 0.619499 0.296029 0.618822 0.296931 0.618822 0.297834 0.618145 0.298736 0.618145 0.300542 0.617468 0.301444 0.617468 0.304152 0.616791 0.305054 0.616791 0.307762 0.616114 0.308664 0.616114 0.310469 0.615437 0.311372 0.615437 0.312274 0.614760 0.313177 0.614760 0.314079 0.612729 0.316787 0.612729 0.318592 0.614083 0.318592 0.614760 0.319495 0.616114 0.319495 0.618145 0.322202 0.618145 0.323105 0.618822 0.324007 0.618822 0.337545 0.619499 0.338448 0.619499 0.341155 0.620176 0.342058 0.620176 0.343863 0.620853 0.344765 0.620853 0.345668 0.620176 0.346570 0.620176 0.347473 0.619499 0.348375 0.619499 0.349278 0.616114 0.353791 0.616114 0.354693 0.615437 0.355596 0.615437 0.357401 0.614760 0.358303 0.614760 0.364621 0.614083 0.365523 0.614083 0.366426 0.611374 0.370036 0.611374 0.370939 0.609343 0.373646 0.609343 0.374549 0.608666 0.375451 0.608666 0.376354 0.607312 0.378159 0.607312 0.379061 0.606635 0.379964 0.606635 0.380866 0.605958 0.381769 0.605958 0.382671 0.605281 0.383574 0.605281 0.384477 0.604604 0.385379 0.604604 0.388087 0.603927 0.388989 0.603927 0.391697 0.603250 0.392599 0.603250 0.394404 0.602573 0.395307 0.602573 0.398014 0.601896 0.398917 0.601896 0.401625 0.601219 0.402527 0.601219 0.406137 0.600542 0.407040 0.600542 0.409747 0.599865 0.410650 0.599865 0.415162 0.599188 0.416065 0.599188 0.417870 0.598510 0.418773 0.598510 0.421480 0.597833 0.422383 0.597833 0.424188 0.597156 0.425090 0.597156 0.426895 0.596479 0.427798 0.596479 0.430505 0.595802 0.431408 0.595802 0.434116 0.595125 0.435018 0.595125 0.437726 0.594448 0.438628 0.594448 0.443141 0.593771 0.444043 0.593771 0.447653 0.593094 0.448556 0.593094 0.453971 0.592417 0.454874 0.592417 0.457581 0.591740 0.458484 0.591740 0.462094 0.591063 0.462996 0.591063 0.464801 0.590386 0.465704 0.590386 0.472022 0.589709 0.472924 0.589709 0.478339 0.589032 0.479242 0.589032 0.481047 0.588355 0.481949 0.588355 0.485560 0.587678 0.486462 0.587678 0.490975 0.587001 0.491877 0.587001 0.502708 0.587678 0.503610 0.587678 0.506318 0.588355 0.507220 0.588355 0.508123 0.589032 0.508123 0.590386 0.509928 0.590386 0.510830 0.591740 0.512635 0.593771 0.512635 0.594448 0.513538 0.595125 0.513538 0.596479 0.511733 0.596479 0.509025 0.595802 0.508123 0.595802 0.503610 0.596479 0.502708 0.596479 0.500903 0.597156 0.500000 0.597156 0.498195 0.597833 0.497292 0.597833 0.495487 0.598510 0.494585 0.598510 0.492780 0.599188 0.491877 0.599188 0.490072 0.599865 0.489170 0.599865 0.487365 0.600542 0.486462 0.600542 0.485560 0.601896 0.483755 0.603250 0.485560 0.603250 0.486462 0.603927 0.487365 0.603927 0.498195 0.603250 0.499097 0.603250 0.509025 0.602573 0.509928 0.602573 0.512635 0.603250 0.513538 0.603250 0.527076 0.603927 0.527978 0.603927 0.566787 0.603250 0.567690 0.603250 0.584838 0.602573 0.585740 0.602573 0.607401 0.601896 0.608303 0.601896 0.612816 0.601219 0.613718 0.601219 0.614621 0.598510 0.618231 0.596479 0.618231 0.595802 0.617329 0.595125 0.617329 0.594448 0.618231 0.591740 0.618231 0.591063 0.619134 0.587678 0.619134 0.587001 0.620036 0.584970 0.620036 0.582938 0.622744 0.582938 0.623646 0.582261 0.624549 0.582261 0.626354 0.582938 0.627256 0.582938 0.628159 0.583615 0.629061 0.583615 0.629964 0.584292 0.630866 0.584970 0.630866 0.587001 0.633574 0.587678 0.633574 0.588355 0.634477 0.589032 0.634477 0.589709 0.635379 0.590386 0.635379 0.591063 0.636282 0.591740 0.636282 0.592417 0.637184 0.593771 0.637184 0.594448 0.638087 0.595125 0.638087 0.595802 0.638989 0.596479 0.638989 0.597156 0.639892 0.597833 0.639892 0.598510 0.640794 0.599188 0.640794 0.599865 0.641697 0.601219 0.641697 0.601896 0.642599 0.602573 0.642599 0.603250 0.643502 0.605958 0.643502 0.608666 0.639892 0.608666 0.638989 0.609343 0.638087 0.609343 0.637184 0.610020 0.636282 0.610020 0.634477 0.610697 0.633574 0.610697 0.629964 0.611374 0.629061 0.611374 0.628159 0.612051 0.627256 0.612051 0.626354 0.612729 0.625451 0.612729 0.624549 0.613406 0.623646 0.613406 0.621841 0.614083 0.620939 0.614083 0.618231 0.614760 0.617329 0.614760 0.611913 0.615437 0.611011 0.615437 0.604693 0.616114 0.603791 0.616114 0.600181 0.616791 0.599278 0.616791 0.596570 0.617468 0.595668 0.617468 0.592960 0.618145 0.592058 0.618145 0.588448 0.618822 0.587545 0.618822 0.585740 0.619499 0.584838 0.619499 0.581227 0.620176 0.580325 0.620176 0.574910 0.620853 0.574007 0.620853 0.555957 0.621530 0.555054 0.621530 0.552347 0.622207 0.551444 0.622207 0.548736 0.622884 0.547834 0.622884 0.544224 0.623561 0.543321 0.623561 0.538809 0.624238 0.537906 0.624238 0.532491 0.624915 0.531588 0.624915 0.527076 0.625592 0.526173 0.625592 0.525271 0.626269 0.524368 0.629655 0.524368 0.630332 0.525271 0.630332 0.527076 0.631009 0.527978 0.631009 0.533394 0.631686 0.534296 0.631686 0.536101 0.632363 0.537004 0.632363 0.537906 0.633717 0.539711 0.633717 0.546029 0.634394 0.546931 0.634394 0.551444 0.635071 0.552347 0.635071 0.555957 0.635748 0.556859 0.635748 0.557762 0.636425 0.558664 0.636425 0.559567 0.637102 0.560469 0.637102 0.563177 0.637779 0.564079 0.637779 0.583032 0.637102 0.583935 0.637102 0.591155 0.636425 0.592058 0.636425 0.598375 0.635748 0.599278 0.635748 0.602888 0.635071 0.603791 0.635071 0.607401 0.634394 0.608303 0.634394 0.611011 0.633717 0.611913 0.633717 0.614621 0.633040 0.615523 0.633040 0.616426 0.632363 0.617329 0.632363 0.619134 0.630332 0.621841 0.629655 0.621841 0.627624 0.624549 0.627624 0.625451 0.626947 0.626354 0.626947 0.629964 0.629655 0.633574 0.630332 0.633574 0.631009 0.634477 0.631686 0.634477 0.632363 0.635379 0.633040 0.635379 0.633717 0.636282 0.634394 0.636282 0.635748 0.638087 0.636425 0.638087 0.637102 0.638989 0.637779 0.638989 0.638456 0.639892 0.644550 0.639892 0.645227 0.638989 0.645904 0.638989 0.647258 0.637184 0.647258 0.621841 0.647935 0.620939 0.647935 0.615523 0.648612 0.614621 0.648612 0.612816 0.649289 0.611913 0.649289 0.605596 0.649966 0.604693 0.649966 0.601986 0.650643 0.601083 0.650643 0.598375 0.651320 0.597473 0.651320 0.589350 0.651997 0.588448 0.651997 0.585740 0.652674 0.584838 0.652674 0.573105 0.653351 0.572202 0.653351 0.565884 0.652674 0.564982 0.652674 0.555054 0.651997 0.554152 0.651997 0.549639 0.651320 0.548736 0.651320 0.545126 0.650643 0.544224 0.650643 0.517148 0.651320 0.516245 0.651320 0.512635 0.651997 0.511733 0.651997 0.509928 0.652674 0.509025 0.652674 0.506318 0.653351 0.505415 0.653351 0.503610 0.654705 0.501805 0.654705 0.500903 0.656060 0.499097 0.656060 0.496390 0.656737 0.495487 0.656737 0.491877 0.657414 0.490975 0.657414 0.488267 0.658091 0.487365 0.658091 0.481047 0.658768 0.480144 0.658768 0.458484 0.659445 0.457581 0.659445 0.455776 0.660122 0.454874 0.660122 0.453069 0.660799 0.452166 0.660799 0.450361 0.661476 0.449458 0.661476 0.444946 0.662153 0.444043 0.662153 0.438628 0.662830 0.437726 0.662830 0.433213 0.663507 0.432310 0.663507 0.420578 0.664184 0.419675 0.664184 0.417870 0.664861 0.416968 0.664861 0.414260 0.665538 0.413357 0.665538 0.411552 0.666215 0.410650 0.666215 0.397112 0.665538 0.396209 0.665538 0.384477 0.664861 0.383574 0.664861 0.376354 0.664184 0.375451 0.664184 0.372744 0.663507 0.371841 0.663507 0.370939 0.662830 0.370036 0.662830 0.369134 0.661476 0.367329 0.661476 0.366426 0.660122 0.364621 0.659445 0.364621 0.656060 0.360108 0.656060 0.359206 0.655383 0.358303 0.655383 0.357401 0.654028 0.355596 0.654028 0.354693 0.653351 0.353791 0.653351 0.352888 0.652674 0.351986 0.652674 0.349278 0.651997 0.348375 0.651997 0.347473 0.651320 0.346570 0.651320 0.345668 0.649966 0.343863 0.649966 0.342960 0.648612 0.341155 0.648612 0.339350 0.647935 0.338448 0.647935 0.332130 0.648612 0.331227 0.648612 0.329422 0.649289 0.328520 0.649289 0.327617 0.651320 0.324910 0.651320 0.324007 0.651997 0.323105 0.651997 0.322202 0.652674 0.321300 0.652674 0.320397 0.654028 0.318592 0.654028 0.317690 0.654705 0.316787 0.654705 0.315884 0.655383 0.314982 0.655383 0.310469 0.654705 0.309567 0.654705 0.306859 0.654028 0.305957 0.654028 0.304152 0.653351 0.303249 0.653351 0.301444 0.652674 0.300542 0.652674 0.297834 0.651997 0.296931 0.651997 0.296029 0.651320 0.295126 0.651320 0.294224 0.650643 0.293321 0.650643 0.292419 0.648612 0.289711 0.648612 0.288809 0.646581 0.286101 0.645904 0.286101 0.645227 0.285199 0.643196 0.285199 0.642519 0.284296 0.639810 0.284296 0.639133 0.283394 0.638456 0.283394
0 0.657414 0.279783 0.657414 0.280686 0.656737 0.281588 0.656737 0.285199 0.657414 0.286101 0.657414 0.287906 0.658091 0.287004 0.658091 0.283394 0.658768 0.282491 0.658091 0.281588 0.658091 0.280686
0 0.547732 0.256318 0.547055 0.257220 0.545701 0.257220 0.545024 0.258123 0.543670 0.258123 0.541638 0.260830 0.540961 0.260830 0.537576 0.265343 0.537576 0.266245 0.536222 0.268051 0.536222 0.268953 0.535545 0.269856 0.535545 0.270758 0.534868 0.271661 0.534868 0.273466 0.534191 0.274368 0.534191 0.275271 0.533514 0.276173 0.533514 0.277978 0.532837 0.278881 0.532837 0.279783 0.532160 0.280686 0.532160 0.281588 0.531483 0.282491 0.531483 0.283394 0.530806 0.284296 0.530806 0.285199 0.530129 0.286101 0.530129 0.287906 0.529452 0.288809 0.529452 0.289711 0.528775 0.290614 0.527420 0.290614 0.526743 0.291516 0.524712 0.291516 0.524035 0.292419 0.522004 0.292419 0.520650 0.294224 0.520650 0.295126 0.519973 0.296029 0.519973 0.296931 0.520650 0.297834 0.520650 0.299639 0.521327 0.300542 0.521327 0.301444 0.523358 0.304152 0.523358 0.305054 0.524712 0.306859 0.524035 0.307762 0.524035 0.308664 0.523358 0.309567 0.523358 0.311372 0.522681 0.312274 0.522681 0.313177 0.522004 0.314079 0.522004 0.314982 0.521327 0.315884 0.521327 0.316787 0.519973 0.318592 0.519973 0.319495 0.518619 0.321300 0.518619 0.322202 0.517942 0.323105 0.517942 0.324007 0.517265 0.324910 0.517265 0.325812 0.515911 0.327617 0.515911 0.328520 0.515234 0.329422 0.515234 0.331227 0.514557 0.332130 0.514557 0.333032 0.513879 0.333935 0.513879 0.334838 0.513202 0.335740 0.513202 0.336643 0.511171 0.339350 0.511171 0.340253 0.509817 0.342058 0.509817 0.342960 0.508463 0.344765 0.508463 0.345668 0.507786 0.346570 0.507786 0.348375 0.507109 0.349278 0.507109 0.352888 0.506432 0.353791 0.506432 0.364621 0.505755 0.365523 0.505755 0.370036 0.505078 0.370939 0.505078 0.375451 0.504401 0.376354 0.504401 0.378159 0.503724 0.379061 0.503724 0.381769 0.503047 0.382671 0.503047 0.388087 0.503724 0.388989 0.503724 0.396209 0.503047 0.397112 0.503047 0.400722 0.502370 0.401625 0.502370 0.403430 0.501693 0.404332 0.501693 0.408845 0.501016 0.409747 0.501016 0.442238 0.500339 0.443141 0.500339 0.447653 0.499661 0.448556 0.499661 0.460289 0.498984 0.461191 0.498984 0.466606 0.498307 0.467509 0.498307 0.475632 0.498984 0.476534 0.498984 0.479242 0.499661 0.480144 0.499661 0.481949 0.500339 0.482852 0.500339 0.483755 0.501016 0.484657 0.501016 0.485560 0.503047 0.488267 0.504401 0.488267 0.505078 0.489170 0.505755 0.489170 0.506432 0.488267 0.507786 0.488267 0.508463 0.487365 0.509140 0.487365 0.509140 0.486462 0.509817 0.485560 0.509817 0.483755 0.510494 0.482852 0.510494 0.471119 0.511171 0.470217 0.511171 0.463899 0.511848 0.462996 0.512525 0.463899 0.512525 0.471119 0.513202 0.472022 0.513202 0.478339 0.512525 0.479242 0.512525 0.482852 0.513202 0.483755 0.513202 0.485560 0.513879 0.486462 0.513879 0.488267 0.514557 0.489170 0.514557 0.490975 0.515234 0.491877 0.515234 0.493682 0.515911 0.494585 0.515911 0.499097 0.516588 0.500000 0.516588 0.508123 0.517265 0.509025 0.517265 0.514440 0.517942 0.515343 0.517942 0.521661 0.518619 0.522563 0.518619 0.527978 0.519296 0.528881 0.519296 0.537004 0.519973 0.537906 0.519973 0.550542 0.519296 0.551444 0.519296 0.558664 0.518619 0.559567 0.518619 0.572202 0.517942 0.573105 0.517942 0.589350 0.518619 0.590253 0.518619 0.605596 0.517942 0.606498 0.517942 0.617329 0.517265 0.618231 0.517265 0.620939 0.516588 0.621841 0.516588 0.622744 0.515234 0.624549 0.514557 0.624549 0.512525 0.627256 0.511848 0.627256 0.511848 0.628159 0.510494 0.629964 0.510494 0.632671 0.509817 0.633574 0.509817 0.634477 0.510494 0.635379 0.510494 0.640794 0.511171 0.641697 0.511171 0.643502 0.511848 0.644404 0.512525 0.644404 0.514557 0.647112 0.515911 0.647112 0.517265 0.648917 0.517942 0.648917 0.519296 0.650722 0.519973 0.650722 0.520650 0.651625 0.521327 0.651625 0.522004 0.652527 0.524035 0.652527 0.524712 0.653430 0.529452 0.653430 0.530129 0.652527 0.530806 0.652527 0.531483 0.651625 0.532160 0.651625 0.532837 0.650722 0.532837 0.639892 0.532160 0.638989 0.532160 0.637184 0.531483 0.636282 0.531483 0.629061 0.532160 0.628159 0.532160 0.623646 0.532837 0.622744 0.532837 0.610108 0.533514 0.609206 0.533514 0.601083 0.534191 0.600181 0.534191 0.597473 0.534868 0.596570 0.534868 0.593863 0.535545 0.592960 0.535545 0.591155 0.536222 0.590253 0.536222 0.586643 0.536899 0.585740 0.536899 0.577617 0.537576 0.576715 0.537576 0.572202 0.538253 0.571300 0.538253 0.558664 0.538930 0.557762 0.538930 0.549639 0.539607 0.548736 0.539607 0.547834 0.540284 0.546931 0.540284 0.546029 0.541638 0.544224 0.541638 0.543321 0.542316 0.542419 0.542316 0.541516 0.542993 0.540614 0.543670 0.541516 0.543670 0.545126 0.544347 0.546029 0.544347 0.547834 0.545024 0.548736 0.545024 0.553249 0.545701 0.554152 0.545701 0.562274 0.546378 0.563177 0.546378 0.568592 0.547055 0.569495 0.547055 0.575812 0.547732 0.576715 0.547732 0.583935 0.548409 0.584838 0.548409 0.590253 0.549086 0.591155 0.549086 0.595668 0.549763 0.596570 0.549763 0.599278 0.550440 0.600181 0.550440 0.602888 0.551117 0.603791 0.551117 0.607401 0.551794 0.608303 0.551794 0.611011 0.551117 0.611913 0.551117 0.615523 0.550440 0.616426 0.550440 0.617329 0.547732 0.620939 0.547055 0.620939 0.545701 0.622744 0.545701 0.623646 0.543670 0.626354 0.543670 0.629061 0.542993 0.629964 0.542993 0.635379 0.543670 0.636282 0.543670 0.637184 0.545701 0.639892 0.546378 0.639892 0.547055 0.640794 0.547732 0.640794 0.549763 0.643502 0.550440 0.643502 0.551117 0.644404 0.551794 0.644404 0.552471 0.645307 0.553148 0.645307 0.553825 0.646209 0.555179 0.646209 0.555856 0.647112 0.558565 0.647112 0.559242 0.646209 0.561273 0.646209 0.561950 0.645307 0.562627 0.645307 0.563981 0.643502 0.563981 0.641697 0.564658 0.640794 0.564658 0.622744 0.565335 0.621841 0.565335 0.603791 0.566012 0.602888 0.566012 0.599278 0.566689 0.598375 0.566689 0.592058 0.567366 0.591155 0.567366 0.563177 0.566689 0.562274 0.566689 0.558664 0.566012 0.557762 0.566012 0.552347 0.565335 0.551444 0.565335 0.543321 0.566012 0.542419 0.565335 0.541516 0.565335 0.534296 0.564658 0.533394 0.564658 0.528881 0.565335 0.527978 0.565335 0.517148 0.566012 0.516245 0.566012 0.510830 0.566689 0.509928 0.566689 0.509025 0.567366 0.508123 0.567366 0.506318 0.568043 0.505415 0.568043 0.504513 0.568720 0.503610 0.568720 0.502708 0.570752 0.500000 0.570752 0.499097 0.571429 0.498195 0.571429 0.496390 0.572106 0.495487 0.572106 0.494585 0.572783 0.493682 0.572783 0.490975 0.573460 0.490072 0.573460 0.489170 0.574814 0.487365 0.578199 0.487365 0.580230 0.484657 0.580907 0.484657 0.581584 0.483755 0.581584 0.482852 0.582261 0.481949 0.582261 0.481047 0.582938 0.480144 0.582938 0.478339 0.583615 0.477437 0.583615 0.475632 0.584292 0.474729 0.584292 0.472924 0.584970 0.472022 0.584970 0.469314 0.585647 0.468412 0.585647 0.467509 0.586324 0.466606 0.586324 0.464801 0.587001 0.463899 0.587001 0.462094 0.586324 0.461191 0.586324 0.458484 0.585647 0.457581 0.585647 0.453971 0.586324 0.453069 0.586324 0.446751 0.587001 0.445848 0.587001 0.437726 0.587678 0.436823 0.587678 0.429603 0.588355 0.428700 0.588355 0.419675 0.589032 0.418773 0.589032 0.414260 0.589709 0.413357 0.589709 0.409747 0.590386 0.408845 0.590386 0.404332 0.591063 0.403430 0.591063 0.399819 0.590386 0.398917 0.590386 0.392599 0.589709 0.391697 0.589709 0.385379 0.589032 0.384477 0.589032 0.370939 0.588355 0.370036 0.588355 0.360108 0.587678 0.359206 0.587678 0.351083 0.587001 0.350181 0.587001 0.345668 0.586324 0.344765 0.586324 0.343863 0.582938 0.339350 0.582938 0.338448 0.579553 0.333935 0.579553 0.332130 0.578876 0.331227 0.578876 0.329422 0.578199 0.328520 0.578199 0.327617 0.576845 0.325812 0.576845 0.324910 0.576168 0.324007 0.576168 0.323105 0.575491 0.322202 0.575491 0.321300 0.574814 0.320397 0.574814 0.318592 0.574137 0.317690 0.574137 0.314982 0.573460 0.314079 0.574137 0.313177 0.574137 0.311372 0.574814 0.310469 0.574814 0.309567 0.575491 0.308664 0.575491 0.305957 0.576168 0.305054 0.576168 0.301444 0.575491 0.300542 0.575491 0.298736 0.574814 0.297834 0.574814 0.296029 0.572783 0.293321 0.572783 0.292419 0.572106 0.291516 0.572106 0.290614 0.571429 0.289711 0.571429 0.287906 0.570752 0.287004 0.570752 0.285199 0.570074 0.284296 0.570074 0.282491 0.569397 0.281588 0.569397 0.277076 0.568720 0.276173 0.568720 0.272563 0.568043 0.271661 0.568043 0.269856 0.566012 0.267148 0.566012 0.266245 0.563304 0.262635 0.562627 0.262635 0.560596 0.259928 0.559242 0.259928 0.558565 0.259025 0.557211 0.259025 0.556534 0.258123 0.555856 0.258123 0.555179 0.257220 0.554502 0.257220 0.553825 0.256318
0 0.432634 0.258123 0.431957 0.259025 0.431280 0.259025 0.430603 0.259928 0.429248 0.259928 0.428571 0.260830 0.427894 0.260830 0.427217 0.261733 0.426540 0.261733 0.425863 0.262635 0.425186 0.262635 0.420447 0.268953 0.420447 0.269856 0.418416 0.272563 0.418416 0.273466 0.417739 0.274368 0.417739 0.275271 0.417062 0.276173 0.417062 0.277076 0.416385 0.277978 0.416385 0.278881 0.415708 0.279783 0.415708 0.280686 0.413676 0.283394 0.413676 0.284296 0.412999 0.285199 0.412999 0.287004 0.412322 0.287906 0.412322 0.289711 0.412999 0.290614 0.412999 0.292419 0.414353 0.294224 0.414353 0.295126 0.416385 0.297834 0.416385 0.298736 0.417062 0.299639 0.417062 0.301444 0.417739 0.302347 0.417739 0.305054 0.417062 0.305957 0.417062 0.312274 0.416385 0.313177 0.416385 0.317690 0.415708 0.318592 0.415708 0.321300 0.414353 0.323105 0.414353 0.324007 0.413676 0.324910 0.413676 0.325812 0.412322 0.327617 0.412322 0.328520 0.411645 0.329422 0.411645 0.330325 0.409614 0.333032 0.408937 0.333032 0.407583 0.334838 0.406906 0.334838 0.404198 0.338448 0.403521 0.338448 0.402844 0.339350 0.402167 0.339350 0.400812 0.341155 0.399458 0.341155 0.398104 0.342960 0.397427 0.342960 0.394042 0.347473 0.394042 0.348375 0.391334 0.351986 0.391334 0.353791 0.390657 0.354693 0.390657 0.356498 0.389980 0.357401 0.389980 0.359206 0.389303 0.360108 0.389303 0.362816 0.388626 0.363718 0.388626 0.369134 0.387949 0.370036 0.387949 0.373646 0.387271 0.374549 0.387271 0.378159 0.386594 0.379061 0.386594 0.393502 0.385917 0.394404 0.385917 0.396209 0.385240 0.397112 0.385240 0.403430 0.385917 0.404332 0.385917 0.407040 0.386594 0.407942 0.386594 0.411552 0.387271 0.412455 0.387271 0.424188 0.386594 0.425090 0.386594 0.441336 0.385917 0.442238 0.385917 0.445848 0.385240 0.446751 0.385240 0.450361 0.384563 0.451264 0.384563 0.459386 0.385240 0.460289 0.385240 0.462094 0.385917 0.462996 0.385917 0.463899 0.385240 0.464801 0.385240 0.466606 0.384563 0.467509 0.383886 0.467509 0.383209 0.468412 0.383209 0.469314 0.382532 0.470217 0.382532 0.476534 0.383209 0.477437 0.383209 0.482852 0.384563 0.484657 0.384563 0.485560 0.385240 0.486462 0.385240 0.487365 0.386594 0.489170 0.386594 0.490072 0.387271 0.490975 0.387949 0.490975 0.389980 0.493682 0.389980 0.494585 0.390657 0.495487 0.391334 0.495487 0.393365 0.492780 0.395396 0.492780 0.396073 0.491877 0.396750 0.491877 0.398104 0.493682 0.398104 0.495487 0.398781 0.496390 0.399458 0.496390 0.400135 0.497292 0.400812 0.497292 0.401490 0.498195 0.401490 0.500000 0.402167 0.500903 0.402167 0.504513 0.402844 0.505415 0.402844 0.513538 0.403521 0.514440 0.403521 0.521661 0.404198 0.522563 0.404198 0.533394 0.404875 0.534296 0.404875 0.541516 0.404198 0.542419 0.404198 0.546029 0.403521 0.546931 0.403521 0.549639 0.402844 0.550542 0.402844 0.555957 0.402167 0.556859 0.402167 0.589350 0.402844 0.590253 0.402844 0.596570 0.403521 0.597473 0.403521 0.602888 0.404198 0.603791 0.404198 0.607401 0.404875 0.608303 0.404875 0.610108 0.405552 0.611011 0.405552 0.613718 0.406229 0.614621 0.406229 0.620036 0.406906 0.620939 0.406906 0.630866 0.406229 0.631769 0.406229 0.633574 0.406906 0.634477 0.406906 0.636282 0.407583 0.637184 0.410291 0.637184 0.410968 0.636282 0.416385 0.636282 0.417739 0.638087 0.417739 0.638989 0.418416 0.638989 0.418416 0.637184 0.419770 0.635379 0.419770 0.623646 0.419093 0.622744 0.419093 0.610108 0.419770 0.609206 0.419770 0.599278 0.420447 0.598375 0.420447 0.592960 0.421124 0.592058 0.421124 0.585740 0.421801 0.584838 0.421801 0.578520 0.422478 0.577617 0.422478 0.564079 0.423155 0.563177 0.423155 0.560469 0.423832 0.559567 0.423832 0.557762 0.424509 0.556859 0.424509 0.551444 0.425186 0.550542 0.425186 0.546029 0.425863 0.545126 0.425863 0.539711 0.426540 0.538809 0.426540 0.534296 0.427217 0.533394 0.427217 0.527076 0.427894 0.526173 0.427894 0.518953 0.428571 0.518051 0.428571 0.515343 0.429248 0.514440 0.429248 0.512635 0.431957 0.509025 0.432634 0.509928 0.432634 0.512635 0.433311 0.513538 0.433311 0.520758 0.433988 0.521661 0.433988 0.528881 0.434665 0.529783 0.434665 0.533394 0.435342 0.534296 0.435342 0.537004 0.436019 0.537906 0.436019 0.543321 0.436696 0.544224 0.436696 0.548736 0.437373 0.549639 0.437373 0.553249 0.438050 0.554152 0.438050 0.557762 0.438727 0.558664 0.438727 0.560469 0.439404 0.561372 0.439404 0.563177 0.440081 0.564079 0.440081 0.567690 0.440758 0.568592 0.440758 0.575812 0.441435 0.576715 0.441435 0.583935 0.442112 0.584838 0.442112 0.590253 0.442789 0.591155 0.442789 0.594765 0.443466 0.595668 0.443466 0.600181 0.444144 0.601083 0.444144 0.604693 0.444821 0.605596 0.444821 0.618231 0.444144 0.619134 0.444144 0.620939 0.443466 0.621841 0.443466 0.623646 0.442789 0.624549 0.442789 0.625451 0.442112 0.626354 0.442112 0.631769 0.441435 0.632671 0.441435 0.638989 0.442112 0.639892 0.442112 0.640794 0.442789 0.641697 0.444144 0.641697 0.444821 0.642599 0.447529 0.642599 0.448206 0.641697 0.450914 0.641697 0.451591 0.640794 0.453622 0.640794 0.454976 0.638989 0.455653 0.638989 0.457007 0.637184 0.457007 0.620036 0.457684 0.619134 0.457684 0.613718 0.458362 0.612816 0.458362 0.600181 0.459039 0.599278 0.459039 0.593863 0.459716 0.592960 0.459716 0.584838 0.460393 0.583935 0.460393 0.567690 0.459716 0.566787 0.459716 0.559567 0.459039 0.558664 0.459039 0.555957 0.458362 0.555054 0.458362 0.551444 0.457684 0.550542 0.457684 0.546029 0.457007 0.545126 0.457007 0.532491 0.457684 0.531588 0.457684 0.520758 0.458362 0.519856 0.458362 0.511733 0.459039 0.510830 0.459039 0.508123 0.459716 0.507220 0.459716 0.505415 0.460393 0.504513 0.460393 0.500903 0.461070 0.500000 0.461070 0.496390 0.461747 0.495487 0.461747 0.493682 0.462424 0.492780 0.462424 0.491877 0.463101 0.490975 0.463101 0.489170 0.463778 0.488267 0.463778 0.487365 0.465809 0.484657 0.467163 0.484657 0.467840 0.483755 0.468517 0.483755 0.469871 0.481949 0.469871 0.481047 0.470548 0.480144 0.470548 0.478339 0.471225 0.477437 0.471225 0.474729 0.471903 0.473827 0.471903 0.455776 0.472580 0.454874 0.472580 0.442238 0.473257 0.441336 0.473257 0.433213 0.473934 0.432310 0.473934 0.429603 0.474611 0.428700 0.474611 0.421480 0.475288 0.420578 0.475288 0.414260 0.475965 0.413357 0.475965 0.407942 0.476642 0.407040 0.476642 0.403430 0.475965 0.402527 0.475965 0.398917 0.475288 0.398014 0.475288 0.396209 0.475965 0.395307 0.475965 0.392599 0.475288 0.391697 0.475288 0.388989 0.474611 0.388087 0.474611 0.382671 0.473934 0.381769 0.473934 0.379061 0.473257 0.378159 0.473257 0.372744 0.472580 0.371841 0.472580 0.367329 0.471903 0.366426 0.471903 0.361913 0.471225 0.361011 0.471225 0.359206 0.470548 0.358303 0.470548 0.356498 0.469194 0.354693 0.469194 0.353791 0.465809 0.349278 0.465132 0.349278 0.463778 0.347473 0.463101 0.347473 0.459716 0.342960 0.458362 0.342960 0.457684 0.342058 0.457007 0.342058 0.452268 0.335740 0.450914 0.335740 0.448883 0.333032 0.448883 0.332130 0.447529 0.330325 0.447529 0.329422 0.446852 0.328520 0.446852 0.327617 0.446175 0.326715 0.446175 0.324910 0.445498 0.324007 0.445498 0.323105 0.446175 0.322202 0.446175 0.317690 0.446852 0.316787 0.446852 0.312274 0.447529 0.311372 0.447529 0.308664 0.448206 0.307762 0.448206 0.306859 0.449560 0.305054 0.449560 0.304152 0.452945 0.299639 0.452945 0.297834 0.453622 0.296931 0.453622 0.288809 0.452945 0.287906 0.452945 0.277076 0.452268 0.276173 0.452268 0.275271 0.450914 0.273466 0.450914 0.272563 0.450237 0.271661 0.450237 0.270758 0.448206 0.268051 0.448206 0.267148 0.446852 0.265343 0.446852 0.264440 0.444821 0.261733 0.444144 0.261733 0.442789 0.259928 0.441435 0.259928 0.440758 0.259025 0.439404 0.259025 0.438727 0.258123
0 0.664861 0.490975 0.664184 0.491877 0.663507 0.491877 0.662830 0.492780 0.662153 0.492780 0.661476 0.493682 0.660799 0.493682 0.660122 0.494585 0.660122 0.495487 0.657414 0.499097 0.657414 0.500000 0.656737 0.500903 0.656737 0.501805 0.655383 0.503610 0.655383 0.504513 0.654705 0.505415 0.654705 0.506318 0.654028 0.507220 0.654028 0.509928 0.653351 0.510830 0.653351 0.514440 0.652674 0.515343 0.652674 0.522563 0.651997 0.523466 0.651997 0.530686 0.652674 0.531588 0.652674 0.537906 0.653351 0.538809 0.653351 0.548736 0.654028 0.549639 0.654028 0.555054 0.654705 0.555957 0.654705 0.560469 0.655383 0.561372 0.655383 0.563177 0.656060 0.564079 0.656060 0.568592 0.655383 0.569495 0.655383 0.572202 0.654705 0.573105 0.654705 0.575812 0.655383 0.576715 0.655383 0.577617 0.656737 0.579422 0.659445 0.579422 0.660122 0.580325 0.668246 0.580325 0.668923 0.579422 0.672309 0.579422 0.672986 0.578520 0.675017 0.578520 0.675694 0.577617 0.675694 0.575812 0.676371 0.574910 0.676371 0.567690 0.675694 0.566787 0.675694 0.563177 0.676371 0.562274 0.676371 0.557762 0.675694 0.556859 0.675694 0.552347 0.675017 0.551444 0.675017 0.546029 0.673663 0.544224 0.673663 0.542419 0.672986 0.541516 0.672986 0.538809 0.672309 0.537906 0.672309 0.530686 0.671632 0.529783 0.671632 0.526173 0.670955 0.525271 0.670955 0.516245 0.670278 0.515343 0.670278 0.513538 0.669601 0.512635 0.669601 0.511733 0.668923 0.510830 0.668923 0.509025 0.668246 0.508123 0.668246 0.501805 0.668923 0.500903 0.668246 0.500000 0.668246 0.495487 0.668923 0.494585 0.668246 0.493682 0.668246 0.491877 0.667569 0.490975
0 0.650643 0.281588 0.650643 0.283394 0.651320 0.282491
0 0.649966 0.270758 0.649289 0.271661 0.647935 0.271661 0.647258 0.272563 0.643873 0.272563 0.647935 0.272563 0.648612 0.273466 0.649966 0.273466 0.650643 0.274368 0.654705 0.274368 0.654705 0.272563 0.654028 0.271661 0.651997 0.271661 0.651320 0.270758
0 0.673663 0.268953 0.672986 0.269856 0.670955 0.269856 0.670278 0.270758 0.668923 0.270758 0.668246 0.271661 0.667569 0.271661 0.664861 0.275271 0.664184 0.275271 0.663507 0.276173 0.663507 0.277076 0.662153 0.278881 0.662153 0.279783 0.660799 0.281588 0.660122 0.281588 0.659445 0.282491 0.659445 0.283394 0.658768 0.284296 0.658768 0.287906 0.658091 0.288809 0.658091 0.289711 0.656737 0.291516 0.656060 0.291516 0.655383 0.292419 0.654028 0.292419 0.654028 0.297834 0.654705 0.298736 0.654705 0.299639 0.655383 0.300542 0.655383 0.302347 0.656060 0.303249 0.656060 0.306859 0.656737 0.307762 0.656737 0.314982 0.656060 0.315884 0.656060 0.316787 0.654705 0.318592 0.654705 0.319495 0.654028 0.320397 0.654028 0.322202 0.653351 0.323105 0.653351 0.324007 0.652674 0.324910 0.652674 0.325812 0.651320 0.327617 0.650643 0.327617 0.650643 0.328520 0.649966 0.329422 0.649966 0.330325 0.649289 0.331227 0.649289 0.338448 0.649966 0.339350 0.649966 0.341155 0.650643 0.342058 0.650643 0.342960 0.652674 0.345668 0.652674 0.347473 0.653351 0.348375 0.653351 0.349278 0.654028 0.350181 0.654028 0.351986 0.655383 0.353791 0.655383 0.354693 0.656060 0.355596 0.656060 0.356498 0.656737 0.357401 0.656737 0.358303 0.657414 0.359206 0.657414 0.360108 0.661476 0.365523 0.662153 0.365523 0.664184 0.368231 0.664184 0.369134 0.664861 0.370036 0.664861 0.370939 0.665538 0.370036 0.666215 0.370036 0.666215 0.367329 0.666892 0.366426 0.666892 0.356498 0.667569 0.355596 0.667569 0.354693 0.668246 0.353791 0.668246 0.351986 0.668923 0.351083 0.668923 0.347473 0.669601 0.346570 0.669601 0.343863 0.670278 0.342960 0.670278 0.341155 0.670955 0.340253 0.670955 0.339350 0.671632 0.338448 0.671632 0.334838 0.672309 0.333935 0.672309 0.331227 0.671632 0.330325 0.671632 0.328520 0.666892 0.322202 0.666215 0.322202 0.664184 0.319495 0.664184 0.318592 0.663507 0.317690 0.663507 0.315884 0.664184 0.314982 0.664184 0.314079 0.664861 0.313177 0.664861 0.310469 0.665538 0.309567 0.665538 0.308664 0.667569 0.305957 0.667569 0.305054 0.670278 0.301444 0.671632 0.301444 0.672309 0.300542 0.672309 0.299639 0.672986 0.298736 0.672986 0.297834 0.675017 0.295126 0.675017 0.294224 0.675694 0.293321 0.675694 0.292419 0.676371 0.291516 0.676371 0.290614 0.677725 0.288809 0.678402 0.288809 0.678402 0.287906 0.681110 0.284296 0.681787 0.284296 0.684496 0.280686 0.685173 0.280686 0.686527 0.278881 0.687204 0.278881 0.687204 0.275271 0.684496 0.271661 0.683819 0.271661 0.683142 0.270758 0.681787 0.270758 0.681110 0.269856 0.679079 0.269856 0.678402 0.268953
1 0.120515 0.266245 0.119838 0.267148 0.118483 0.267148 0.117129 0.268953 0.116452 0.268953 0.113744 0.272563 0.113744 0.273466 0.113067 0.274368 0.112390 0.274368 0.112390 0.275271 0.111036 0.277076 0.111036 0.277978 0.110359 0.278881 0.110359 0.279783 0.109682 0.280686 0.109682 0.281588 0.109005 0.282491 0.109005 0.285199 0.108328 0.286101 0.108328 0.287906 0.106974 0.289711 0.106974 0.290614 0.102911 0.296029 0.102911 0.296931 0.102234 0.297834 0.102234 0.298736 0.101557 0.299639 0.102234 0.300542 0.104942 0.300542 0.105619 0.301444 0.106297 0.300542 0.111713 0.300542 0.112390 0.299639 0.113744 0.299639 0.114421 0.298736 0.115775 0.298736 0.116452 0.297834 0.126608 0.297834 0.127285 0.298736 0.136764 0.298736 0.137441 0.299639 0.143534 0.299639 0.144211 0.300542 0.148274 0.300542 0.150305 0.297834 0.150305 0.292419 0.149628 0.291516 0.149628 0.288809 0.148951 0.287906 0.148951 0.287004 0.148274 0.286101 0.148274 0.284296 0.147596 0.283394 0.147596 0.282491 0.146919 0.281588 0.146919 0.280686 0.140149 0.271661 0.139472 0.271661 0.138795 0.270758 0.138118 0.270758 0.136764 0.268953 0.135410 0.268953 0.134733 0.268051 0.133378 0.268051 0.132701 0.267148 0.129993 0.267148 0.129316 0.266245
1 0.288422 0.262635 0.287745 0.263538 0.285037 0.263538 0.284360 0.264440 0.283006 0.264440 0.282329 0.265343 0.281652 0.265343 0.280298 0.267148 0.279621 0.267148 0.277590 0.269856 0.277590 0.270758 0.275559 0.273466 0.275559 0.274368 0.274882 0.275271 0.274882 0.276173 0.274204 0.277076 0.274204 0.278881 0.273527 0.279783 0.273527 0.283394 0.272850 0.284296 0.272850 0.287906 0.272173 0.288809 0.272173 0.291516 0.271496 0.292419 0.271496 0.295126 0.270819 0.296029 0.270819 0.299639 0.271496 0.300542 0.271496 0.302347 0.272173 0.303249 0.272173 0.304152 0.272850 0.305054 0.274204 0.305054 0.274882 0.305957 0.276913 0.305957 0.277590 0.305054 0.279621 0.305054 0.280298 0.304152 0.282329 0.304152 0.283006 0.303249 0.285714 0.303249 0.286391 0.302347 0.288422 0.302347 0.289100 0.301444 0.291808 0.301444 0.292485 0.300542 0.296547 0.300542 0.297224 0.299639 0.298578 0.299639 0.299255 0.298736 0.301963 0.298736 0.302640 0.297834 0.305349 0.297834 0.306026 0.296931 0.308734 0.296931 0.309411 0.296029 0.311442 0.296029 0.312119 0.295126 0.315504 0.295126 0.316181 0.294224 0.316858 0.294224 0.317536 0.293321 0.317536 0.292419 0.316858 0.291516 0.316858 0.289711 0.316181 0.288809 0.316181 0.287906 0.315504 0.287004 0.315504 0.286101 0.314827 0.285199 0.314827 0.284296 0.313473 0.282491 0.313473 0.281588 0.312119 0.279783 0.312119 0.278881 0.309411 0.275271 0.309411 0.274368 0.308057 0.272563 0.308057 0.271661 0.307380 0.270758 0.306703 0.270758 0.305349 0.268953 0.305349 0.268051 0.304672 0.268051 0.303318 0.266245 0.302640 0.266245 0.301963 0.265343 0.301286 0.265343 0.300609 0.264440 0.299255 0.264440 0.298578 0.263538 0.296547 0.263538 0.295870 0.262635
1 0.688558 0.277978 0.687204 0.279783 0.686527 0.279783 0.685850 0.280686 0.685173 0.280686 0.682464 0.284296 0.681787 0.284296 0.677048 0.290614 0.677048 0.291516 0.676371 0.292419 0.676371 0.293321 0.675694 0.294224 0.675694 0.295126 0.674340 0.296931 0.674340 0.297834 0.673663 0.298736 0.673663 0.299639 0.672986 0.300542 0.672986 0.301444 0.672309 0.302347 0.672309 0.305054 0.672986 0.305957 0.672986 0.306859 0.673663 0.306859 0.674340 0.307762 0.675694 0.307762 0.676371 0.308664 0.677048 0.308664 0.677725 0.309567 0.678402 0.309567 0.679079 0.310469 0.680433 0.310469 0.681110 0.311372 0.683142 0.311372 0.683819 0.312274 0.685173 0.312274 0.685850 0.313177 0.687204 0.313177 0.687881 0.314079 0.689912 0.314079 0.690589 0.314982 0.692620 0.314982 0.693297 0.315884 0.695328 0.315884 0.696005 0.316787 0.698714 0.316787 0.699391 0.317690 0.702099 0.317690 0.702776 0.318592 0.708869 0.318592 0.710223 0.316787 0.710223 0.313177 0.710900 0.312274 0.710900 0.295126 0.710223 0.294224 0.710223 0.292419 0.709546 0.291516 0.709546 0.290614 0.708192 0.288809 0.708192 0.287906 0.706161 0.285199 0.705484 0.285199 0.704130 0.283394 0.703453 0.283394 0.702776 0.282491 0.702099 0.282491 0.701422 0.281588 0.700745 0.281588 0.700068 0.280686 0.698037 0.280686 0.697360 0.279783 0.696005 0.279783 0.695328 0.278881 0.690589 0.278881 0.689912 0.277978
1 0.549086 0.255415 0.548409 0.256318 0.546378 0.256318 0.545701 0.257220 0.545024 0.257220 0.544347 0.258123 0.543670 0.258123 0.542316 0.259928 0.541638 0.259928 0.537576 0.265343 0.537576 0.266245 0.536222 0.268051 0.536222 0.268953 0.535545 0.269856 0.535545 0.270758 0.534868 0.271661 0.534868 0.273466 0.534191 0.274368 0.534191 0.275271 0.533514 0.276173 0.533514 0.277978 0.532837 0.278881 0.532837 0.279783 0.532160 0.280686 0.532160 0.282491 0.530806 0.284296 0.530806 0.285199 0.530129 0.286101 0.530129 0.289711 0.530806 0.290614 0.530806 0.291516 0.532837 0.294224 0.533514 0.294224 0.534191 0.295126 0.534868 0.295126 0.536222 0.296931 0.536899 0.296931 0.537576 0.297834 0.539607 0.297834 0.540284 0.298736 0.542316 0.298736 0.542993 0.299639 0.544347 0.299639 0.545024 0.300542 0.549086 0.300542 0.549763 0.301444 0.560596 0.301444 0.561273 0.300542 0.563304 0.300542 0.563981 0.299639 0.564658 0.299639 0.565335 0.298736 0.566012 0.298736 0.566689 0.297834 0.567366 0.297834 0.568043 0.296931 0.568720 0.296931 0.568720 0.296029 0.569397 0.295126 0.570074 0.295126 0.572106 0.292419 0.572106 0.289711 0.571429 0.288809 0.571429 0.284296 0.570752 0.283394 0.570752 0.281588 0.570074 0.280686 0.570074 0.279783 0.569397 0.278881 0.569397 0.276173 0.568720 0.275271 0.568720 0.269856 0.568043 0.268953 0.568043 0.268051 0.567366 0.267148 0.566689 0.267148 0.566012 0.266245 0.566012 0.265343 0.563981 0.262635 0.563304 0.262635 0.562627 0.261733 0.562627 0.260830 0.561950 0.259928 0.559919 0.259928 0.559242 0.259025 0.558565 0.259025 0.557888 0.258123 0.557888 0.257220 0.557211 0.256318 0.555179 0.256318 0.554502 0.255415
1 0.313473 0.253610 0.312796 0.254513 0.311442 0.254513 0.310765 0.255415 0.310088 0.255415 0.309411 0.256318 0.308734 0.256318 0.308057 0.257220 0.307380 0.257220 0.303995 0.261733 0.303995 0.262635 0.303318 0.263538 0.303318 0.265343 0.307380 0.270758 0.308057 0.270758 0.308734 0.271661 0.308734 0.272563 0.309411 0.273466 0.309411 0.274368 0.312119 0.277978 0.312119 0.278881 0.314150 0.281588 0.314150 0.282491 0.315504 0.284296 0.315504 0.285199 0.316181 0.286101 0.316181 0.287004 0.316858 0.287906 0.316858 0.288809 0.318890 0.291516 0.319567 0.291516 0.320921 0.293321 0.321598 0.293321 0.322275 0.292419 0.324306 0.292419 0.324983 0.291516 0.327691 0.291516 0.328368 0.290614 0.334462 0.290614 0.335139 0.291516 0.343263 0.291516 0.343940 0.290614 0.344617 0.290614 0.345295 0.289711 0.345295 0.285199 0.339878 0.277978 0.339878 0.277076 0.339201 0.276173 0.339201 0.275271 0.337847 0.273466 0.337847 0.271661 0.337170 0.270758 0.337170 0.269856 0.336493 0.268953 0.336493 0.268051 0.335816 0.267148 0.335816 0.266245 0.335139 0.265343 0.335139 0.264440 0.331077 0.259025 0.330399 0.259025 0.329722 0.258123 0.329045 0.258123 0.327691 0.256318 0.326337 0.256318 0.325660 0.255415 0.324983 0.255415 0.324306 0.254513 0.321598 0.254513 0.320921 0.253610
1 0.469194 0.265343 0.468517 0.266245 0.466486 0.266245 0.465809 0.267148 0.465132 0.267148 0.464455 0.268051 0.463778 0.268051 0.459716 0.273466 0.459716 0.274368 0.459039 0.275271 0.459039 0.277978 0.458362 0.278881 0.458362 0.286101 0.457684 0.287004 0.457684 0.289711 0.459039 0.291516 0.461070 0.291516 0.461747 0.290614 0.479350 0.290614 0.480027 0.291516 0.484089 0.291516 0.484089 0.279783 0.483412 0.278881 0.483412 0.277076 0.482735 0.276173 0.482735 0.275271 0.477319 0.268051 0.476642 0.268051 0.475965 0.267148 0.475288 0.267148 0.474611 0.266245 0.473257 0.266245 0.472580 0.265343
1 0.369668 0.266245 0.368991 0.267148 0.366960 0.267148 0.366283 0.268051 0.364252 0.268051 0.363575 0.268953 0.362898 0.268953 0.360867 0.271661 0.360190 0.271661 0.357481 0.275271 0.357481 0.276173 0.356804 0.277076 0.356804 0.277978 0.355450 0.279783 0.355450 0.281588 0.354773 0.282491 0.354773 0.287004 0.354096 0.287906 0.354096 0.295126 0.355450 0.296931 0.356127 0.296931 0.356804 0.296029 0.357481 0.296029 0.358158 0.295126 0.359513 0.295126 0.360190 0.294224 0.360867 0.294224 0.361544 0.293321 0.363575 0.293321 0.364252 0.292419 0.366283 0.292419 0.366960 0.291516 0.371699 0.291516 0.372376 0.290614 0.380501 0.290614 0.381178 0.291516 0.385240 0.291516 0.385917 0.292419 0.386594 0.292419 0.387271 0.293321 0.387949 0.293321 0.388626 0.292419 0.390657 0.292419 0.390657 0.291516 0.391334 0.290614 0.391334 0.289711 0.386594 0.283394 0.386594 0.282491 0.385917 0.281588 0.385917 0.280686 0.385240 0.279783 0.385240 0.278881 0.384563 0.277978 0.384563 0.277076 0.383886 0.276173 0.383886 0.275271 0.380501 0.270758 0.379824 0.270758 0.378470 0.268953 0.377793 0.268953 0.377116 0.268051 0.376439 0.268051 0.375762 0.267148 0.374408 0.267148 0.373731 0.266245
1 0.633717 0.282491 0.633040 0.283394 0.629655 0.283394 0.628978 0.284296 0.628301 0.284296 0.626947 0.286101 0.626269 0.286101 0.624238 0.288809 0.623561 0.288809 0.620176 0.293321 0.620176 0.294224 0.619499 0.295126 0.619499 0.296029 0.618822 0.296931 0.618822 0.297834 0.618145 0.298736 0.618145 0.299639 0.617468 0.300542 0.617468 0.302347 0.616791 0.303249 0.616791 0.305957 0.616114 0.306859 0.616114 0.309567 0.615437 0.310469 0.615437 0.311372 0.613406 0.314079 0.613406 0.314982 0.612051 0.316787 0.612051 0.318592 0.612729 0.319495 0.612729 0.320397 0.616791 0.320397 0.617468 0.319495 0.618822 0.319495 0.619499 0.318592 0.620176 0.318592 0.620853 0.317690 0.622207 0.317690 0.622884 0.316787 0.625592 0.316787 0.626269 0.315884 0.628301 0.315884 0.628978 0.316787 0.635748 0.316787 0.636425 0.317690 0.637102 0.317690 0.637779 0.316787 0.644550 0.316787 0.645227 0.317690 0.649289 0.317690 0.649966 0.318592 0.651997 0.318592 0.652674 0.317690 0.654028 0.317690 0.654705 0.316787 0.654705 0.315884 0.655383 0.314982 0.655383 0.310469 0.654705 0.309567 0.654705 0.306859 0.654028 0.305957 0.654028 0.304152 0.653351 0.303249 0.653351 0.302347 0.652674 0.301444 0.652674 0.298736 0.651997 0.297834 0.651997 0.296029 0.651320 0.295126 0.651320 0.294224 0.649289 0.291516 0.649289 0.290614 0.646581 0.287004 0.645904 0.287004 0.644550 0.285199 0.643196 0.285199 0.642519 0.284296 0.639133 0.284296 0.638456 0.283394 0.637779 0.283394 0.637102 0.282491
1 0.435342 0.257220 0.434665 0.258123 0.431957 0.258123 0.431280 0.259025 0.430603 0.259025 0.429926 0.259928 0.428571 0.259928 0.427894 0.260830 0.427217 0.260830 0.426540 0.261733 0.425863 0.261733 0.424509 0.263538 0.423832 0.263538 0.420447 0.268051 0.420447 0.268953 0.419093 0.270758 0.419093 0.271661 0.418416 0.272563 0.418416 0.273466 0.417739 0.274368 0.417739 0.275271 0.417062 0.276173 0.417062 0.277076 0.416385 0.277978 0.416385 0.278881 0.413676 0.282491 0.413676 0.283394 0.412322 0.285199 0.412322 0.290614 0.412999 0.291516 0.412999 0.292419 0.415030 0.295126 0.415708 0.295126 0.417739 0.297834 0.418416 0.297834 0.419093 0.298736 0.421801 0.298736 0.422478 0.299639 0.423155 0.299639 0.423832 0.300542 0.425863 0.300542 0.426540 0.301444 0.427894 0.301444 0.428571 0.302347 0.431280 0.302347 0.431957 0.303249 0.436696 0.303249 0.437373 0.304152 0.444821 0.304152 0.445498 0.303249 0.449560 0.303249 0.450237 0.302347 0.450914 0.302347 0.453622 0.298736 0.453622 0.297834 0.454299 0.296931 0.454299 0.289711 0.453622 0.288809 0.453622 0.279783 0.452945 0.278881 0.452945 0.276173 0.452268 0.275271 0.452268 0.274368 0.451591 0.273466 0.451591 0.272563 0.450237 0.270758 0.450237 0.269856 0.448883 0.268051 0.448883 0.267148 0.446852 0.264440 0.446852 0.263538 0.445498 0.261733 0.444821 0.261733 0.443466 0.259928 0.442112 0.259928 0.441435 0.259025 0.440758 0.259025 0.440081 0.258123 0.437373 0.258123 0.436696 0.257220
1 0.558565 0.252708 0.557888 0.253610 0.555179 0.253610 0.554502 0.254513 0.553148 0.254513 0.555856 0.258123 0.557211 0.258123 0.557888 0.259025 0.558565 0.259025 0.559242 0.259928 0.560596 0.259928 0.566689 0.268051 0.566689 0.268953 0.567366 0.269856 0.567366 0.270758 0.570752 0.275271 0.570752 0.277076 0.571429 0.276173 0.572106 0.276173 0.573460 0.274368 0.573460 0.273466 0.574137 0.272563 0.574137 0.271661 0.572783 0.269856 0.572783 0.268051 0.572106 0.267148 0.572106 0.265343 0.571429 0.264440 0.571429 0.263538 0.570752 0.262635 0.570752 0.261733 0.570074 0.260830 0.570074 0.259928 0.569397 0.259025 0.569397 0.258123 0.568720 0.258123 0.567366 0.256318 0.567366 0.255415 0.566689 0.255415 0.566012 0.254513 0.565335 0.254513 0.564658 0.253610 0.562627 0.253610 0.561950 0.252708
1 0.316858 0.294224 0.316181 0.295126 0.314150 0.295126 0.313473 0.296029 0.310765 0.296029 0.310088 0.296931 0.307380 0.296931 0.306703 0.297834 0.304672 0.297834 0.303995 0.298736 0.301286 0.298736 0.300609 0.299639 0.298578 0.299639 0.297901 0.300542 0.296547 0.300542 0.295870 0.301444 0.292485 0.301444 0.291808 0.302347 0.289777 0.302347 0.289100 0.303249 0.287068 0.303249 0.286391 0.304152 0.284360 0.304152 0.283683 0.305054 0.281652 0.305054 0.280975 0.305957 0.278944 0.305957 0.278267 0.306859 0.276913 0.306859 0.276236 0.307762 0.275559 0.307762 0.274882 0.308664 0.274204 0.308664 0.272173 0.311372 0.272173 0.312274 0.271496 0.313177 0.271496 0.314982 0.270819 0.315884 0.270819 0.318592 0.271496 0.319495 0.272173 0.319495 0.273527 0.321300 0.274204 0.321300 0.274882 0.322202 0.279621 0.322202 0.280298 0.323105 0.288422 0.323105 0.289100 0.324007 0.301286 0.324007 0.301963 0.323105 0.304672 0.323105 0.305349 0.322202 0.307380 0.322202 0.308057 0.321300 0.309411 0.321300 0.310088 0.320397 0.310765 0.320397 0.311442 0.319495 0.312796 0.319495 0.313473 0.318592 0.314150 0.318592 0.316181 0.315884 0.316858 0.315884 0.317536 0.314982 0.318213 0.314982 0.318890 0.314079 0.319567 0.314079 0.320244 0.313177 0.320921 0.313177 0.321598 0.312274 0.322275 0.312274 0.322952 0.311372 0.324983 0.311372 0.325660 0.310469 0.327014 0.310469 0.327691 0.309567 0.328368 0.309567 0.328368 0.308664 0.329045 0.307762 0.329045 0.305054 0.329722 0.304152 0.329722 0.303249 0.327014 0.299639 0.326337 0.299639 0.325660 0.298736 0.324983 0.298736 0.324306 0.297834 0.323629 0.297834 0.322952 0.296931 0.322275 0.296931 0.321598 0.296029 0.320244 0.296029 0.319567 0.295126 0.318213 0.295126 0.317536 0.294224
1 0.648612 0.268051 0.647935 0.268953 0.645227 0.268953 0.644550 0.269856 0.643873 0.269856 0.643196 0.270758 0.642519 0.270758 0.641842 0.271661 0.641165 0.271661 0.639810 0.273466 0.639133 0.273466 0.636425 0.277076 0.636425 0.277978 0.635748 0.278881 0.635748 0.282491 0.636425 0.282491 0.637102 0.283394 0.639133 0.283394 0.639810 0.284296 0.642519 0.284296 0.643196 0.285199 0.643873 0.285199 0.644550 0.286101 0.645227 0.286101 0.645904 0.287004 0.646581 0.287004 0.650643 0.292419 0.650643 0.293321 0.651320 0.294224 0.651997 0.294224 0.652674 0.295126 0.653351 0.295126 0.654028 0.296029 0.654705 0.296029 0.655383 0.295126 0.657414 0.295126 0.659445 0.292419 0.659445 0.288809 0.660122 0.287906 0.660122 0.278881 0.659445 0.277978 0.659445 0.276173 0.654705 0.269856 0.653351 0.269856 0.652674 0.268953 0.651320 0.268953 0.650643 0.268051
1 0.673663 0.268953 0.672986 0.269856 0.670955 0.269856 0.670278 0.270758 0.668923 0.270758 0.668246 0.271661 0.667569 0.271661 0.664861 0.275271 0.664184 0.275271 0.663507 0.276173 0.663507 0.277076 0.662830 0.277978 0.662830 0.278881 0.662153 0.279783 0.662153 0.281588 0.661476 0.282491 0.661476 0.283394 0.660799 0.284296 0.660799 0.285199 0.660122 0.286101 0.660122 0.287906 0.659445 0.288809 0.659445 0.290614 0.658768 0.291516 0.658768 0.294224 0.657414 0.296029 0.657414 0.296931 0.661476 0.296931 0.662153 0.297834 0.666892 0.297834 0.667569 0.298736 0.671632 0.298736 0.672309 0.297834 0.672986 0.297834 0.675694 0.294224 0.675694 0.293321 0.676371 0.292419 0.676371 0.291516 0.681787 0.284296 0.682464 0.284296 0.685173 0.280686 0.685850 0.280686 0.687204 0.278881 0.687204 0.275271 0.686527 0.274368 0.686527 0.273466 0.685850 0.272563 0.685173 0.272563 0.684496 0.271661 0.683819 0.271661 0.683142 0.270758 0.682464 0.270758 0.681787 0.269856 0.679756 0.269856 0.679079 0.268953
2 0.568720 0.520758 0.568043 0.521661 0.567366 0.521661 0.567366 0.522563 0.566689 0.523466 0.566689 0.524368 0.566012 0.525271 0.566012 0.527978 0.565335 0.528881 0.565335 0.537004 0.566012 0.537906 0.566012 0.539711 0.566689 0.540614 0.566689 0.541516 0.567366 0.542419 0.568720 0.542419 0.569397 0.543321 0.571429 0.543321 0.572106 0.544224 0.574814 0.544224 0.575491 0.543321 0.577522 0.543321 0.578199 0.542419 0.578876 0.542419 0.580907 0.539711 0.581584 0.539711 0.581584 0.537906 0.582261 0.537004 0.582261 0.534296 0.581584 0.533394 0.581584 0.531588 0.578876 0.527978 0.578199 0.527978 0.574814 0.523466 0.574814 0.522563 0.574137 0.521661 0.573460 0.521661 0.572783 0.520758
2 0.417739 0.623646 0.417062 0.624549 0.415708 0.624549 0.415030 0.625451 0.408937 0.625451 0.408260 0.624549 0.407583 0.624549 0.406906 0.625451 0.406906 0.626354 0.406229 0.627256 0.406229 0.631769 0.405552 0.632671 0.405552 0.637184 0.406229 0.638087 0.406229 0.638989 0.406906 0.638989 0.407583 0.639892 0.408260 0.639892 0.408937 0.638989 0.411645 0.638989 0.412322 0.639892 0.412322 0.640794 0.412999 0.641697 0.412999 0.643502 0.412322 0.644404 0.412322 0.645307 0.410968 0.647112 0.410968 0.650722 0.412322 0.652527 0.413676 0.652527 0.414353 0.653430 0.415030 0.653430 0.415708 0.652527 0.418416 0.652527 0.421124 0.648917 0.421124 0.648014 0.421801 0.647112 0.421801 0.642599 0.422478 0.641697 0.422478 0.636282 0.421801 0.635379 0.421801 0.632671 0.421124 0.631769 0.421124 0.629061 0.420447 0.628159 0.420447 0.626354 0.418416 0.623646
2 0.652674 0.540614 0.651997 0.541516 0.651997 0.542419 0.651320 0.543321 0.651320 0.546029 0.651997 0.546931 0.651997 0.549639 0.652674 0.550542 0.652674 0.551444 0.653351 0.552347 0.653351 0.553249 0.654028 0.554152 0.654028 0.555957 0.658091 0.555957 0.658768 0.555054 0.659445 0.555054 0.660122 0.554152 0.660799 0.554152 0.661476 0.553249 0.663507 0.553249 0.664184 0.552347 0.664861 0.552347 0.666215 0.550542 0.666215 0.549639 0.665538 0.548736 0.665538 0.546931 0.664861 0.546029 0.664861 0.545126 0.661476 0.540614
2 0.626269 0.538809 0.624238 0.541516 0.624238 0.542419 0.623561 0.543321 0.623561 0.546029 0.622884 0.546931 0.622884 0.555054 0.624238 0.555054 0.624915 0.555957 0.626269 0.555957 0.626947 0.555054 0.627624 0.555054 0.628301 0.554152 0.629655 0.554152 0.633040 0.549639 0.633040 0.545126 0.632363 0.544224 0.632363 0.543321 0.631686 0.542419 0.631686 0.541516 0.629655 0.538809
2 0.331077 0.595668 0.330399 0.596570 0.330399 0.597473 0.329722 0.598375 0.329722 0.600181 0.329045 0.601083 0.329045 0.605596 0.329722 0.606498 0.329722 0.609206 0.330399 0.610108 0.330399 0.611011 0.331077 0.611913 0.331077 0.612816 0.335139 0.612816 0.335816 0.611913 0.337170 0.611913 0.337847 0.611011 0.339201 0.611011 0.339878 0.610108 0.340555 0.610108 0.341909 0.608303 0.341909 0.604693 0.341232 0.603791 0.341232 0.602888 0.340555 0.601986 0.339878 0.601986 0.339201 0.601083 0.337847 0.601083 0.337170 0.600181 0.336493 0.600181 0.335816 0.599278 0.335139 0.599278 0.334462 0.598375 0.333785 0.598375 0.333108 0.597473 0.332431 0.597473
2 0.671632 0.588448 0.670955 0.589350 0.670278 0.589350 0.669601 0.590253 0.668923 0.590253 0.668246 0.591155 0.667569 0.591155 0.666215 0.592960 0.665538 0.592960 0.664184 0.594765 0.663507 0.594765 0.662830 0.595668 0.662153 0.595668 0.661476 0.596570 0.660799 0.596570 0.660122 0.597473 0.658091 0.597473 0.657414 0.598375 0.656060 0.598375 0.654705 0.600181 0.654705 0.601083 0.654028 0.601986 0.654705 0.602888 0.654705 0.604693 0.655383 0.605596 0.655383 0.607401 0.656060 0.608303 0.656060 0.610108 0.657414 0.611913 0.657414 0.612816 0.658091 0.612816 0.658768 0.613718 0.659445 0.613718 0.660122 0.614621 0.660799 0.614621 0.661476 0.615523 0.662830 0.615523 0.663507 0.616426 0.665538 0.616426 0.666215 0.617329 0.670278 0.617329 0.670955 0.618231 0.677048 0.618231 0.677725 0.619134 0.681787 0.619134 0.682464 0.620036 0.685850 0.620036 0.686527 0.619134 0.690589 0.619134 0.691266 0.618231 0.691943 0.618231 0.692620 0.617329 0.692620 0.613718 0.693297 0.612816 0.693297 0.611913 0.692620 0.611011 0.692620 0.607401 0.691943 0.606498 0.687204 0.606498 0.686527 0.607401 0.684496 0.607401 0.683819 0.606498 0.682464 0.606498 0.681787 0.605596 0.681110 0.605596 0.679756 0.603791 0.679756 0.602888 0.678402 0.601083 0.678402 0.598375 0.677725 0.597473 0.677725 0.595668 0.677048 0.594765 0.677048 0.592960 0.676371 0.592058 0.676371 0.591155 0.675694 0.590253 0.675694 0.589350 0.675017 0.588448
2 0.191605 0.534296 0.190928 0.535199 0.190251 0.535199 0.189573 0.536101 0.189573 0.537906 0.190251 0.538809 0.190251 0.541516 0.189573 0.542419 0.189573 0.543321 0.188896 0.544224 0.188896 0.545126 0.186188 0.548736 0.184834 0.548736 0.184157 0.549639 0.182803 0.549639 0.182126 0.550542 0.181449 0.550542 0.180772 0.551444 0.179418 0.551444 0.178064 0.553249 0.178064 0.554152 0.177387 0.555054 0.177387 0.558664 0.176710 0.559567 0.176710 0.560469 0.177387 0.561372 0.177387 0.564982 0.176710 0.565884 0.176710 0.568592 0.176032 0.569495 0.176032 0.571300 0.175355 0.572202 0.175355 0.580325 0.176032 0.581227 0.176032 0.582130 0.176710 0.582130 0.177387 0.583032 0.182803 0.583032 0.183480 0.582130 0.184157 0.582130 0.184834 0.581227 0.185511 0.581227 0.188896 0.576715 0.188896 0.575812 0.189573 0.574910 0.189573 0.574007 0.190251 0.573105 0.190251 0.572202 0.191605 0.570397 0.191605 0.569495 0.192959 0.567690 0.192959 0.566787 0.193636 0.565884 0.193636 0.564982 0.194313 0.564079 0.194313 0.560469 0.194990 0.559567 0.194990 0.557762 0.195667 0.556859 0.195667 0.555957 0.196344 0.555054 0.196344 0.554152 0.197021 0.553249 0.197021 0.552347 0.199052 0.549639 0.199052 0.548736 0.199729 0.547834 0.199729 0.546931 0.201083 0.545126 0.201083 0.539711 0.198375 0.536101 0.197021 0.536101 0.196344 0.535199 0.194313 0.535199 0.193636 0.534296
2 0.331077 0.629964 0.330399 0.630866 0.329722 0.630866 0.329045 0.631769 0.327691 0.631769 0.327014 0.632671 0.324983 0.632671 0.324306 0.633574 0.319567 0.633574 0.317536 0.636282 0.317536 0.637184 0.316858 0.638087 0.316858 0.638989 0.316181 0.639892 0.316181 0.640794 0.315504 0.641697 0.315504 0.642599 0.314150 0.644404 0.314150 0.646209 0.313473 0.647112 0.314150 0.648014 0.314150 0.649819 0.314827 0.650722 0.315504 0.650722 0.316181 0.651625 0.318890 0.651625 0.319567 0.652527 0.323629 0.652527 0.324306 0.653430 0.327014 0.653430 0.327691 0.654332 0.335816 0.654332 0.336493 0.653430 0.337847 0.653430 0.338524 0.652527 0.339878 0.652527 0.340555 0.651625 0.341909 0.651625 0.342586 0.650722 0.343940 0.650722 0.345295 0.648917 0.345972 0.648917 0.346649 0.648014 0.346649 0.646209 0.347326 0.645307 0.347326 0.642599 0.346649 0.641697 0.346649 0.640794 0.345972 0.639892 0.345295 0.639892 0.342586 0.636282 0.341909 0.636282 0.341232 0.635379 0.340555 0.635379 0.339201 0.633574 0.338524 0.633574 0.337847 0.632671 0.336493 0.632671 0.335816 0.631769 0.335139 0.631769 0.334462 0.630866 0.332431 0.630866 0.331754 0.629964
2 0.549086 0.620036 0.548409 0.620939 0.547055 0.620939 0.544347 0.624549 0.544347 0.625451 0.542993 0.627256 0.542993 0.631769 0.542316 0.632671 0.542993 0.633574 0.542993 0.637184 0.543670 0.638087 0.544347 0.638087 0.545024 0.638989 0.545024 0.639892 0.545701 0.639892 0.547055 0.641697 0.547732 0.641697 0.550440 0.645307 0.551117 0.645307 0.551794 0.646209 0.552471 0.646209 0.553148 0.647112 0.555856 0.647112 0.556534 0.648014 0.558565 0.648014 0.559242 0.647112 0.561950 0.647112 0.562627 0.646209 0.563304 0.646209 0.563981 0.645307 0.563981 0.644404 0.564658 0.643502 0.564658 0.629964 0.563981 0.629061 0.563981 0.626354 0.554502 0.626354 0.550440 0.620939 0.550440 0.620036
2 0.293162 0.616426 0.293162 0.618231 0.292485 0.619134 0.292485 0.620939 0.289777 0.624549 0.288422 0.624549 0.287745 0.625451 0.282329 0.625451 0.279621 0.629061 0.279621 0.629964 0.278944 0.630866 0.278944 0.633574 0.278267 0.634477 0.278267 0.636282 0.277590 0.637184 0.277590 0.638989 0.276913 0.639892 0.276913 0.644404 0.278267 0.646209 0.280298 0.646209 0.280975 0.647112 0.284360 0.647112 0.285037 0.646209 0.286391 0.646209 0.287068 0.645307 0.287745 0.645307 0.288422 0.644404 0.289100 0.644404 0.292485 0.639892 0.293162 0.639892 0.293162 0.638087 0.293839 0.637184 0.293839 0.636282 0.294516 0.635379 0.294516 0.634477 0.295870 0.632671 0.295870 0.631769 0.296547 0.630866 0.296547 0.629964 0.297901 0.628159 0.297901 0.627256 0.299932 0.624549 0.299932 0.623646 0.300609 0.622744 0.300609 0.620036 0.299255 0.618231 0.298578 0.618231 0.297224 0.616426
2 0.335816 0.578520 0.335139 0.579422 0.331077 0.579422 0.330399 0.580325 0.330399 0.583032 0.329722 0.583935 0.329722 0.588448 0.330399 0.589350 0.330399 0.591155 0.331077 0.592058 0.337847 0.592058 0.338524 0.592960 0.345295 0.592960 0.345972 0.592058 0.347326 0.592058 0.348003 0.591155 0.348680 0.591155 0.348680 0.590253 0.349357 0.589350 0.349357 0.583935 0.348680 0.583032 0.348680 0.582130 0.348003 0.581227 0.347326 0.581227 0.346649 0.580325 0.345295 0.580325 0.344617 0.579422 0.340555 0.579422 0.339878 0.578520
2 0.976980 0.468412 0.976303 0.469314 0.974949 0.469314 0.973595 0.471119 0.973595 0.472924 0.972918 0.473827 0.972918 0.476534 0.973595 0.477437 0.973595 0.479242 0.974272 0.480144 0.975626 0.480144 0.976303 0.481047 0.980366 0.481047 0.981720 0.479242 0.981720 0.478339 0.982397 0.477437 0.982397 0.470217 0.981720 0.469314 0.981043 0.469314 0.980366 0.468412
2 0.330399 0.596570 0.330399 0.597473 0.329722 0.598375 0.329722 0.601083 0.329045 0.601986 0.329045 0.602888 0.329722 0.603791 0.329722 0.609206 0.331077 0.611011 0.331077 0.611913 0.334462 0.611913 0.335139 0.611011 0.337170 0.611011 0.337847 0.610108 0.339201 0.610108 0.339878 0.609206 0.340555 0.609206 0.341232 0.608303 0.341232 0.606498 0.341909 0.605596 0.341232 0.604693 0.341232 0.603791 0.339878 0.601986 0.339201 0.601986 0.338524 0.601083 0.337847 0.601083 0.337170 0.600181 0.335816 0.600181 0.334462 0.598375 0.333785 0.598375 0.333108 0.597473 0.332431 0.597473 0.331754 0.596570
2 0.303318 0.589350 0.301286 0.592058 0.301286 0.592960 0.299932 0.594765 0.299932 0.599278 0.300609 0.600181 0.300609 0.601083 0.301286 0.601986 0.301963 0.601986 0.302640 0.602888 0.303318 0.602888 0.303995 0.603791 0.305349 0.603791 0.306026 0.604693 0.306703 0.604693 0.307380 0.605596 0.308734 0.605596 0.309411 0.606498 0.310765 0.606498 0.311442 0.607401 0.312796 0.607401 0.313473 0.608303 0.314150 0.608303 0.314150 0.598375 0.313473 0.597473 0.313473 0.596570 0.312796 0.595668 0.312796 0.594765 0.311442 0.592960 0.311442 0.592058 0.310088 0.590253 0.306026 0.590253 0.305349 0.589350
2 0.622884 0.549639 0.622884 0.550542 0.622207 0.551444 0.622207 0.553249 0.621530 0.554152 0.621530 0.557762 0.622207 0.558664 0.622207 0.559567 0.626947 0.559567 0.628978 0.556859 0.628978 0.555054 0.629655 0.554152 0.629655 0.553249 0.630332 0.552347 0.630332 0.549639 0.626947 0.549639 0.626269 0.550542 0.625592 0.549639
2 0.156398 0.589350 0.155721 0.590253 0.154367 0.590253 0.153690 0.591155 0.148951 0.591155 0.148274 0.590253 0.142180 0.590253 0.141503 0.591155 0.140149 0.591155 0.137441 0.594765 0.137441 0.595668 0.136087 0.597473 0.136087 0.598375 0.135410 0.599278 0.135410 0.601083 0.134733 0.601986 0.134733 0.602888 0.132701 0.605596 0.132701 0.606498 0.129993 0.610108 0.129993 0.611011 0.129316 0.611913 0.129316 0.613718 0.128639 0.614621 0.128639 0.615523 0.129316 0.616426 0.129993 0.616426 0.130670 0.617329 0.132024 0.617329 0.132701 0.618231 0.134056 0.618231 0.135410 0.620036 0.136087 0.620036 0.136764 0.620939 0.138795 0.620939 0.139472 0.620036 0.140826 0.620036 0.141503 0.619134 0.142180 0.619134 0.143534 0.617329 0.144888 0.617329 0.145565 0.618231 0.148274 0.618231 0.148951 0.617329 0.153013 0.617329 0.153690 0.616426 0.158429 0.616426 0.159106 0.615523 0.159783 0.615523 0.161814 0.612816 0.161814 0.607401 0.161137 0.606498 0.161137 0.605596 0.160460 0.604693 0.160460 0.603791 0.159783 0.602888 0.159783 0.592058 0.157752 0.589350
2 0.661476 0.546931 0.660122 0.548736 0.659445 0.548736 0.658768 0.549639 0.658091 0.549639 0.657414 0.550542 0.656060 0.548736 0.655383 0.548736 0.654705 0.547834 0.654028 0.547834 0.654028 0.548736 0.653351 0.549639 0.653351 0.553249 0.654028 0.554152 0.654028 0.564079 0.654705 0.564982 0.654705 0.565884 0.655383 0.565884 0.656060 0.566787 0.659445 0.566787 0.660122 0.565884 0.660799 0.565884 0.661476 0.564982 0.662153 0.564982 0.662830 0.564079 0.663507 0.564079 0.664184 0.563177 0.664861 0.563177 0.665538 0.562274 0.666215 0.562274 0.666892 0.561372 0.667569 0.561372 0.668246 0.560469 0.673663 0.560469 0.674340 0.561372 0.675017 0.561372 0.675017 0.556859 0.673663 0.558664 0.672986 0.558664 0.672309 0.559567 0.671632 0.559567 0.670278 0.557762 0.670278 0.555957 0.669601 0.555054 0.669601 0.554152 0.668923 0.553249 0.668923 0.552347 0.668246 0.551444 0.668246 0.550542 0.667569 0.549639 0.666892 0.549639 0.664861 0.546931
2 0.376439 0.546029 0.375762 0.546931 0.375085 0.546931 0.374408 0.547834 0.373731 0.547834 0.373053 0.548736 0.369668 0.548736 0.368991 0.549639 0.368991 0.550542 0.368314 0.551444 0.368314 0.552347 0.367637 0.553249 0.367637 0.555054 0.368314 0.555957 0.368314 0.556859 0.371699 0.561372 0.372376 0.561372 0.373053 0.562274 0.374408 0.562274 0.375085 0.563177 0.383886 0.563177 0.384563 0.562274 0.387271 0.562274 0.387949 0.561372 0.388626 0.561372 0.389303 0.560469 0.389980 0.560469 0.394042 0.555054 0.394042 0.554152 0.394719 0.553249 0.394719 0.552347 0.395396 0.551444 0.395396 0.548736 0.394719 0.548736 0.394042 0.547834 0.391334 0.547834 0.390657 0.548736 0.388626 0.548736 0.387949 0.549639 0.381855 0.549639 0.381178 0.548736 0.380501 0.548736 0.379147 0.546931 0.377116 0.546931
2 0.633040 0.620036 0.632363 0.620939 0.631686 0.620939 0.631009 0.621841 0.629655 0.621841 0.627624 0.624549 0.627624 0.625451 0.626947 0.626354 0.626947 0.630866 0.627624 0.631769 0.627624 0.632671 0.628978 0.634477 0.629655 0.634477 0.630332 0.635379 0.631009 0.635379 0.631686 0.636282 0.632363 0.636282 0.633040 0.637184 0.633717 0.637184 0.635071 0.638989 0.635748 0.638989 0.636425 0.639892 0.637102 0.639892 0.637779 0.640794 0.645227 0.640794 0.645904 0.639892 0.646581 0.639892 0.647258 0.638989 0.647258 0.638087 0.647935 0.637184 0.647935 0.633574 0.647258 0.632671 0.647258 0.623646 0.645904 0.621841 0.639810 0.621841 0.639133 0.620939 0.635071 0.620939 0.634394 0.620036
2 0.594448 0.617329 0.593771 0.618231 0.590386 0.618231 0.589709 0.619134 0.585647 0.619134 0.584970 0.620036 0.584292 0.620036 0.583615 0.620939 0.582938 0.620939 0.582261 0.621841 0.582261 0.622744 0.581584 0.623646 0.581584 0.626354 0.582261 0.627256 0.582261 0.628159 0.582938 0.629061 0.582938 0.629964 0.584970 0.632671 0.585647 0.632671 0.587001 0.634477 0.587678 0.634477 0.588355 0.635379 0.589032 0.635379 0.589709 0.636282 0.590386 0.636282 0.591063 0.637184 0.592417 0.637184 0.593094 0.638087 0.593771 0.638087 0.594448 0.638989 0.595125 0.638989 0.595802 0.639892 0.596479 0.639892 0.597156 0.640794 0.597833 0.640794 0.598510 0.641697 0.599188 0.641697 0.599865 0.642599 0.600542 0.642599 0.601219 0.643502 0.601896 0.643502 0.602573 0.644404 0.604604 0.644404 0.605281 0.645307 0.605958 0.644404 0.606635 0.644404 0.607989 0.642599 0.607989 0.641697 0.609343 0.639892 0.609343 0.638087 0.610020 0.637184 0.610020 0.634477 0.610697 0.633574 0.610697 0.629964 0.610020 0.629061 0.608666 0.629061 0.607989 0.628159 0.605281 0.628159 0.604604 0.627256 0.603927 0.627256 0.603250 0.626354 0.602573 0.626354 0.601896 0.625451 0.601896 0.624549 0.601219 0.624549 0.600542 0.623646 0.600542 0.622744 0.599865 0.621841 0.599865 0.620036 0.598510 0.618231 0.597833 0.618231 0.597156 0.617329
2 0.444821 0.621841 0.444144 0.622744 0.443466 0.622744 0.442789 0.623646 0.442789 0.624549 0.442112 0.625451 0.442112 0.627256 0.441435 0.628159 0.441435 0.641697 0.442112 0.642599 0.442112 0.643502 0.449560 0.643502 0.450237 0.642599 0.451591 0.642599 0.452268 0.641697 0.454299 0.641697 0.454976 0.640794 0.455653 0.640794 0.456330 0.639892 0.457007 0.639892 0.457007 0.638989 0.457684 0.638087 0.457684 0.624549 0.457007 0.623646 0.457007 0.622744 0.456330 0.621841 0.454299 0.621841 0.453622 0.622744 0.450237 0.622744 0.449560 0.621841
2 0.514557 0.625451 0.513879 0.626354 0.513202 0.626354 0.512525 0.627256 0.511848 0.627256 0.510494 0.629061 0.510494 0.629964 0.509817 0.630866 0.509817 0.632671 0.509140 0.633574 0.509140 0.636282 0.509817 0.637184 0.509817 0.641697 0.510494 0.642599 0.510494 0.643502 0.511171 0.644404 0.511848 0.644404 0.513879 0.647112 0.514557 0.647112 0.515234 0.648014 0.515911 0.648014 0.517265 0.649819 0.517942 0.649819 0.518619 0.650722 0.519296 0.650722 0.519973 0.651625 0.520650 0.651625 0.521327 0.652527 0.522004 0.652527 0.522681 0.653430 0.524035 0.653430 0.524712 0.654332 0.529452 0.654332 0.530129 0.653430 0.531483 0.653430 0.532837 0.651625 0.532837 0.648014 0.533514 0.647112 0.532837 0.646209 0.532837 0.639892 0.532160 0.638989 0.532160 0.636282 0.529452 0.632671 0.527420 0.632671 0.526743 0.633574 0.524712 0.633574 0.524035 0.632671 0.521327 0.632671 0.518619 0.629061 0.518619 0.628159 0.517942 0.627256 0.517942 0.626354 0.517265 0.626354 0.516588 0.625451
2 0.486798 0.529783 0.486121 0.530686 0.484766 0.530686 0.484089 0.531588 0.482058 0.531588 0.481381 0.532491 0.475965 0.532491 0.475288 0.531588 0.471903 0.531588 0.471225 0.532491 0.471225 0.533394 0.470548 0.534296 0.470548 0.536101 0.471225 0.537004 0.471225 0.537906 0.471903 0.538809 0.471903 0.539711 0.473934 0.542419 0.474611 0.542419 0.475288 0.543321 0.475965 0.543321 0.476642 0.544224 0.477319 0.544224 0.477996 0.545126 0.479350 0.545126 0.480027 0.546029 0.482058 0.546029 0.482735 0.546931 0.485443 0.546931 0.486121 0.547834 0.492214 0.547834 0.492891 0.546931 0.494245 0.546931 0.495599 0.545126 0.495599 0.544224 0.496276 0.543321 0.495599 0.542419 0.495599 0.540614 0.494922 0.539711 0.494922 0.538809 0.488829 0.530686 0.488152 0.530686 0.487475 0.529783
2 0.363575 0.554152 0.362898 0.555054 0.359513 0.555054 0.358835 0.555957 0.354773 0.555957 0.354096 0.556859 0.352742 0.556859 0.350711 0.559567 0.350711 0.560469 0.350034 0.561372 0.350034 0.562274 0.349357 0.563177 0.349357 0.564079 0.348680 0.564982 0.348680 0.568592 0.350711 0.571300 0.351388 0.571300 0.352065 0.572202 0.354096 0.572202 0.354773 0.573105 0.356804 0.573105 0.357481 0.574007 0.358835 0.574007 0.359513 0.574910 0.363575 0.574910 0.364252 0.575812 0.373731 0.575812 0.374408 0.574910 0.375762 0.574910 0.377793 0.572202 0.377793 0.571300 0.378470 0.570397 0.377793 0.569495 0.377793 0.567690 0.373731 0.562274 0.373053 0.562274 0.366960 0.554152
2 0.667569 0.560469 0.666892 0.561372 0.666215 0.561372 0.665538 0.562274 0.664861 0.562274 0.662830 0.564982 0.662153 0.564982 0.661476 0.565884 0.660122 0.565884 0.659445 0.566787 0.658091 0.566787 0.657414 0.567690 0.656060 0.567690 0.654705 0.569495 0.654705 0.571300 0.654028 0.572202 0.654028 0.577617 0.655383 0.579422 0.656060 0.579422 0.656737 0.580325 0.659445 0.580325 0.660122 0.581227 0.664861 0.581227 0.665538 0.580325 0.670278 0.580325 0.670955 0.579422 0.674340 0.579422 0.675017 0.578520 0.675694 0.578520 0.676371 0.577617 0.677048 0.577617 0.677048 0.574910 0.677725 0.574007 0.677725 0.573105 0.677048 0.572202 0.677048 0.565884 0.676371 0.564982 0.676371 0.564079 0.675017 0.562274 0.671632 0.562274 0.670955 0.561372 0.668923 0.561372 0.668246 0.560469