0 0.470833 0.616647 0.466667 0.618992 0.466667 0.619578 0.460417 0.623095 0.460417 0.623681 0.459375 0.624267 0.459375 0.624853 0.458333 0.625440 0.458333 0.630129 0.459375 0.630715 0.460417 0.630715 0.461458 0.630129 0.463542 0.630129 0.464583 0.629543 0.465625 0.629543 0.466667 0.628957 0.468750 0.628957 0.469792 0.628370 0.470833 0.628370 0.471875 0.627784 0.472917 0.627784 0.475000 0.626612 0.475000 0.625440 0.476042 0.624853 0.476042 0.620750 0.475000 0.620164 0.475000 0.617819 0.473958 0.617233 0.473958 0.616647
0 0.539583 0.445487 0.536458 0.447245 0.535417 0.447245 0.532292 0.449004 0.531250 0.449004 0.527083 0.451348 0.526042 0.451348 0.518750 0.455451 0.517708 0.455451 0.516667 0.456038 0.515625 0.456038 0.513542 0.457210 0.512500 0.457210 0.511458 0.457796 0.510417 0.457796 0.509375 0.458382 0.508333 0.458382 0.507292 0.458968 0.506250 0.458968 0.505208 0.459555 0.504167 0.459555 0.502083 0.460727 0.501042 0.460727 0.500000 0.461313 0.498958 0.461313 0.497917 0.461899 0.496875 0.461899 0.494792 0.463072 0.494792 0.463658 0.493750 0.464244 0.493750 0.465416 0.492708 0.466002 0.492708 0.467175 0.491667 0.467761 0.491667 0.468347 0.490625 0.468933 0.490625 0.469519 0.489583 0.470106 0.489583 0.471278 0.488542 0.471864 0.488542 0.472450 0.487500 0.473036 0.485417 0.473036 0.484375 0.472450 0.483333 0.473036 0.481250 0.473036 0.480208 0.473623 0.477083 0.473623 0.476042 0.474209 0.473958 0.474209 0.471875 0.475381 0.470833 0.475381 0.469792 0.475967 0.469792 0.476553 0.468750 0.477140 0.468750 0.478312 0.467708 0.478898 0.467708 0.481829 0.466667 0.482415 0.466667 0.508792 0.467708 0.509379 0.467708 0.514654 0.468750 0.515240 0.468750 0.528722 0.467708 0.529308 0.467708 0.538101 0.468750 0.538687 0.468750 0.546893 0.469792 0.547479 0.469792 0.548652 0.470833 0.549238 0.471875 0.548652 0.472917 0.548652 0.475000 0.549824 0.475000 0.553341 0.476042 0.553927 0.476042 0.557444 0.477083 0.558030 0.477083 0.560375 0.478125 0.560961 0.478125 0.563306 0.479167 0.563892 0.479167 0.566237 0.480208 0.566823 0.480208 0.570926 0.481250 0.571512 0.481250 0.573271 0.482292 0.573857 0.482292 0.576202 0.483333 0.576788 0.483333 0.577374 0.484375 0.577960 0.484375 0.578546 0.485417 0.579132 0.485417 0.580305 0.486458 0.580891 0.486458 0.583236 0.487500 0.583822 0.487500 0.594373 0.488542 0.594959 0.488542 0.600234 0.489583 0.600821 0.489583 0.605510 0.490625 0.606096 0.490625 0.609613 0.491667 0.610199 0.491667 0.613716 0.492708 0.614302 0.492708 0.621336 0.491667 0.621923 0.491667 0.623095 0.490625 0.623681 0.490625 0.624267 0.489583 0.624853 0.489583 0.626026 0.488542 0.626612 0.488542 0.630715 0.489583 0.631301 0.489583 0.633646 0.490625 0.634232 0.490625 0.635404 0.491667 0.635991 0.491667 0.636577 0.492708 0.637163 0.492708 0.637749 0.493750 0.638335 0.493750 0.638921 0.494792 0.639508 0.494792 0.640680 0.495833 0.641266 0.495833 0.647128 0.496875 0.647714 0.496875 0.650645 0.497917 0.651231 0.497917 0.651817 0.498958 0.652403 0.498958 0.652989 0.501042 0.654162 0.502083 0.654162 0.503125 0.654748 0.518750 0.654748 0.519792 0.654162 0.523958 0.654162 0.525000 0.653576 0.526042 0.653576 0.527083 0.652989 0.528125 0.652989 0.530208 0.651817 0.530208 0.651231 0.531250 0.650645 0.531250 0.645955 0.530208 0.645369 0.530208 0.643611 0.529167 0.643025 0.529167 0.642438 0.528125 0.641852 0.528125 0.640680 0.527083 0.640094 0.527083 0.639508 0.526042 0.638921 0.526042 0.638335 0.525000 0.637749 0.525000 0.637163 0.523958 0.636577 0.523958 0.635404 0.522917 0.634818 0.522917 0.631887 0.523958 0.631301 0.523958 0.629543 0.525000 0.628957 0.525000 0.628370 0.526042 0.627784 0.526042 0.626026 0.527083 0.625440 0.527083 0.622509 0.528125 0.621923 0.528125 0.593787 0.527083 0.593200 0.527083 0.587925 0.526042 0.587339 0.526042 0.584994 0.525000 0.584408 0.525000 0.583236 0.523958 0.582649 0.523958 0.575615 0.525000 0.575029 0.525000 0.573857 0.526042 0.573271 0.526042 0.572098 0.527083 0.571512 0.527083 0.570340 0.528125 0.569754 0.528125 0.568581 0.529167 0.567995 0.529167 0.565064 0.530208 0.564478 0.530208 0.556858 0.529167 0.556272 0.529167 0.550410 0.528125 0.549824 0.528125 0.546307 0.527083 0.545721 0.527083 0.541618 0.526042 0.541032 0.526042 0.538101 0.525000 0.537515 0.525000 0.535170 0.523958 0.534584 0.523958 0.531067 0.522917 0.530481 0.522917 0.526377 0.521875 0.525791 0.521875 0.522274 0.522917 0.521688 0.522917 0.521102 0.523958 0.520516 0.523958 0.519930 0.526042 0.518757 0.526042 0.518171 0.535417 0.512896 0.535417 0.512309 0.536458 0.511723 0.533333 0.509965 0.533333 0.509379 0.531250 0.508206 0.531250 0.507620 0.528125 0.505862 0.528125 0.504689 0.527083 0.504103 0.527083 0.500586 0.526042 0.500000 0.526042 0.491794 0.525000 0.491208 0.525000 0.487104 0.523958 0.486518 0.523958 0.481243 0.522917 0.480657 0.522917 0.474209 0.521875 0.473623 0.521875 0.469519 0.522917 0.468933 0.522917 0.467761 0.525000 0.466589 0.527083 0.467761 0.527083 0.468347 0.528125 0.468933 0.528125 0.469519 0.529167 0.470106 0.529167 0.470692 0.530208 0.471278 0.530208 0.471864 0.531250 0.472450 0.531250 0.473036 0.536458 0.475967 0.536458 0.476553 0.537500 0.477140 0.537500 0.478312 0.538542 0.478898 0.538542 0.479484 0.541667 0.481243 0.546875 0.481243 0.547917 0.481829 0.553125 0.481829 0.554167 0.482415 0.557292 0.482415 0.558333 0.483001 0.560417 0.483001 0.561458 0.482415 0.563542 0.482415 0.567708 0.480070 0.567708 0.473036 0.566667 0.472450 0.566667 0.471864 0.565625 0.471278 0.565625 0.470106 0.563542 0.468933 0.562500 0.468933 0.558333 0.466589 0.558333 0.466002 0.557292 0.465416 0.557292 0.460727 0.556250 0.460141 0.556250 0.458382 0.555208 0.457796 0.555208 0.456624 0.554167 0.456038 0.554167 0.455451 0.552083 0.454279 0.552083 0.453693 0.551042 0.453107 0.551042 0.452521 0.548958 0.451348 0.548958 0.450762 0.547917 0.450176 0.547917 0.449590 0.546875 0.449004 0.546875 0.448417 0.544792 0.447245 0.544792 0.446659 0.542708 0.445487
0 0.452083 0.384525 0.451042 0.385111 0.448958 0.385111 0.446875 0.386284 0.446875 0.386870 0.445833 0.387456 0.444792 0.387456 0.440625 0.389801 0.440625 0.390387 0.438542 0.391559 0.437500 0.391559 0.436458 0.392145 0.435417 0.392145 0.434375 0.392732 0.433333 0.392732 0.431250 0.393904 0.431250 0.398593 0.432292 0.399179 0.432292 0.399766 0.433333 0.400352 0.433333 0.400938 0.435417 0.402110 0.436458 0.402110 0.440625 0.404455 0.441667 0.404455 0.442708 0.405041 0.443750 0.405041 0.444792 0.405627 0.445833 0.405627 0.446875 0.406213 0.447917 0.406213 0.450000 0.407386 0.450000 0.407972 0.453125 0.409730 0.453125 0.410317 0.454167 0.410903 0.454167 0.412661 0.455208 0.413247 0.455208 0.415006 0.454167 0.415592 0.454167 0.416178 0.453125 0.416764 0.452083 0.416764 0.451042 0.417351 0.450000 0.417351 0.448958 0.417937 0.447917 0.417937 0.445833 0.419109 0.444792 0.419109 0.442708 0.420281 0.441667 0.420281 0.440625 0.420868 0.439583 0.420868 0.438542 0.421454 0.427083 0.421454 0.426042 0.420868 0.421875 0.420868 0.419792 0.422040 0.419792 0.423212 0.418750 0.423798 0.418750 0.424971 0.419792 0.425557 0.426042 0.425557 0.427083 0.426143 0.431250 0.426143 0.432292 0.425557 0.433333 0.425557 0.434375 0.426143 0.439583 0.426143 0.440625 0.426729 0.442708 0.426729 0.443750 0.427315 0.453125 0.427315 0.457292 0.429660 0.478125 0.429660 0.479167 0.429074 0.482292 0.429074 0.483333 0.428488 0.484375 0.428488 0.490625 0.424971 0.490625 0.420868 0.489583 0.420281 0.489583 0.417937 0.488542 0.417351 0.488542 0.416178 0.487500 0.415592 0.487500 0.413834 0.486458 0.413247 0.486458 0.412661 0.485417 0.412075 0.485417 0.410317 0.484375 0.409730 0.484375 0.407972 0.483333 0.407386 0.483333 0.406800 0.482292 0.406213 0.482292 0.405627 0.481250 0.405041 0.481250 0.403869 0.479167 0.402696 0.479167 0.402110 0.469792 0.396835 0.468750 0.396835 0.467708 0.396249 0.465625 0.396249 0.464583 0.395662 0.463542 0.395662 0.459375 0.393318 0.459375 0.392732 0.457292 0.391559 0.457292 0.390973 0.456250 0.390387 0.456250 0.389801 0.454167 0.388628 0.454167 0.387456 0.453125 0.386870 0.453125 0.385698 0.452083 0.385111
0 0.486458 0.368699 0.486458 0.369285 0.485417 0.369871 0.485417 0.373388 0.486458 0.373974 0.486458 0.375147 0.487500 0.375733 0.487500 0.376319 0.490625 0.378077 0.491667 0.378077 0.492708 0.378664 0.492708 0.379250 0.500000 0.383353 0.500000 0.383939 0.502083 0.385111 0.502083 0.385698 0.503125 0.386284 0.503125 0.386870 0.504167 0.387456 0.504167 0.388042 0.507292 0.388042 0.507292 0.387456 0.508333 0.386870 0.508333 0.386284 0.507292 0.385698 0.507292 0.382181 0.506250 0.381594 0.506250 0.379836 0.505208 0.379250 0.505208 0.378077 0.504167 0.377491 0.504167 0.376905 0.503125 0.376319 0.503125 0.375733 0.502083 0.375147 0.502083 0.374560 0.501042 0.373974 0.501042 0.373388 0.498958 0.372216 0.497917 0.372216 0.493750 0.369871 0.492708 0.369871 0.491667 0.369285 0.490625 0.369285 0.489583 0.368699
0 0.757292 0.650059 0.757292 0.650645 0.755208 0.651817 0.755208 0.652989 0.754167 0.653576 0.754167 0.656506 0.753125 0.657093 0.753125 0.658851 0.752083 0.659437 0.752083 0.660610 0.751042 0.661196 0.751042 0.662954 0.750000 0.663540 0.750000 0.665885 0.748958 0.666471 0.748958 0.669988 0.747917 0.670574 0.747917 0.674678 0.748958 0.675264 0.748958 0.675850 0.752083 0.677608 0.759375 0.677608 0.760417 0.678195 0.761458 0.678195 0.762500 0.677608 0.766667 0.677608 0.767708 0.677022 0.769792 0.677022 0.770833 0.676436 0.772917 0.676436 0.775000 0.675264 0.775000 0.673505 0.773958 0.672919 0.773958 0.671161 0.772917 0.670574 0.772917 0.668816 0.771875 0.668230 0.771875 0.667057 0.770833 0.666471 0.770833 0.665299 0.769792 0.664713 0.769792 0.664127 0.768750 0.663540 0.768750 0.661196 0.767708 0.660610 0.767708 0.660023 0.766667 0.659437 0.766667 0.657679 0.765625 0.657093 0.765625 0.656506 0.764583 0.655920 0.764583 0.654748 0.763542 0.654162 0.763542 0.653576 0.762500 0.652989 0.762500 0.652403 0.760417 0.651231 0.760417 0.650645 0.759375 0.650059
0 0.831250 0.599062 0.830208 0.599648 0.830208 0.600821 0.829167 0.601407 0.829167 0.602579 0.828125 0.603165 0.828125 0.606682 0.827083 0.607268 0.827083 0.609613 0.826042 0.610199 0.826042 0.613130 0.825000 0.613716 0.825000 0.617819 0.823958 0.618406 0.823958 0.632474 0.822917 0.633060 0.822917 0.633646 0.823958 0.634232 0.823958 0.650645 0.825000 0.651231 0.825000 0.652989 0.826042 0.653576 0.826042 0.654748 0.827083 0.655334 0.827083 0.657093 0.828125 0.657679 0.828125 0.658265 0.829167 0.658851 0.829167 0.659437 0.830208 0.660023 0.830208 0.661782 0.831250 0.662368 0.831250 0.664127 0.833333 0.665299 0.840625 0.665299 0.841667 0.664713 0.844792 0.664713 0.847917 0.662954 0.847917 0.662368 0.848958 0.661782 0.848958 0.653576 0.847917 0.652989 0.847917 0.648300 0.846875 0.647714 0.846875 0.645369 0.845833 0.644783 0.845833 0.642438 0.844792 0.641852 0.844792 0.640094 0.843750 0.639508 0.843750 0.638335 0.842708 0.637749 0.842708 0.635991 0.841667 0.635404 0.841667 0.633060 0.840625 0.632474 0.840625 0.629543 0.839583 0.628957 0.839583 0.626612 0.838542 0.626026 0.838542 0.621923 0.837500 0.621336 0.837500 0.614302 0.836458 0.613716 0.836458 0.610785 0.835417 0.610199 0.835417 0.606096 0.834375 0.605510 0.834375 0.604338 0.833333 0.603751 0.833333 0.602579 0.832292 0.601993 0.832292 0.600821 0.831250 0.600234
0 0.721875 0.464830 0.720833 0.465416 0.716667 0.465416 0.715625 0.466002 0.714583 0.466002 0.713542 0.466589 0.709375 0.466589 0.708333 0.467175 0.708333 0.467761 0.706250 0.468933 0.705208 0.468933 0.704167 0.469519 0.694792 0.469519 0.693750 0.470106 0.687500 0.470106 0.686458 0.470692 0.685417 0.470692 0.683333 0.471864 0.682292 0.471864 0.681250 0.472450 0.680208 0.472450 0.678125 0.473623 0.676042 0.473623 0.676042 0.474209 0.675000 0.474795 0.675000 0.475967 0.673958 0.476553 0.673958 0.478898 0.672917 0.479484 0.672917 0.481243 0.671875 0.481829 0.669792 0.481829 0.667708 0.480657 0.667708 0.477726 0.668750 0.477140 0.667708 0.476553 0.663542 0.476553 0.662500 0.477140 0.661458 0.477140 0.661458 0.478898 0.662500 0.479484 0.662500 0.480657 0.663542 0.481243 0.663542 0.483001 0.664583 0.483587 0.664583 0.484174 0.677083 0.484174 0.678125 0.483587 0.679167 0.484174 0.683333 0.484174 0.686458 0.482415 0.687500 0.482415 0.689583 0.481243 0.691667 0.481243 0.692708 0.480657 0.693750 0.480657 0.694792 0.480070 0.694792 0.479484 0.698958 0.477140 0.701042 0.477140 0.702083 0.476553 0.702083 0.475967 0.703125 0.475381 0.704167 0.475381 0.705208 0.474795 0.706250 0.474795 0.707292 0.474209 0.708333 0.474209 0.709375 0.473623 0.712500 0.473623 0.713542 0.474209 0.716667 0.474209 0.717708 0.473623 0.727083 0.473623 0.727083 0.473036 0.732292 0.470106 0.731250 0.469519 0.731250 0.468933 0.730208 0.468347 0.729167 0.468347 0.728125 0.467761 0.727083 0.467761 0.725000 0.466589 0.725000 0.465416 0.723958 0.464830
0 0.814583 0.373388 0.813542 0.373974 0.812500 0.373974 0.811458 0.374560 0.810417 0.374560 0.809375 0.375147 0.807292 0.375147 0.806250 0.375733 0.805208 0.375733 0.800000 0.378664 0.798958 0.378664 0.797917 0.379250 0.796875 0.379250 0.795833 0.379836 0.795833 0.380422 0.794792 0.381008 0.794792 0.381594 0.792708 0.382767 0.792708 0.383939 0.791667 0.384525 0.791667 0.385111 0.789583 0.386284 0.789583 0.386870 0.788542 0.387456 0.788542 0.388042 0.777083 0.394490 0.777083 0.395076 0.775000 0.396249 0.775000 0.396835 0.773958 0.397421 0.776042 0.398593 0.785417 0.398593 0.786458 0.399179 0.805208 0.399179 0.806250 0.398593 0.807292 0.399179 0.808333 0.399179 0.812500 0.401524 0.813542 0.401524 0.822917 0.406800 0.822917 0.407386 0.825000 0.408558 0.826042 0.408558 0.827083 0.409144 0.827083 0.409730 0.828125 0.410317 0.828125 0.410903 0.829167 0.410903 0.831250 0.412075 0.831250 0.412661 0.833333 0.413834 0.833333 0.415006 0.834375 0.415592 0.834375 0.419109 0.835417 0.419695 0.835417 0.422040 0.836458 0.422626 0.836458 0.425557 0.837500 0.426143 0.837500 0.429074 0.838542 0.429660 0.838542 0.436108 0.837500 0.436694 0.837500 0.437280 0.836458 0.437866 0.836458 0.441970 0.835417 0.442556 0.836458 0.443142 0.836458 0.449004 0.837500 0.449590 0.837500 0.450762 0.838542 0.451348 0.838542 0.451934 0.839583 0.452521 0.839583 0.453107 0.840625 0.453693 0.840625 0.454279 0.841667 0.454865 0.841667 0.456038 0.842708 0.456624 0.842708 0.457210 0.843750 0.457796 0.843750 0.458968 0.844792 0.459555 0.844792 0.460141 0.846875 0.461313 0.846875 0.461899 0.847917 0.462485 0.847917 0.463072 0.848958 0.463658 0.848958 0.464244 0.850000 0.464830 0.850000 0.465416 0.851042 0.466002 0.851042 0.467175 0.852083 0.467761 0.852083 0.468347 0.854167 0.469519 0.854167 0.470692 0.855208 0.471278 0.855208 0.473036 0.858333 0.474795 0.859375 0.474209 0.859375 0.473036 0.860417 0.472450 0.860417 0.471864 0.861458 0.471278 0.861458 0.470692 0.862500 0.470106 0.862500 0.467761 0.863542 0.467175 0.863542 0.454865 0.862500 0.454279 0.862500 0.449590 0.861458 0.449004 0.861458 0.447831 0.860417 0.447245 0.860417 0.446073 0.859375 0.445487 0.859375 0.444900 0.858333 0.444314 0.858333 0.443142 0.857292 0.442556 0.857292 0.441383 0.856250 0.440797 0.856250 0.438453 0.855208 0.437866 0.855208 0.434936 0.854167 0.434349 0.854167 0.430832 0.853125 0.430246 0.853125 0.427315 0.852083 0.426729 0.852083 0.423798 0.851042 0.423212 0.851042 0.420281 0.850000 0.419695 0.850000 0.410903 0.851042 0.410317 0.851042 0.409730 0.852083 0.409144 0.852083 0.408558 0.854167 0.407386 0.855208 0.407386 0.858333 0.405627 0.858333 0.404455 0.859375 0.403869 0.859375 0.400938 0.858333 0.400352 0.858333 0.397421 0.857292 0.396835 0.857292 0.395662 0.856250 0.395076 0.856250 0.393318 0.855208 0.392732 0.855208 0.390387 0.854167 0.389801 0.854167 0.388042 0.853125 0.387456 0.853125 0.386284 0.852083 0.385698 0.852083 0.385111 0.851042 0.384525 0.851042 0.383939 0.850000 0.383353 0.850000 0.382767 0.847917 0.381594 0.847917 0.381008 0.844792 0.379250 0.843750 0.379250 0.838542 0.376319 0.836458 0.376319 0.835417 0.375733 0.833333 0.375733 0.832292 0.375147 0.831250 0.375147 0.830208 0.374560 0.828125 0.374560 0.827083 0.373974 0.826042 0.373974 0.825000 0.373388
0 0.740625 0.371043 0.740625 0.371630 0.739583 0.372216 0.739583 0.375147 0.738542 0.375733 0.738542 0.377491 0.736458 0.378664 0.736458 0.379250 0.735417 0.379836 0.735417 0.380422 0.734375 0.381008 0.734375 0.381594 0.733333 0.382181 0.733333 0.382767 0.727083 0.386284 0.727083 0.386870 0.726042 0.387456 0.726042 0.388042 0.725000 0.388628 0.725000 0.389801 0.723958 0.390387 0.723958 0.395662 0.722917 0.396249 0.722917 0.398593 0.719792 0.400352 0.719792 0.401524 0.718750 0.402110 0.718750 0.403869 0.717708 0.404455 0.717708 0.405041 0.716667 0.405627 0.716667 0.406213 0.715625 0.406800 0.715625 0.407386 0.714583 0.407972 0.714583 0.408558 0.713542 0.409144 0.713542 0.409730 0.712500 0.410317 0.712500 0.412075 0.711458 0.412661 0.711458 0.413834 0.710417 0.414420 0.710417 0.415592 0.709375 0.416178 0.709375 0.419695 0.708333 0.420281 0.708333 0.423798 0.707292 0.424385 0.707292 0.429660 0.706250 0.430246 0.706250 0.439039 0.707292 0.439625 0.707292 0.442556 0.708333 0.443142 0.708333 0.443728 0.709375 0.444314 0.710417 0.444314 0.711458 0.444900 0.712500 0.444900 0.714583 0.446073 0.715625 0.446073 0.716667 0.446659 0.717708 0.446659 0.719792 0.447831 0.719792 0.448417 0.722917 0.450176 0.725000 0.450176 0.726042 0.450762 0.728125 0.450762 0.729167 0.451348 0.733333 0.451348 0.734375 0.450762 0.734375 0.450176 0.735417 0.449590 0.735417 0.445487 0.734375 0.444900 0.734375 0.443728 0.732292 0.442556 0.732292 0.441970 0.734375 0.440797 0.734375 0.440211 0.735417 0.439625 0.735417 0.438453 0.730208 0.435522 0.730208 0.434349 0.729167 0.433763 0.729167 0.432005 0.730208 0.431419 0.730208 0.430832 0.731250 0.430246 0.731250 0.429660 0.732292 0.429074 0.732292 0.427902 0.733333 0.427315 0.733333 0.426729 0.734375 0.426143 0.734375 0.424971 0.735417 0.424385 0.735417 0.421454 0.736458 0.420868 0.736458 0.419695 0.737500 0.419109 0.737500 0.418523 0.738542 0.417937 0.738542 0.416178 0.739583 0.415592 0.739583 0.413834 0.740625 0.413247 0.740625 0.411489 0.741667 0.410903 0.741667 0.407386 0.742708 0.406800 0.742708 0.405627 0.744792 0.404455 0.744792 0.403869 0.746875 0.402696 0.746875 0.401524 0.747917 0.400938 0.747917 0.400352 0.748958 0.399766 0.748958 0.399179 0.750000 0.398593 0.750000 0.397421 0.751042 0.396835 0.751042 0.395076 0.752083 0.394490 0.752083 0.389801 0.751042 0.389215 0.751042 0.388042 0.750000 0.387456 0.750000 0.386284 0.748958 0.385698 0.748958 0.385111 0.747917 0.384525 0.747917 0.383353 0.746875 0.382767 0.746875 0.381594 0.745833 0.381008 0.745833 0.375733 0.744792 0.375147 0.744792 0.371630 0.743750 0.371043
0 0.775000 0.400352 0.773958 0.400938 0.770833 0.400938 0.769792 0.401524 0.768750 0.401524 0.767708 0.402110 0.766667 0.402110 0.765625 0.402696 0.764583 0.402696 0.761458 0.404455 0.761458 0.405041 0.757292 0.407386 0.756250 0.407386 0.753125 0.409144 0.752083 0.409144 0.751042 0.409730 0.751042 0.410317 0.748958 0.411489 0.748958 0.412075 0.746875 0.413247 0.746875 0.413834 0.744792 0.415006 0.744792 0.415592 0.743750 0.416178 0.743750 0.416764 0.742708 0.417351 0.742708 0.418523 0.741667 0.419109 0.741667 0.419695 0.740625 0.420281 0.740625 0.420868 0.739583 0.421454 0.739583 0.423212 0.738542 0.423798 0.738542 0.424971 0.737500 0.425557 0.737500 0.426143 0.736458 0.426729 0.736458 0.427315 0.734375 0.428488 0.734375 0.429074 0.733333 0.429660 0.733333 0.430246 0.731250 0.431419 0.731250 0.433177 0.733333 0.434349 0.733333 0.434936 0.735417 0.436108 0.736458 0.436108 0.739583 0.437866 0.739583 0.439039 0.740625 0.439625 0.740625 0.445487 0.739583 0.446073 0.739583 0.449590 0.738542 0.450176 0.738542 0.451934 0.737500 0.452521 0.737500 0.457796 0.736458 0.458382 0.736458 0.460727 0.737500 0.461313 0.737500 0.461899 0.739583 0.463072 0.739583 0.464244 0.740625 0.464830 0.740625 0.465416 0.741667 0.466002 0.741667 0.470692 0.736458 0.473623 0.733333 0.473623 0.732292 0.474209 0.731250 0.474209 0.730208 0.474795 0.729167 0.474795 0.728125 0.475381 0.722917 0.475381 0.721875 0.475967 0.719792 0.475967 0.718750 0.476553 0.713542 0.476553 0.712500 0.477140 0.711458 0.477140 0.710417 0.477726 0.708333 0.477726 0.707292 0.478312 0.705208 0.478312 0.704167 0.478898 0.703125 0.478898 0.698958 0.481243 0.697917 0.481243 0.695833 0.482415 0.694792 0.482415 0.691667 0.484174 0.690625 0.484174 0.688542 0.485346 0.687500 0.485346 0.686458 0.485932 0.683333 0.485932 0.682292 0.486518 0.678125 0.486518 0.677083 0.487104 0.671875 0.487104 0.670833 0.487691 0.665625 0.487691 0.664583 0.488277 0.659375 0.488277 0.658333 0.488863 0.655208 0.488863 0.654167 0.489449 0.653125 0.489449 0.651042 0.490621 0.650000 0.490621 0.648958 0.491208 0.646875 0.491208 0.645833 0.491794 0.642708 0.491794 0.641667 0.492380 0.637500 0.492380 0.636458 0.492966 0.634375 0.492966 0.633333 0.493552 0.632292 0.493552 0.631250 0.494138 0.628125 0.494138 0.627083 0.494725 0.625000 0.494725 0.623958 0.495311 0.618750 0.495311 0.617708 0.495897 0.605208 0.495897 0.604167 0.496483 0.603125 0.496483 0.601042 0.497655 0.601042 0.498242 0.600000 0.498828 0.600000 0.500000 0.598958 0.500586 0.598958 0.505275 0.601042 0.506448 0.602083 0.506448 0.606250 0.508792 0.607292 0.508792 0.608333 0.509379 0.610417 0.509379 0.611458 0.509965 0.612500 0.509965 0.621875 0.515240 0.622917 0.515240 0.623958 0.515826 0.628125 0.515826 0.629167 0.516413 0.631250 0.516413 0.633333 0.517585 0.634375 0.517585 0.635417 0.518171 0.636458 0.518171 0.637500 0.518757 0.639583 0.518757 0.640625 0.519343 0.642708 0.519343 0.643750 0.519930 0.645833 0.519930 0.646875 0.519343 0.657292 0.519343 0.658333 0.519930 0.660417 0.519930 0.661458 0.520516 0.662500 0.520516 0.663542 0.521102 0.665625 0.521102 0.666667 0.521688 0.669792 0.521688 0.670833 0.522274 0.673958 0.522274 0.675000 0.522860 0.676042 0.522274 0.686458 0.522274 0.687500 0.522860 0.688542 0.522860 0.690625 0.524033 0.690625 0.524619 0.691667 0.525205 0.691667 0.533411 0.692708 0.533998 0.692708 0.548066 0.691667 0.548652 0.691667 0.558617 0.690625 0.559203 0.690625 0.569168 0.689583 0.569754 0.689583 0.572685 0.688542 0.573271 0.688542 0.577960 0.687500 0.578546 0.687500 0.585580 0.686458 0.586166 0.686458 0.591442 0.685417 0.592028 0.685417 0.596131 0.684375 0.596717 0.684375 0.618406 0.685417 0.618992 0.685417 0.628957 0.684375 0.629543 0.684375 0.639508 0.685417 0.640094 0.685417 0.649472 0.686458 0.650059 0.686458 0.655334 0.687500 0.655920 0.687500 0.662954 0.688542 0.663540 0.688542 0.668816 0.689583 0.669402 0.689583 0.671747 0.690625 0.672333 0.690625 0.675850 0.691667 0.676436 0.691667 0.693435 0.692708 0.694021 0.692708 0.699297 0.693750 0.699883 0.693750 0.702814 0.694792 0.703400 0.694792 0.706917 0.695833 0.707503 0.695833 0.709261 0.696875 0.709848 0.696875 0.712778 0.697917 0.713365 0.697917 0.716295 0.698958 0.716882 0.698958 0.722743 0.697917 0.723329 0.697917 0.727433 0.696875 0.728019 0.696875 0.730363 0.695833 0.730950 0.695833 0.732122 0.694792 0.732708 0.694792 0.733294 0.693750 0.733880 0.692708 0.733880 0.691667 0.734467 0.686458 0.734467 0.685417 0.735053 0.678125 0.735053 0.677083 0.735639 0.663542 0.735639 0.662500 0.736225 0.661458 0.736225 0.660417 0.736811 0.659375 0.736811 0.657292 0.737984 0.657292 0.742673 0.658333 0.743259 0.658333 0.743845 0.660417 0.745018 0.660417 0.745604 0.665625 0.748535 0.666667 0.748535 0.667708 0.749121 0.668750 0.749121 0.669792 0.749707 0.670833 0.749707 0.672917 0.750879 0.673958 0.750879 0.675000 0.751465 0.676042 0.751465 0.677083 0.752052 0.679167 0.752052 0.680208 0.752638 0.681250 0.752638 0.682292 0.753224 0.684375 0.753224 0.685417 0.753810 0.687500 0.753810 0.688542 0.754396 0.689583 0.754396 0.690625 0.754982 0.692708 0.754982 0.693750 0.755569 0.694792 0.755569 0.695833 0.756155 0.697917 0.756155 0.698958 0.756741 0.700000 0.756741 0.701042 0.757327 0.702083 0.757327 0.704167 0.758499 0.705208 0.758499 0.706250 0.759086 0.707292 0.759086 0.708333 0.759672 0.709375 0.759672 0.710417 0.760258 0.712500 0.760258 0.713542 0.760844 0.715625 0.760844 0.716667 0.761430 0.717708 0.761430 0.718750 0.762016 0.719792 0.762016 0.720833 0.762603 0.723958 0.762603 0.725000 0.763189 0.734375 0.763189 0.735417 0.762603 0.736458 0.762603 0.738542 0.761430 0.738542 0.760844 0.739583 0.760258 0.739583 0.759672 0.740625 0.759086 0.740625 0.753810 0.739583 0.753224 0.739583 0.751465 0.738542 0.750879 0.738542 0.749707 0.737500 0.749121 0.737500 0.748535 0.736458 0.747948 0.736458 0.744431 0.737500 0.743845 0.737500 0.740328 0.738542 0.739742 0.738542 0.734467 0.739583 0.733880 0.739583 0.730950 0.740625 0.730363 0.740625 0.726260 0.741667 0.725674 0.741667 0.721571 0.742708 0.720985 0.742708 0.714537 0.743750 0.713951 0.743750 0.705158 0.744792 0.704572 0.744792 0.695780 0.745833 0.695193 0.745833 0.684642 0.746875 0.684056 0.746875 0.675850 0.745833 0.675264 0.745833 0.667644 0.746875 0.667057 0.746875 0.664127 0.747917 0.663540 0.747917 0.662368 0.748958 0.661782 0.748958 0.660023 0.750000 0.659437 0.750000 0.657093 0.751042 0.656506 0.751042 0.655334 0.752083 0.654748 0.752083 0.652403 0.753125 0.651817 0.753125 0.650059 0.754167 0.649472 0.754167 0.648886 0.758333 0.646542 0.759375 0.647128 0.759375 0.647714 0.760417 0.648300 0.760417 0.648886 0.762500 0.650059 0.762500 0.650645 0.763542 0.651231 0.763542 0.651817 0.764583 0.652403 0.764583 0.652989 0.765625 0.653576 0.765625 0.654162 0.766667 0.654748 0.766667 0.655334 0.767708 0.655920 0.767708 0.656506 0.768750 0.657093 0.768750 0.658265 0.769792 0.658851 0.769792 0.660610 0.770833 0.661196 0.770833 0.662368 0.771875 0.662954 0.771875 0.663540 0.772917 0.664127 0.772917 0.665299 0.773958 0.665885 0.773958 0.667057 0.775000 0.667644 0.775000 0.668816 0.776042 0.669402 0.776042 0.671161 0.777083 0.671747 0.777083 0.675850 0.778125 0.676436 0.778125 0.678195 0.779167 0.678781 0.779167 0.680539 0.780208 0.681125 0.780208 0.682298 0.781250 0.682884 0.781250 0.684056 0.782292 0.684642 0.782292 0.685815 0.783333 0.686401 0.783333 0.686987 0.784375 0.687573 0.784375 0.689332 0.785417 0.689918 0.785417 0.691090 0.786458 0.691676 0.786458 0.692263 0.787500 0.692849 0.787500 0.693435 0.788542 0.694021 0.788542 0.695193 0.789583 0.695780 0.789583 0.696952 0.790625 0.697538 0.790625 0.698710 0.791667 0.699297 0.791667 0.701055 0.792708 0.701641 0.792708 0.703986 0.793750 0.704572 0.793750 0.706917 0.794792 0.707503 0.794792 0.712192 0.795833 0.712778 0.795833 0.725674 0.794792 0.726260 0.794792 0.728019 0.791667 0.729777 0.791667 0.730950 0.790625 0.731536 0.790625 0.732122 0.789583 0.732708 0.789583 0.737984 0.790625 0.738570 0.790625 0.739742 0.791667 0.740328 0.791667 0.740914 0.792708 0.741501 0.792708 0.742087 0.796875 0.744431 0.797917 0.744431 0.800000 0.745604 0.801042 0.745604 0.805208 0.747948 0.805208 0.748535 0.809375 0.750879 0.809375 0.751465 0.811458 0.752638 0.811458 0.753224 0.813542 0.754396 0.813542 0.755569 0.816667 0.757327 0.816667 0.757913 0.817708 0.758499 0.817708 0.759086 0.821875 0.761430 0.822917 0.761430 0.823958 0.762016 0.826042 0.762016 0.827083 0.762603 0.829167 0.762603 0.830208 0.763189 0.838542 0.763189 0.839583 0.762603 0.842708 0.762603 0.843750 0.762016 0.844792 0.762016 0.845833 0.761430 0.845833 0.760844 0.847917 0.759672 0.847917 0.759086 0.848958 0.758499 0.848958 0.754396 0.847917 0.753810 0.847917 0.752638 0.846875 0.752052 0.846875 0.751465 0.845833 0.750879 0.845833 0.750293 0.843750 0.749121 0.843750 0.747948 0.842708 0.747362 0.842708 0.745018 0.841667 0.744431 0.841667 0.710434 0.840625 0.709848 0.840625 0.695780 0.839583 0.695193 0.839583 0.689918 0.838542 0.689332 0.838542 0.686401 0.837500 0.685815 0.837500 0.683470 0.836458 0.682884 0.836458 0.681125 0.835417 0.680539 0.835417 0.678195 0.834375 0.677608 0.834375 0.675264 0.833333 0.674678 0.833333 0.672333 0.832292 0.671747 0.832292 0.669988 0.831250 0.669402 0.831250 0.667644 0.830208 0.667057 0.830208 0.665299 0.829167 0.664713 0.829167 0.663540 0.828125 0.662954 0.828125 0.661782 0.827083 0.661196 0.827083 0.660023 0.826042 0.659437 0.826042 0.658265 0.825000 0.657679 0.825000 0.657093 0.823958 0.656506 0.823958 0.655334 0.822917 0.654748 0.822917 0.652403 0.821875 0.651817 0.821875 0.637749 0.820833 0.637163 0.820833 0.630129 0.821875 0.629543 0.821875 0.618406 0.822917 0.617819 0.822917 0.611958 0.823958 0.611372 0.823958 0.609613 0.825000 0.609027 0.825000 0.607268 0.826042 0.606682 0.826042 0.603165 0.827083 0.602579 0.827083 0.594373 0.828125 0.593787 0.828125 0.591442 0.829167 0.590856 0.829167 0.587925 0.830208 0.587339 0.830208 0.584994 0.831250 0.584408 0.831250 0.582063 0.832292 0.581477 0.832292 0.577374 0.833333 0.576788 0.833333 0.572098 0.834375 0.571512 0.834375 0.567409 0.835417 0.566823 0.835417 0.562720 0.836458 0.562134 0.836458 0.559789 0.837500 0.559203 0.837500 0.557444 0.838542 0.556858 0.838542 0.555686 0.839583 0.555100 0.839583 0.553341 0.840625 0.552755 0.840625 0.551583 0.841667 0.550996 0.841667 0.548652 0.842708 0.548066 0.842708 0.543962 0.843750 0.543376 0.843750 0.539859 0.844792 0.539273 0.844792 0.538687 0.845833 0.538101 0.845833 0.537515 0.847917 0.536342 0.847917 0.535756 0.848958 0.535170 0.848958 0.534584 0.850000 0.533998 0.850000 0.533411 0.851042 0.532825 0.851042 0.532239 0.852083 0.531653 0.852083 0.531067 0.853125 0.530481 0.853125 0.529894 0.854167 0.529308 0.854167 0.528722 0.855208 0.528136 0.855208 0.526964 0.856250 0.526377 0.856250 0.524619 0.857292 0.524033 0.857292 0.522860 0.858333 0.522274 0.858333 0.517585 0.859375 0.516999 0.859375 0.509379 0.860417 0.508792 0.860417 0.505275 0.861458 0.504689 0.861458 0.495897 0.860417 0.495311 0.860417 0.492380 0.859375 0.491794 0.859375 0.487691 0.858333 0.487104 0.858333 0.484760 0.857292 0.484174 0.857292 0.481829 0.856250 0.481243 0.856250 0.478312 0.855208 0.477726 0.855208 0.476553 0.854167 0.475967 0.854167 0.474795 0.853125 0.474209 0.853125 0.473036 0.852083 0.472450 0.852083 0.470106 0.851042 0.469519 0.851042 0.468933 0.850000 0.468347 0.850000 0.467761 0.848958 0.467175 0.848958 0.466589 0.847917 0.466002 0.847917 0.465416 0.846875 0.464830 0.846875 0.463658 0.843750 0.461899 0.843750 0.461313 0.842708 0.460727 0.842708 0.460141 0.841667 0.459555 0.841667 0.457796 0.840625 0.457210 0.840625 0.456624 0.839583 0.456038 0.839583 0.454865 0.838542 0.454279 0.838542 0.453693 0.836458 0.452521 0.836458 0.451348 0.835417 0.450762 0.835417 0.449004 0.834375 0.448417 0.834375 0.439625 0.835417 0.439039 0.835417 0.437280 0.836458 0.436694 0.836458 0.436108 0.837500 0.435522 0.837500 0.432005 0.836458 0.431419 0.836458 0.428488 0.835417 0.427902 0.835417 0.424971 0.834375 0.424385 0.834375 0.422626 0.833333 0.422040 0.833333 0.419109 0.832292 0.418523 0.832292 0.416764 0.831250 0.416178 0.831250 0.415006 0.829167 0.413834 0.829167 0.413247 0.821875 0.409144 0.821875 0.408558 0.813542 0.403869 0.813542 0.403283 0.812500 0.403283 0.810417 0.402110 0.808333 0.402110 0.807292 0.401524 0.798958 0.401524 0.797917 0.400938 0.781250 0.400938 0.780208 0.400352
0 0.000000 0.509379 0.000000 0.516999 0.006250 0.516999 0.007292 0.516413 0.010417 0.516413 0.011458 0.515826 0.012500 0.515826 0.013542 0.515240 0.013542 0.513482 0.012500 0.512896 0.012500 0.511137 0.011458 0.510551 0.007292 0.510551 0.006250 0.509965 0.002083 0.509965 0.001042 0.509379
0 0.007292 0.417937 0.006250 0.418523 0.005208 0.418523 0.004167 0.419109 0.003125 0.419109 0.001042 0.420281 0.000000 0.420281 0.000000 0.488277 0.001042 0.488277 0.001042 0.486518 0.002083 0.485932 0.002083 0.478312 0.003125 0.477726 0.003125 0.461313 0.004167 0.460727 0.004167 0.454865 0.005208 0.454279 0.005208 0.442556 0.004167 0.441970 0.004167 0.440211 0.003125 0.439625 0.003125 0.438453 0.002083 0.437866 0.002083 0.436694 0.001042 0.436108 0.001042 0.433763 0.002083 0.433177 0.002083 0.432591 0.009375 0.428488 0.009375 0.427902 0.014583 0.424971 0.015625 0.424971 0.020833 0.422040 0.020833 0.420281 0.017708 0.418523 0.014583 0.418523 0.013542 0.417937
0 0.000000 0.385111 0.000000 0.392145 0.002083 0.392145 0.004167 0.390973 0.004167 0.390387 0.005208 0.389801 0.005208 0.386870 0.004167 0.386284 0.003125 0.386284 0.001042 0.385111
0 0.113542 0.372802 0.112500 0.373388 0.109375 0.373388 0.108333 0.373974 0.107292 0.373974 0.106250 0.374560 0.104167 0.374560 0.103125 0.375147 0.102083 0.375147 0.102083 0.375733 0.100000 0.376905 0.100000 0.378664 0.098958 0.379250 0.098958 0.381008 0.097917 0.381594 0.097917 0.385111 0.098958 0.385698 0.098958 0.386870 0.100000 0.387456 0.100000 0.388628 0.101042 0.389215 0.101042 0.390387 0.102083 0.390973 0.102083 0.391559 0.103125 0.392145 0.103125 0.392732 0.104167 0.393318 0.104167 0.393904 0.107292 0.395662 0.108333 0.395662 0.111458 0.397421 0.110417 0.398007 0.110417 0.400938 0.108333 0.402110 0.108333 0.402696 0.107292 0.403283 0.107292 0.403869 0.106250 0.404455 0.106250 0.405041 0.105208 0.405627 0.105208 0.407972 0.104167 0.408558 0.104167 0.410903 0.103125 0.411489 0.103125 0.413834 0.102083 0.414420 0.102083 0.416764 0.101042 0.417351 0.101042 0.422626 0.102083 0.423212 0.102083 0.424385 0.103125 0.424971 0.103125 0.427315 0.104167 0.427902 0.104167 0.433763 0.105208 0.434349 0.105208 0.437866 0.104167 0.438453 0.104167 0.439039 0.105208 0.439625 0.105208 0.441383 0.106250 0.441383 0.107292 0.441970 0.112500 0.441970 0.113542 0.441383 0.117708 0.441383 0.118750 0.440797 0.147917 0.440797 0.148958 0.440211 0.153125 0.440211 0.154167 0.439625 0.165625 0.439625 0.166667 0.439039 0.167708 0.439039 0.167708 0.432005 0.166667 0.431419 0.166667 0.420281 0.165625 0.419695 0.165625 0.407972 0.164583 0.407386 0.164583 0.406213 0.163542 0.405627 0.163542 0.404455 0.162500 0.403869 0.162500 0.401524 0.161458 0.400938 0.161458 0.399179 0.160417 0.398593 0.160417 0.398007 0.157292 0.396249 0.156250 0.396249 0.155208 0.395662 0.154167 0.395662 0.151042 0.393904 0.150000 0.393904 0.148958 0.393318 0.147917 0.393318 0.146875 0.392732 0.144792 0.392732 0.143750 0.392145 0.140625 0.392145 0.139583 0.391559 0.137500 0.391559 0.134375 0.389801 0.134375 0.388628 0.133333 0.388042 0.133333 0.383939 0.132292 0.383353 0.132292 0.380422 0.131250 0.379836 0.131250 0.378664 0.130208 0.378077 0.130208 0.376905 0.127083 0.375147 0.126042 0.375147 0.125000 0.374560 0.123958 0.374560 0.122917 0.373974 0.121875 0.373974 0.120833 0.373388 0.119792 0.373388 0.118750 0.372802
0 0.251042 0.355803 0.250000 0.356389 0.248958 0.356389 0.247917 0.356975 0.246875 0.356975 0.245833 0.357562 0.242708 0.357562 0.241667 0.358148 0.239583 0.358148 0.238542 0.358734 0.237500 0.358734 0.235417 0.359906 0.234375 0.359906 0.232292 0.361079 0.231250 0.361079 0.230208 0.361665 0.229167 0.361665 0.227083 0.362837 0.227083 0.363423 0.222917 0.365768 0.222917 0.366354 0.221875 0.366940 0.221875 0.368113 0.220833 0.368699 0.220833 0.369285 0.219792 0.369871 0.219792 0.374560 0.218750 0.375147 0.218750 0.376905 0.219792 0.377491 0.219792 0.381594 0.220833 0.382181 0.220833 0.384525 0.221875 0.385111 0.221875 0.387456 0.222917 0.388042 0.222917 0.389801 0.223958 0.390387 0.223958 0.391559 0.225000 0.392145 0.225000 0.393318 0.226042 0.393904 0.226042 0.395662 0.227083 0.396249 0.227083 0.398593 0.226042 0.399179 0.226042 0.399766 0.225000 0.400352 0.225000 0.400938 0.222917 0.402110 0.222917 0.402696 0.220833 0.403869 0.220833 0.407386 0.222917 0.408558 0.222917 0.409144 0.223958 0.409730 0.223958 0.414420 0.222917 0.415006 0.222917 0.415592 0.221875 0.416178 0.221875 0.416764 0.220833 0.417351 0.220833 0.417937 0.211458 0.423212 0.210417 0.423212 0.207292 0.424971 0.207292 0.425557 0.206250 0.426143 0.206250 0.426729 0.203125 0.428488 0.203125 0.429074 0.202083 0.429660 0.202083 0.431419 0.201042 0.432005 0.201042 0.435522 0.202083 0.436108 0.202083 0.439039 0.203125 0.439625 0.203125 0.440211 0.204167 0.440797 0.204167 0.441970 0.205208 0.442556 0.205208 0.444314 0.206250 0.444900 0.206250 0.449004 0.207292 0.449590 0.207292 0.451348 0.208333 0.451934 0.208333 0.453693 0.209375 0.454279 0.209375 0.455451 0.210417 0.456038 0.210417 0.457210 0.211458 0.457796 0.211458 0.459555 0.212500 0.460141 0.212500 0.462485 0.213542 0.463072 0.213542 0.464830 0.214583 0.465416 0.214583 0.467175 0.215625 0.467761 0.215625 0.469519 0.216667 0.470106 0.216667 0.473036 0.217708 0.473623 0.217708 0.475967 0.218750 0.476553 0.218750 0.479484 0.219792 0.480070 0.219792 0.481829 0.220833 0.482415 0.220833 0.484174 0.221875 0.484760 0.221875 0.487691 0.222917 0.488277 0.222917 0.490035 0.223958 0.490621 0.223958 0.492966 0.225000 0.493552 0.225000 0.496483 0.226042 0.497069 0.226042 0.498828 0.227083 0.499414 0.227083 0.501172 0.228125 0.501758 0.228125 0.505862 0.229167 0.506448 0.229167 0.509379 0.230208 0.509965 0.230208 0.515240 0.231250 0.515826 0.231250 0.517585 0.232292 0.518171 0.232292 0.525791 0.231250 0.526377 0.231250 0.527550 0.230208 0.528136 0.230208 0.528722 0.229167 0.529308 0.229167 0.532239 0.228125 0.532825 0.228125 0.536928 0.229167 0.537515 0.229167 0.539273 0.230208 0.539859 0.230208 0.540445 0.231250 0.541032 0.231250 0.541618 0.232292 0.542204 0.232292 0.543376 0.233333 0.543962 0.233333 0.545721 0.234375 0.546307 0.234375 0.548652 0.235417 0.549238 0.235417 0.552755 0.236458 0.553341 0.236458 0.557444 0.235417 0.558030 0.235417 0.560375 0.234375 0.560961 0.234375 0.561547 0.233333 0.562134 0.233333 0.562720 0.232292 0.563306 0.232292 0.565064 0.231250 0.565651 0.231250 0.580891 0.230208 0.581477 0.230208 0.585580 0.229167 0.586166 0.229167 0.590270 0.228125 0.590856 0.228125 0.594959 0.227083 0.595545 0.227083 0.597304 0.226042 0.597890 0.226042 0.600234 0.225000 0.600821 0.225000 0.603165 0.223958 0.603751 0.223958 0.606096 0.222917 0.606682 0.222917 0.609027 0.221875 0.609613 0.221875 0.616647 0.220833 0.617233 0.220833 0.648300 0.219792 0.648886 0.219792 0.655334 0.218750 0.655920 0.218750 0.657679 0.219792 0.658265 0.219792 0.661196 0.220833 0.661782 0.220833 0.662954 0.221875 0.663540 0.221875 0.664713 0.222917 0.665299 0.222917 0.666471 0.223958 0.667057 0.223958 0.667644 0.225000 0.668230 0.225000 0.669402 0.226042 0.669988 0.226042 0.672333 0.227083 0.672919 0.227083 0.675264 0.228125 0.675850 0.228125 0.678195 0.229167 0.678781 0.229167 0.680539 0.230208 0.681125 0.230208 0.681712 0.231250 0.682298 0.231250 0.682884 0.235417 0.685229 0.235417 0.685815 0.236458 0.685815 0.239583 0.687573 0.240625 0.687573 0.251042 0.693435 0.252083 0.693435 0.254167 0.694607 0.256250 0.694607 0.258333 0.695780 0.259375 0.695780 0.260417 0.696366 0.262500 0.696366 0.263542 0.696952 0.266667 0.696952 0.267708 0.697538 0.283333 0.697538 0.284375 0.696952 0.289583 0.696952 0.290625 0.696366 0.291667 0.696366 0.292708 0.695780 0.293750 0.695780 0.297917 0.693435 0.297917 0.692849 0.298958 0.692263 0.298958 0.691090 0.297917 0.690504 0.297917 0.688746 0.296875 0.688159 0.296875 0.687573 0.293750 0.685815 0.293750 0.685229 0.281250 0.678195 0.281250 0.677608 0.280208 0.677022 0.280208 0.676436 0.279167 0.675850 0.279167 0.675264 0.278125 0.674678 0.278125 0.673505 0.277083 0.672919 0.277083 0.670574 0.279167 0.669402 0.279167 0.665299 0.278125 0.664713 0.278125 0.664127 0.273958 0.661782 0.273958 0.661196 0.270833 0.659437 0.270833 0.658851 0.268750 0.657679 0.268750 0.656506 0.269792 0.655920 0.269792 0.652403 0.270833 0.651817 0.270833 0.650059 0.271875 0.649472 0.271875 0.648300 0.272917 0.647714 0.272917 0.646542 0.273958 0.645955 0.273958 0.644783 0.275000 0.644197 0.275000 0.643025 0.276042 0.642438 0.276042 0.641266 0.277083 0.640680 0.277083 0.639508 0.278125 0.638921 0.278125 0.638335 0.279167 0.637749 0.279167 0.637163 0.280208 0.636577 0.280208 0.635404 0.281250 0.634818 0.281250 0.634232 0.282292 0.633646 0.282292 0.633060 0.283333 0.632474 0.283333 0.631301 0.284375 0.630715 0.284375 0.629543 0.285417 0.628957 0.285417 0.628370 0.286458 0.627784 0.286458 0.626612 0.287500 0.626026 0.287500 0.624853 0.288542 0.624267 0.288542 0.623681 0.289583 0.623095 0.289583 0.621923 0.290625 0.621336 0.290625 0.620164 0.291667 0.619578 0.291667 0.618406 0.292708 0.617819 0.292708 0.616061 0.293750 0.615475 0.293750 0.613716 0.294792 0.613130 0.294792 0.611372 0.295833 0.610785 0.295833 0.608441 0.296875 0.607855 0.296875 0.604338 0.297917 0.603751 0.297917 0.601407 0.298958 0.600821 0.298958 0.600234 0.300000 0.599648 0.301042 0.600234 0.301042 0.600821 0.302083 0.601407 0.302083 0.602579 0.303125 0.603165 0.303125 0.604338 0.304167 0.604924 0.304167 0.608441 0.305208 0.609027 0.305208 0.611372 0.306250 0.611958 0.306250 0.614302 0.307292 0.614889 0.307292 0.617819 0.308333 0.618406 0.308333 0.620750 0.309375 0.621336 0.309375 0.622509 0.310417 0.623095 0.310417 0.624267 0.311458 0.624853 0.311458 0.625440 0.312500 0.626026 0.312500 0.627198 0.313542 0.627784 0.313542 0.628370 0.314583 0.628957 0.314583 0.629543 0.315625 0.630129 0.315625 0.630715 0.316667 0.631301 0.316667 0.631887 0.317708 0.632474 0.317708 0.633060 0.318750 0.633646 0.318750 0.634818 0.319792 0.635404 0.319792 0.636577 0.320833 0.637163 0.320833 0.638921 0.321875 0.639508 0.321875 0.643025 0.322917 0.643611 0.322917 0.648886 0.323958 0.649472 0.323958 0.653576 0.325000 0.654162 0.325000 0.655334 0.326042 0.655920 0.326042 0.657679 0.327083 0.658265 0.327083 0.660610 0.328125 0.661196 0.330208 0.660023 0.330208 0.658265 0.331250 0.657679 0.331250 0.652989 0.332292 0.652403 0.332292 0.649472 0.333333 0.648886 0.333333 0.637163 0.332292 0.636577 0.332292 0.628957 0.331250 0.628370 0.331250 0.625440 0.330208 0.624853 0.330208 0.623095 0.329167 0.622509 0.329167 0.621336 0.328125 0.620750 0.328125 0.618406 0.327083 0.617819 0.327083 0.616061 0.326042 0.615475 0.326042 0.614302 0.325000 0.613716 0.325000 0.611958 0.323958 0.611372 0.323958 0.609613 0.322917 0.609027 0.322917 0.608441 0.321875 0.607855 0.321875 0.606096 0.320833 0.605510 0.320833 0.603751 0.319792 0.603165 0.319792 0.602579 0.318750 0.601993 0.318750 0.600821 0.317708 0.600234 0.317708 0.598476 0.316667 0.597890 0.316667 0.597304 0.315625 0.596717 0.315625 0.596131 0.314583 0.595545 0.314583 0.593787 0.313542 0.593200 0.313542 0.592028 0.312500 0.591442 0.312500 0.590270 0.311458 0.589683 0.311458 0.588511 0.310417 0.587925 0.310417 0.586166 0.309375 0.585580 0.309375 0.583236 0.308333 0.582649 0.308333 0.580891 0.307292 0.580305 0.307292 0.579132 0.306250 0.578546 0.306250 0.577374 0.305208 0.576788 0.305208 0.562720 0.306250 0.562134 0.306250 0.558617 0.307292 0.558030 0.307292 0.544549 0.308333 0.543962 0.308333 0.539859 0.309375 0.539273 0.309375 0.535756 0.310417 0.535170 0.310417 0.523447 0.309375 0.522860 0.309375 0.521102 0.310417 0.520516 0.310417 0.517585 0.309375 0.516999 0.309375 0.515826 0.308333 0.515240 0.308333 0.514068 0.307292 0.513482 0.307292 0.511723 0.306250 0.511137 0.306250 0.508792 0.305208 0.508206 0.306250 0.507620 0.306250 0.503517 0.307292 0.502931 0.307292 0.500000 0.306250 0.499414 0.306250 0.497069 0.305208 0.496483 0.305208 0.494725 0.304167 0.494138 0.304167 0.490621 0.303125 0.490035 0.303125 0.486518 0.302083 0.485932 0.302083 0.483587 0.301042 0.483001 0.301042 0.481243 0.300000 0.480657 0.300000 0.478898 0.298958 0.478312 0.298958 0.477140 0.297917 0.476553 0.297917 0.474795 0.296875 0.474209 0.296875 0.472450 0.295833 0.471864 0.295833 0.471278 0.294792 0.470692 0.294792 0.469519 0.293750 0.468933 0.293750 0.467761 0.292708 0.467175 0.292708 0.465416 0.291667 0.464830 0.291667 0.460141 0.290625 0.459555 0.290625 0.446073 0.291667 0.445487 0.291667 0.442556 0.292708 0.441970 0.292708 0.441383 0.293750 0.440797 0.293750 0.439625 0.294792 0.439039 0.294792 0.438453 0.295833 0.437866 0.295833 0.437280 0.301042 0.434349 0.302083 0.434349 0.311458 0.429074 0.312500 0.429074 0.314583 0.427902 0.314583 0.427315 0.315625 0.426729 0.316667 0.426729 0.316667 0.426143 0.317708 0.425557 0.317708 0.424971 0.318750 0.424385 0.318750 0.422040 0.319792 0.421454 0.319792 0.420868 0.320833 0.420281 0.320833 0.418523 0.321875 0.417937 0.320833 0.417351 0.320833 0.413834 0.319792 0.413247 0.319792 0.412075 0.318750 0.411489 0.318750 0.410903 0.317708 0.410317 0.317708 0.409730 0.316667 0.409144 0.316667 0.408558 0.315625 0.407972 0.315625 0.407386 0.314583 0.406800 0.314583 0.406213 0.312500 0.405041 0.312500 0.404455 0.310417 0.403283 0.310417 0.402696 0.309375 0.402110 0.309375 0.400938 0.308333 0.400352 0.309375 0.399766 0.309375 0.396835 0.310417 0.396249 0.310417 0.391559 0.309375 0.390973 0.309375 0.390387 0.310417 0.389801 0.310417 0.389215 0.312500 0.388042 0.312500 0.387456 0.313542 0.386870 0.313542 0.386284 0.314583 0.385698 0.314583 0.385111 0.316667 0.383939 0.316667 0.383353 0.317708 0.382767 0.317708 0.382181 0.318750 0.381594 0.318750 0.381008 0.320833 0.379836 0.320833 0.378077 0.321875 0.377491 0.321875 0.376319 0.320833 0.375733 0.320833 0.375147 0.318750 0.375147 0.317708 0.374560 0.312500 0.374560 0.311458 0.375147 0.302083 0.375147 0.298958 0.373388 0.298958 0.372802 0.296875 0.371630 0.296875 0.371043 0.295833 0.370457 0.295833 0.369871 0.293750 0.368699 0.293750 0.368113 0.290625 0.366354 0.290625 0.365768 0.282292 0.361079 0.281250 0.361079 0.280208 0.360492 0.279167 0.360492 0.278125 0.359906 0.277083 0.359906 0.276042 0.359320 0.275000 0.359320 0.273958 0.358734 0.271875 0.358734 0.270833 0.358148 0.269792 0.358148 0.268750 0.357562 0.266667 0.357562 0.265625 0.356975 0.262500 0.356975 0.261458 0.356389 0.257292 0.356389 0.256250 0.355803
0 0.608333 0.508792 0.607292 0.509379 0.603125 0.509379 0.602083 0.509965 0.596875 0.509965 0.595833 0.510551 0.595833 0.511137 0.594792 0.511723 0.594792 0.529894 0.595833 0.530481 0.595833 0.553927 0.596875 0.554513 0.596875 0.557444 0.597917 0.558030 0.597917 0.559789 0.598958 0.560375 0.598958 0.561547 0.600000 0.562134 0.600000 0.562720 0.601042 0.563306 0.601042 0.565064 0.602083 0.565651 0.602083 0.566237 0.603125 0.566823 0.603125 0.570340 0.604167 0.570926 0.604167 0.581477 0.605208 0.582063 0.605208 0.583822 0.606250 0.584408 0.606250 0.586753 0.607292 0.587339 0.607292 0.590856 0.606250 0.591442 0.606250 0.592614 0.605208 0.593200 0.605208 0.593787 0.604167 0.594373 0.604167 0.596131 0.603125 0.596717 0.603125 0.600821 0.602083 0.601407 0.602083 0.601993 0.603125 0.602579 0.603125 0.607268 0.604167 0.607855 0.604167 0.608441 0.605208 0.609027 0.604167 0.609613 0.604167 0.610199 0.603125 0.610785 0.603125 0.611372 0.602083 0.611958 0.602083 0.612544 0.601042 0.613130 0.600000 0.613130 0.596875 0.614889 0.595833 0.614889 0.588542 0.618992 0.587500 0.618992 0.586458 0.619578 0.585417 0.619578 0.579167 0.623095 0.579167 0.623681 0.578125 0.624267 0.578125 0.625440 0.577083 0.626026 0.577083 0.626612 0.578125 0.627198 0.578125 0.627784 0.579167 0.628370 0.579167 0.628957 0.581250 0.630129 0.582292 0.630129 0.583333 0.630715 0.584375 0.630715 0.585417 0.631301 0.587500 0.631301 0.588542 0.631887 0.605208 0.631887 0.606250 0.631301 0.609375 0.631301 0.610417 0.630715 0.611458 0.630715 0.612500 0.630129 0.613542 0.630129 0.614583 0.629543 0.615625 0.629543 0.616667 0.628957 0.617708 0.628957 0.618750 0.628370 0.619792 0.628370 0.620833 0.627784 0.621875 0.627784 0.622917 0.627198 0.623958 0.627198 0.625000 0.626612 0.627083 0.626612 0.628125 0.626026 0.629167 0.626026 0.630208 0.625440 0.632292 0.625440 0.633333 0.624853 0.637500 0.624853 0.638542 0.624267 0.640625 0.624267 0.643750 0.622509 0.643750 0.619578 0.642708 0.618992 0.642708 0.618406 0.641667 0.617819 0.641667 0.617233 0.639583 0.616061 0.639583 0.614889 0.638542 0.614302 0.638542 0.601993 0.639583 0.601407 0.639583 0.592614 0.640625 0.592028 0.640625 0.589683 0.641667 0.589097 0.641667 0.584994 0.642708 0.584408 0.642708 0.575029 0.643750 0.574443 0.643750 0.571512 0.644792 0.570926 0.644792 0.564478 0.645833 0.563892 0.645833 0.549824 0.646875 0.549238 0.646875 0.548652 0.648958 0.547479 0.650000 0.547479 0.652083 0.548652 0.652083 0.550410 0.653125 0.550996 0.653125 0.552755 0.654167 0.553341 0.654167 0.555100 0.655208 0.555686 0.655208 0.556858 0.656250 0.557444 0.656250 0.558617 0.657292 0.559203 0.657292 0.560375 0.658333 0.560961 0.658333 0.561547 0.659375 0.562134 0.659375 0.563892 0.660417 0.564478 0.660417 0.565064 0.661458 0.565651 0.661458 0.566823 0.662500 0.567409 0.662500 0.569168 0.663542 0.569754 0.663542 0.579132 0.664583 0.579719 0.664583 0.606096 0.665625 0.606682 0.665625 0.610785 0.666667 0.611372 0.666667 0.613716 0.665625 0.614302 0.665625 0.618992 0.666667 0.619578 0.666667 0.623095 0.667708 0.623681 0.667708 0.624853 0.668750 0.625440 0.668750 0.626026 0.669792 0.626612 0.669792 0.627198 0.670833 0.627784 0.670833 0.628370 0.671875 0.628957 0.671875 0.630129 0.673958 0.631301 0.673958 0.631887 0.675000 0.632474 0.675000 0.633060 0.676042 0.633646 0.677083 0.633646 0.678125 0.634232 0.681250 0.634232 0.682292 0.633646 0.682292 0.619578 0.681250 0.618992 0.681250 0.614889 0.680208 0.614302 0.680208 0.606682 0.681250 0.606096 0.681250 0.598476 0.682292 0.597890 0.682292 0.593200 0.683333 0.592614 0.683333 0.584994 0.684375 0.584408 0.684375 0.576202 0.685417 0.575615 0.685417 0.570926 0.686458 0.570340 0.686458 0.559789 0.687500 0.559203 0.687500 0.552755 0.688542 0.552169 0.688542 0.543376 0.689583 0.542790 0.688542 0.542204 0.688542 0.531653 0.687500 0.531067 0.687500 0.530481 0.681250 0.526964 0.681250 0.525791 0.678125 0.524033 0.677083 0.524033 0.676042 0.523447 0.675000 0.523447 0.673958 0.522860 0.669792 0.522860 0.668750 0.522274 0.665625 0.522274 0.664583 0.522860 0.663542 0.522274 0.661458 0.522274 0.660417 0.521688 0.659375 0.521688 0.658333 0.521102 0.657292 0.521102 0.656250 0.520516 0.651042 0.520516 0.650000 0.521102 0.648958 0.521102 0.647917 0.521688 0.643750 0.521688 0.640625 0.519930 0.639583 0.519930 0.638542 0.519343 0.636458 0.519343 0.635417 0.518757 0.633333 0.518757 0.632292 0.518171 0.630208 0.518171 0.629167 0.517585 0.627083 0.517585 0.626042 0.516999 0.623958 0.516999 0.622917 0.516413 0.621875 0.516413 0.617708 0.514068 0.617708 0.513482 0.615625 0.512309 0.614583 0.512309
0 0.623958 0.341735 0.620833 0.343494 0.620833 0.344080 0.615625 0.347011 0.614583 0.347011 0.613542 0.347597 0.612500 0.347597 0.611458 0.348183 0.610417 0.348183 0.609375 0.348769 0.608333 0.348769 0.607292 0.349355 0.605208 0.349355 0.603125 0.350528 0.602083 0.350528 0.596875 0.353458 0.596875 0.354045 0.595833 0.354631 0.595833 0.355803 0.594792 0.356389 0.594792 0.358148 0.593750 0.358734 0.593750 0.361665 0.592708 0.362251 0.592708 0.365182 0.591667 0.365768 0.591667 0.366354 0.587500 0.368699 0.587500 0.369285 0.584375 0.371043 0.584375 0.371630 0.582292 0.372802 0.582292 0.373388 0.578125 0.375733 0.578125 0.376319 0.577083 0.376905 0.577083 0.377491 0.576042 0.378077 0.576042 0.378664 0.573958 0.379836 0.573958 0.380422 0.572917 0.381008 0.572917 0.381594 0.571875 0.382181 0.571875 0.382767 0.570833 0.383353 0.570833 0.383939 0.569792 0.384525 0.569792 0.385111 0.568750 0.385698 0.568750 0.386284 0.567708 0.386870 0.567708 0.387456 0.566667 0.388042 0.566667 0.388628 0.565625 0.389215 0.565625 0.389801 0.564583 0.390387 0.564583 0.390973 0.563542 0.391559 0.563542 0.392145 0.562500 0.392732 0.562500 0.393904 0.561458 0.394490 0.561458 0.395076 0.560417 0.395662 0.560417 0.397421 0.559375 0.398007 0.559375 0.399766 0.558333 0.400352 0.558333 0.402110 0.557292 0.402696 0.557292 0.408558 0.558333 0.409144 0.558333 0.410317 0.560417 0.411489 0.560417 0.412075 0.561458 0.412075 0.563542 0.413247 0.564583 0.413247 0.565625 0.413834 0.566667 0.413834 0.567708 0.414420 0.568750 0.414420 0.569792 0.415006 0.572917 0.415006 0.573958 0.415592 0.577083 0.415592 0.578125 0.416178 0.579167 0.416178 0.580208 0.416764 0.581250 0.416764 0.583333 0.417937 0.584375 0.417937 0.587500 0.419695 0.588542 0.419695 0.589583 0.420281 0.590625 0.420281 0.591667 0.420868 0.592708 0.420868 0.593750 0.421454 0.595833 0.421454 0.596875 0.422040 0.601042 0.422040 0.602083 0.422626 0.604167 0.422626 0.605208 0.423212 0.606250 0.423212 0.609375 0.424971 0.609375 0.426729 0.610417 0.427315 0.610417 0.433763 0.609375 0.434349 0.609375 0.445487 0.608333 0.446073 0.608333 0.461899 0.609375 0.462485 0.609375 0.464830 0.608333 0.465416 0.608333 0.475381 0.607292 0.475967 0.607292 0.478898 0.606250 0.479484 0.606250 0.483001 0.605208 0.483587 0.605208 0.491794 0.606250 0.492380 0.607292 0.492380 0.608333 0.492966 0.611458 0.492966 0.612500 0.493552 0.614583 0.493552 0.615625 0.494138 0.616667 0.493552 0.618750 0.493552 0.619792 0.492966 0.622917 0.492966 0.623958 0.492380 0.626042 0.492380 0.627083 0.491794 0.628125 0.491794 0.630208 0.490621 0.631250 0.490621 0.632292 0.490035 0.635417 0.490035 0.636458 0.489449 0.637500 0.490035 0.642708 0.490035 0.643750 0.489449 0.644792 0.489449 0.645833 0.488863 0.646875 0.488863 0.648958 0.487691 0.650000 0.487691 0.650000 0.487104 0.653125 0.485346 0.654167 0.485346 0.656250 0.484174 0.657292 0.484174 0.657292 0.480070 0.656250 0.479484 0.656250 0.478312 0.655208 0.477726 0.655208 0.473623 0.656250 0.473036 0.656250 0.472450 0.659375 0.470692 0.660417 0.470692 0.661458 0.470106 0.671875 0.470106 0.672917 0.469519 0.678125 0.469519 0.679167 0.468933 0.684375 0.468933 0.685417 0.468347 0.686458 0.468347 0.687500 0.467761 0.688542 0.467761 0.689583 0.467175 0.690625 0.467175 0.691667 0.466589 0.692708 0.466589 0.693750 0.466002 0.694792 0.466002 0.698958 0.463658 0.698958 0.461899 0.700000 0.461313 0.700000 0.459555 0.701042 0.458968 0.701042 0.455451 0.702083 0.454865 0.702083 0.451934 0.703125 0.451348 0.703125 0.447831 0.704167 0.447245 0.704167 0.427902 0.705208 0.427315 0.705208 0.423798 0.706250 0.423212 0.706250 0.419695 0.707292 0.419109 0.707292 0.416178 0.708333 0.415592 0.708333 0.413247 0.709375 0.412661 0.709375 0.411489 0.710417 0.410903 0.710417 0.409144 0.711458 0.408558 0.711458 0.406800 0.710417 0.406213 0.710417 0.405627 0.708333 0.404455 0.708333 0.403869 0.707292 0.403283 0.706250 0.403283 0.705208 0.402696 0.704167 0.402696 0.703125 0.402110 0.702083 0.402110 0.701042 0.401524 0.700000 0.401524 0.697917 0.400352 0.696875 0.400352 0.695833 0.399766 0.694792 0.399766 0.692708 0.398593 0.691667 0.398593 0.688542 0.396835 0.688542 0.396249 0.687500 0.395662 0.687500 0.395076 0.686458 0.394490 0.686458 0.391559 0.687500 0.390973 0.687500 0.386870 0.688542 0.386284 0.688542 0.383939 0.689583 0.383353 0.689583 0.381008 0.690625 0.380422 0.690625 0.378077 0.691667 0.377491 0.691667 0.375147 0.692708 0.374560 0.692708 0.364009 0.691667 0.363423 0.691667 0.361079 0.690625 0.360492 0.690625 0.358734 0.689583 0.358148 0.689583 0.357562 0.688542 0.356975 0.688542 0.356389 0.687500 0.355803 0.687500 0.355217 0.686458 0.354631 0.686458 0.354045 0.683333 0.352286 0.683333 0.351700 0.682292 0.351700 0.679167 0.349941 0.679167 0.349355 0.677083 0.348183 0.676042 0.348183 0.673958 0.347011 0.672917 0.347011 0.671875 0.346424 0.671875 0.345838 0.659375 0.345838 0.658333 0.345252 0.657292 0.345252 0.656250 0.345838 0.650000 0.345838 0.648958 0.346424 0.646875 0.346424 0.645833 0.347011 0.643750 0.347011 0.640625 0.348769 0.640625 0.349355 0.634375 0.352872 0.634375 0.354045 0.632292 0.355217 0.631250 0.354631 0.630208 0.354631 0.629167 0.354045 0.629167 0.352286 0.628125 0.351700 0.628125 0.350528 0.627083 0.349941 0.627083 0.342321 0.626042 0.341735
0 0.369792 0.347597 0.368750 0.348183 0.365625 0.348183 0.363542 0.349355 0.362500 0.349355 0.359375 0.351114 0.358333 0.351114 0.356250 0.352286 0.355208 0.352286 0.352083 0.354045 0.351042 0.354045 0.342708 0.358734 0.342708 0.359320 0.340625 0.360492 0.340625 0.361665 0.339583 0.362251 0.339583 0.362837 0.338542 0.363423 0.338542 0.364009 0.337500 0.364596 0.337500 0.365768 0.336458 0.366354 0.336458 0.369285 0.335417 0.369871 0.335417 0.372216 0.334375 0.372802 0.334375 0.375147 0.333333 0.375733 0.333333 0.378664 0.332292 0.379250 0.332292 0.380422 0.331250 0.381008 0.331250 0.381594 0.329167 0.382767 0.329167 0.383353 0.328125 0.383939 0.328125 0.384525 0.326042 0.385698 0.325000 0.385698 0.322917 0.386870 0.322917 0.388042 0.325000 0.389215 0.326042 0.389215 0.328125 0.390387 0.329167 0.390387 0.331250 0.391559 0.332292 0.391559 0.335417 0.393318 0.335417 0.393904 0.336458 0.394490 0.336458 0.397421 0.337500 0.398007 0.337500 0.399179 0.338542 0.399766 0.338542 0.400938 0.339583 0.401524 0.339583 0.402110 0.340625 0.402696 0.340625 0.403869 0.341667 0.404455 0.341667 0.405041 0.343750 0.406213 0.343750 0.407386 0.344792 0.407972 0.344792 0.409730 0.345833 0.410317 0.345833 0.413834 0.346875 0.414420 0.346875 0.418523 0.345833 0.419109 0.344792 0.419109 0.343750 0.419695 0.336458 0.419695 0.335417 0.420281 0.332292 0.420281 0.331250 0.420868 0.329167 0.420868 0.327083 0.422040 0.325000 0.422040 0.322917 0.423212 0.322917 0.424385 0.321875 0.424971 0.321875 0.426143 0.320833 0.426729 0.320833 0.427315 0.318750 0.428488 0.318750 0.429660 0.311458 0.433763 0.310417 0.433763 0.307292 0.435522 0.303125 0.435522 0.302083 0.436108 0.302083 0.436694 0.298958 0.438453 0.298958 0.439039 0.296875 0.440211 0.296875 0.440797 0.295833 0.441383 0.295833 0.441970 0.294792 0.442556 0.294792 0.444900 0.293750 0.445487 0.293750 0.447831 0.292708 0.448417 0.292708 0.454279 0.293750 0.454865 0.293750 0.458968 0.294792 0.459555 0.294792 0.463072 0.295833 0.463658 0.295833 0.466002 0.296875 0.466589 0.296875 0.467761 0.297917 0.468347 0.297917 0.469519 0.298958 0.470106 0.298958 0.471864 0.300000 0.472450 0.300000 0.473623 0.301042 0.474209 0.301042 0.475967 0.302083 0.476553 0.302083 0.478312 0.303125 0.478898 0.303125 0.480657 0.304167 0.481243 0.304167 0.482415 0.305208 0.483001 0.305208 0.485346 0.306250 0.485932 0.306250 0.488277 0.307292 0.488863 0.307292 0.490035 0.308333 0.490621 0.308333 0.492380 0.309375 0.492966 0.309375 0.494725 0.310417 0.495311 0.310417 0.496483 0.311458 0.497069 0.311458 0.499414 0.312500 0.500000 0.312500 0.502931 0.313542 0.503517 0.313542 0.508792 0.315625 0.509965 0.315625 0.511723 0.316667 0.512309 0.315625 0.512896 0.315625 0.518757 0.314583 0.519343 0.314583 0.520516 0.313542 0.521102 0.313542 0.524619 0.314583 0.525205 0.314583 0.529894 0.313542 0.530481 0.313542 0.535756 0.312500 0.536342 0.312500 0.540445 0.311458 0.541032 0.311458 0.550410 0.310417 0.550996 0.310417 0.557444 0.309375 0.558030 0.309375 0.562720 0.308333 0.563306 0.308333 0.571512 0.309375 0.572098 0.309375 0.575615 0.310417 0.576202 0.310417 0.577374 0.311458 0.577960 0.311458 0.578546 0.312500 0.579132 0.312500 0.580305 0.313542 0.580891 0.313542 0.585580 0.314583 0.586166 0.314583 0.587339 0.315625 0.587925 0.315625 0.590270 0.316667 0.590856 0.316667 0.592614 0.317708 0.593200 0.317708 0.593787 0.318750 0.594373 0.318750 0.594959 0.319792 0.595545 0.319792 0.596717 0.320833 0.597304 0.320833 0.598476 0.321875 0.599062 0.321875 0.600234 0.322917 0.600821 0.322917 0.601993 0.323958 0.602579 0.323958 0.603751 0.325000 0.604338 0.325000 0.605510 0.326042 0.606096 0.326042 0.607268 0.327083 0.607855 0.327083 0.609613 0.328125 0.610199 0.328125 0.611372 0.329167 0.611958 0.329167 0.613716 0.330208 0.614302 0.330208 0.616647 0.331250 0.617233 0.331250 0.618992 0.332292 0.619578 0.332292 0.620750 0.333333 0.621336 0.333333 0.623681 0.334375 0.624267 0.334375 0.627784 0.335417 0.628370 0.335417 0.633060 0.336458 0.633646 0.336458 0.652403 0.335417 0.652989 0.335417 0.655920 0.334375 0.656506 0.334375 0.659437 0.333333 0.660023 0.333333 0.663540 0.332292 0.664127 0.332292 0.666471 0.331250 0.667057 0.331250 0.671161 0.330208 0.671747 0.330208 0.692263 0.331250 0.692849 0.331250 0.700469 0.332292 0.701055 0.332292 0.702814 0.333333 0.703400 0.333333 0.704572 0.334375 0.705158 0.334375 0.706331 0.335417 0.706917 0.335417 0.708675 0.336458 0.709261 0.336458 0.715709 0.337500 0.716295 0.337500 0.725674 0.338542 0.726260 0.338542 0.733880 0.339583 0.734467 0.339583 0.739156 0.340625 0.739742 0.340625 0.742087 0.339583 0.742673 0.339583 0.746190 0.340625 0.746776 0.340625 0.748535 0.341667 0.749121 0.341667 0.749707 0.344792 0.751465 0.350000 0.751465 0.351042 0.752052 0.353125 0.752052 0.355208 0.753224 0.355208 0.756741 0.354167 0.757327 0.354167 0.759672 0.355208 0.760258 0.355208 0.763189 0.356250 0.763775 0.356250 0.764361 0.357292 0.764947 0.357292 0.766120 0.358333 0.766706 0.358333 0.767878 0.359375 0.768464 0.359375 0.772567 0.358333 0.773154 0.358333 0.774326 0.357292 0.774912 0.357292 0.781360 0.358333 0.781946 0.358333 0.783118 0.363542 0.786049 0.364583 0.786049 0.365625 0.786635 0.368750 0.786635 0.369792 0.787222 0.378125 0.787222 0.379167 0.786635 0.382292 0.786635 0.383333 0.786049 0.385417 0.786049 0.386458 0.785463 0.389583 0.785463 0.390625 0.784877 0.394792 0.784877 0.395833 0.784291 0.397917 0.784291 0.398958 0.783705 0.401042 0.783705 0.402083 0.783118 0.403125 0.783118 0.404167 0.782532 0.406250 0.782532 0.407292 0.781946 0.410417 0.781946 0.411458 0.781360 0.421875 0.781360 0.422917 0.780774 0.429167 0.780774 0.430208 0.780188 0.435417 0.780188 0.436458 0.779601 0.438542 0.779601 0.439583 0.779015 0.441667 0.779015 0.442708 0.778429 0.445833 0.778429 0.446875 0.777843 0.448958 0.777843 0.450000 0.777257 0.451042 0.777257 0.453125 0.776084 0.454167 0.776084 0.455208 0.775498 0.456250 0.775498 0.458333 0.774326 0.460417 0.774326 0.462500 0.773154 0.463542 0.773154 0.470833 0.769050 0.470833 0.768464 0.471875 0.767878 0.471875 0.767292 0.472917 0.766706 0.472917 0.760258 0.471875 0.759672 0.471875 0.759086 0.467708 0.756741 0.466667 0.756741 0.465625 0.756155 0.464583 0.756155 0.463542 0.755569 0.462500 0.755569 0.461458 0.754982 0.455208 0.754982 0.454167 0.755569 0.450000 0.755569 0.448958 0.756155 0.444792 0.756155 0.443750 0.756741 0.436458 0.756741 0.435417 0.756155 0.432292 0.756155 0.431250 0.755569 0.430208 0.755569 0.429167 0.754982 0.428125 0.754982 0.426042 0.753810 0.425000 0.753810 0.419792 0.750879 0.419792 0.749707 0.418750 0.749121 0.418750 0.747362 0.417708 0.746776 0.417708 0.746190 0.416667 0.745604 0.416667 0.744431 0.415625 0.743845 0.415625 0.742673 0.414583 0.742087 0.414583 0.741501 0.413542 0.740914 0.413542 0.736811 0.414583 0.736225 0.414583 0.731536 0.415625 0.730950 0.415625 0.728019 0.416667 0.727433 0.416667 0.725088 0.417708 0.724502 0.417708 0.722157 0.418750 0.721571 0.418750 0.718640 0.419792 0.718054 0.419792 0.714537 0.420833 0.713951 0.420833 0.711606 0.421875 0.711020 0.421875 0.708089 0.422917 0.707503 0.422917 0.704572 0.423958 0.703986 0.423958 0.699883 0.425000 0.699297 0.425000 0.694021 0.426042 0.693435 0.426042 0.688159 0.427083 0.687573 0.427083 0.681125 0.428125 0.680539 0.428125 0.679953 0.430208 0.678781 0.430208 0.678195 0.432292 0.677022 0.432292 0.676436 0.433333 0.675850 0.433333 0.674678 0.434375 0.674091 0.434375 0.672919 0.435417 0.672333 0.435417 0.671161 0.436458 0.670574 0.436458 0.669402 0.437500 0.668816 0.437500 0.666471 0.438542 0.665885 0.438542 0.664127 0.439583 0.663540 0.439583 0.662368 0.440625 0.661782 0.440625 0.660610 0.441667 0.660023 0.441667 0.658851 0.442708 0.658265 0.442708 0.656506 0.443750 0.655920 0.443750 0.655334 0.444792 0.654748 0.444792 0.653576 0.445833 0.652989 0.445833 0.652403 0.446875 0.651817 0.446875 0.650645 0.447917 0.650059 0.447917 0.648886 0.448958 0.648300 0.448958 0.647128 0.450000 0.646542 0.450000 0.644783 0.451042 0.644197 0.451042 0.642438 0.452083 0.641852 0.452083 0.639508 0.453125 0.638921 0.453125 0.635404 0.454167 0.634818 0.454167 0.632474 0.455208 0.631887 0.455208 0.626612 0.456250 0.626026 0.456250 0.623681 0.457292 0.623095 0.457292 0.621336 0.458333 0.620750 0.458333 0.620164 0.460417 0.618992 0.460417 0.618406 0.463542 0.616647 0.463542 0.616061 0.464583 0.615475 0.464583 0.614889 0.465625 0.614302 0.465625 0.613716 0.467708 0.612544 0.467708 0.610785 0.468750 0.610199 0.468750 0.609613 0.469792 0.609027 0.472917 0.609027 0.472917 0.608441 0.473958 0.607855 0.473958 0.607268 0.475000 0.606682 0.475000 0.606096 0.476042 0.605510 0.477083 0.605510 0.477083 0.599648 0.475000 0.600821 0.475000 0.601993 0.473958 0.602579 0.472917 0.601993 0.472917 0.601407 0.471875 0.600821 0.471875 0.597890 0.472917 0.597304 0.477083 0.597304 0.478125 0.596717 0.478125 0.596131 0.480208 0.594959 0.481250 0.595545 0.481250 0.596717 0.483333 0.597890 0.483333 0.592028 0.482292 0.591442 0.482292 0.590856 0.481250 0.590270 0.481250 0.584994 0.480208 0.584408 0.480208 0.583236 0.478125 0.582063 0.478125 0.581477 0.477083 0.580891 0.477083 0.580305 0.475000 0.580305 0.473958 0.579719 0.469792 0.579719 0.466667 0.577960 0.466667 0.573857 0.467708 0.573271 0.467708 0.566237 0.468750 0.565651 0.468750 0.553927 0.467708 0.553341 0.467708 0.546893 0.466667 0.546307 0.466667 0.512896 0.465625 0.512309 0.465625 0.502345 0.464583 0.501758 0.464583 0.493552 0.465625 0.492966 0.465625 0.477726 0.466667 0.477140 0.466667 0.476553 0.468750 0.475381 0.468750 0.474795 0.469792 0.474209 0.469792 0.473623 0.470833 0.473036 0.471875 0.473036 0.472917 0.472450 0.473958 0.472450 0.475000 0.471864 0.475000 0.471278 0.476042 0.470692 0.476042 0.470106 0.477083 0.469519 0.478125 0.469519 0.479167 0.468933 0.480208 0.468933 0.481250 0.468347 0.482292 0.468347 0.486458 0.466002 0.487500 0.466002 0.490625 0.464244 0.492708 0.464244 0.493750 0.463658 0.494792 0.463658 0.496875 0.462485 0.497917 0.462485 0.498958 0.461899 0.501042 0.461899 0.503125 0.460727 0.504167 0.460727 0.506250 0.459555 0.507292 0.459555 0.508333 0.458968 0.509375 0.458968 0.510417 0.458382 0.511458 0.458382 0.512500 0.457796 0.513542 0.457796 0.519792 0.454279 0.520833 0.454279 0.527083 0.450762 0.528125 0.450762 0.529167 0.450176 0.529167 0.449590 0.533333 0.447245 0.534375 0.447245 0.539583 0.444314 0.540625 0.444314 0.544792 0.441970 0.544792 0.441383 0.548958 0.439039 0.548958 0.438453 0.550000 0.437866 0.550000 0.437280 0.551042 0.436694 0.551042 0.436108 0.552083 0.435522 0.552083 0.432005 0.551042 0.431419 0.551042 0.430246 0.550000 0.429660 0.550000 0.428488 0.548958 0.427902 0.548958 0.427315 0.547917 0.426729 0.547917 0.424971 0.546875 0.424385 0.546875 0.423798 0.545833 0.423212 0.545833 0.422626 0.544792 0.422040 0.544792 0.421454 0.543750 0.420868 0.543750 0.420281 0.542708 0.419695 0.542708 0.419109 0.540625 0.417937 0.540625 0.417351 0.539583 0.416764 0.539583 0.416178 0.536458 0.414420 0.536458 0.413834 0.532292 0.411489 0.532292 0.410903 0.530208 0.409730 0.530208 0.409144 0.528125 0.407972 0.528125 0.407386 0.526042 0.406213 0.526042 0.405627 0.523958 0.404455 0.523958 0.403869 0.522917 0.403283 0.522917 0.402696 0.520833 0.401524 0.520833 0.400938 0.519792 0.400352 0.519792 0.399766 0.517708 0.398593 0.517708 0.398007 0.516667 0.397421 0.516667 0.396835 0.513542 0.395076 0.513542 0.394490 0.503125 0.388628 0.503125 0.388042 0.502083 0.387456 0.502083 0.386870 0.501042 0.386284 0.501042 0.385698 0.500000 0.385111 0.500000 0.384525 0.498958 0.383939 0.498958 0.383353 0.491667 0.379250 0.490625 0.379250 0.485417 0.376319 0.485417 0.374560 0.484375 0.373974 0.484375 0.368699 0.483333 0.368113 0.483333 0.366940 0.482292 0.366354 0.482292 0.365182 0.480208 0.364009 0.480208 0.363423 0.478125 0.362251 0.478125 0.361665 0.477083 0.361079 0.476042 0.361079 0.473958 0.359906 0.472917 0.359906 0.471875 0.359320 0.470833 0.359320 0.468750 0.358148 0.467708 0.358148 0.465625 0.356975 0.464583 0.356975 0.463542 0.356389 0.462500 0.356389 0.461458 0.355803 0.459375 0.355803 0.458333 0.355217 0.456250 0.355217 0.455208 0.354631 0.447917 0.354631 0.446875 0.355217 0.445833 0.355217 0.441667 0.357562 0.440625 0.357562 0.439583 0.356975 0.438542 0.356975 0.436458 0.355803 0.436458 0.355217 0.435417 0.354631 0.434375 0.354631 0.431250 0.352872 0.431250 0.352286 0.430208 0.352286 0.429167 0.351700 0.428125 0.351700 0.428125 0.354631 0.429167 0.355217 0.429167 0.355803 0.430208 0.356389 0.430208 0.357562 0.431250 0.358148 0.431250 0.360492 0.433333 0.361665 0.433333 0.362251 0.434375 0.362837 0.434375 0.363423 0.435417 0.364009 0.435417 0.364596 0.437500 0.365768 0.437500 0.368699 0.438542 0.369285 0.438542 0.372216 0.439583 0.372802 0.439583 0.373974 0.440625 0.374560 0.440625 0.375147 0.441667 0.375733 0.441667 0.376319 0.442708 0.376905 0.442708 0.377491 0.443750 0.378077 0.443750 0.378664 0.445833 0.379836 0.448958 0.379836 0.450000 0.380422 0.450000 0.381008 0.452083 0.382181 0.452083 0.382767 0.453125 0.383353 0.453125 0.383939 0.454167 0.384525 0.454167 0.385698 0.455208 0.386284 0.455208 0.386870 0.456250 0.387456 0.456250 0.388042 0.457292 0.388628 0.457292 0.389215 0.458333 0.389801 0.458333 0.390973 0.459375 0.391559 0.459375 0.392145 0.460417 0.392732 0.460417 0.393904 0.463542 0.395662 0.464583 0.395662 0.465625 0.396249 0.466667 0.396249 0.469792 0.398007 0.470833 0.398007 0.471875 0.398593 0.472917 0.398593 0.477083 0.400938 0.477083 0.401524 0.481250 0.403869 0.481250 0.404455 0.482292 0.405041 0.482292 0.405627 0.483333 0.406213 0.483333 0.407386 0.484375 0.407972 0.484375 0.409144 0.485417 0.409730 0.485417 0.411489 0.486458 0.412075 0.486458 0.413247 0.487500 0.413834 0.487500 0.414420 0.488542 0.415006 0.488542 0.416764 0.489583 0.417351 0.489583 0.420868 0.490625 0.421454 0.490625 0.424971 0.487500 0.426729 0.486458 0.426729 0.484375 0.427902 0.483333 0.427902 0.480208 0.429660 0.466667 0.429660 0.465625 0.430246 0.464583 0.430246 0.463542 0.430832 0.462500 0.430832 0.461458 0.431419 0.461458 0.432005 0.460417 0.432591 0.458333 0.432591 0.455208 0.430832 0.455208 0.430246 0.454167 0.429660 0.454167 0.429074 0.452083 0.427902 0.451042 0.427902 0.450000 0.427315 0.446875 0.427315 0.445833 0.427902 0.444792 0.427315 0.437500 0.427315 0.436458 0.426729 0.430208 0.426729 0.429167 0.427315 0.422917 0.427315 0.421875 0.426729 0.419792 0.426729 0.418750 0.426143 0.414583 0.426143 0.412500 0.424971 0.413542 0.424385 0.413542 0.423212 0.414583 0.422626 0.414583 0.422040 0.415625 0.421454 0.415625 0.420868 0.418750 0.419109 0.418750 0.417937 0.419792 0.417351 0.419792 0.416764 0.420833 0.416178 0.420833 0.415592 0.421875 0.415006 0.421875 0.413834 0.422917 0.413247 0.422917 0.410903 0.423958 0.410317 0.423958 0.407972 0.425000 0.407386 0.425000 0.403283 0.426042 0.402696 0.426042 0.398593 0.427083 0.398007 0.427083 0.396249 0.428125 0.395662 0.428125 0.393318 0.429167 0.392732 0.429167 0.392145 0.432292 0.390387 0.434375 0.390387 0.436458 0.389215 0.437500 0.389215 0.439583 0.388042 0.439583 0.387456 0.440625 0.386870 0.439583 0.386284 0.439583 0.382181 0.436458 0.380422 0.435417 0.380422 0.434375 0.379836 0.434375 0.379250 0.433333 0.378664 0.432292 0.378664 0.430208 0.377491 0.430208 0.376905 0.429167 0.376319 0.429167 0.375733 0.427083 0.374560 0.427083 0.373388 0.426042 0.372802 0.426042 0.372216 0.425000 0.371630 0.425000 0.370457 0.423958 0.369871 0.423958 0.368113 0.422917 0.367526 0.422917 0.365182 0.421875 0.364596 0.421875 0.364009 0.420833 0.363423 0.420833 0.362837 0.419792 0.362251 0.419792 0.361665 0.416667 0.359906 0.416667 0.359320 0.414583 0.358148 0.414583 0.357562 0.413542 0.357562 0.412500 0.356975 0.412500 0.356389 0.410417 0.355217 0.409375 0.355217 0.401042 0.350528 0.400000 0.350528 0.397917 0.349355 0.396875 0.349355 0.394792 0.348183 0.391667 0.348183 0.390625 0.347597 0.383333 0.347597 0.382292 0.348183 0.376042 0.348183 0.375000 0.347597
1 0.813542 0.373388 0.812500 0.373974 0.811458 0.373974 0.810417 0.374560 0.809375 0.374560 0.808333 0.375147 0.807292 0.375147 0.806250 0.375733 0.805208 0.375733 0.801042 0.378077 0.800000 0.378077 0.798958 0.378664 0.797917 0.378664 0.794792 0.380422 0.794792 0.381008 0.791667 0.382767 0.791667 0.383353 0.790625 0.383939 0.790625 0.384525 0.787500 0.386284 0.787500 0.386870 0.785417 0.388042 0.785417 0.388628 0.782292 0.390387 0.782292 0.390973 0.779167 0.392732 0.778125 0.392732 0.776042 0.393904 0.776042 0.396835 0.777083 0.396249 0.782292 0.396249 0.783333 0.395662 0.786458 0.395662 0.787500 0.396249 0.790625 0.396249 0.791667 0.396835 0.797917 0.396835 0.798958 0.397421 0.800000 0.397421 0.801042 0.396835 0.819792 0.396835 0.820833 0.397421 0.830208 0.397421 0.831250 0.396835 0.841667 0.396835 0.844792 0.398593 0.845833 0.398593 0.851042 0.401524 0.851042 0.402696 0.852083 0.403283 0.852083 0.404455 0.853125 0.405041 0.853125 0.405627 0.855208 0.406800 0.857292 0.406800 0.859375 0.405627 0.859375 0.399179 0.858333 0.398593 0.858333 0.396835 0.857292 0.396249 0.857292 0.395076 0.856250 0.394490 0.856250 0.392732 0.855208 0.392145 0.855208 0.389801 0.854167 0.389215 0.854167 0.387456 0.853125 0.386870 0.853125 0.385698 0.852083 0.385111 0.852083 0.384525 0.851042 0.383939 0.851042 0.383353 0.848958 0.382181 0.848958 0.381594 0.843750 0.378664 0.842708 0.378664 0.839583 0.376905 0.838542 0.376905 0.837500 0.376319 0.836458 0.376319 0.835417 0.375733 0.834375 0.375733 0.833333 0.375147 0.832292 0.375147 0.831250 0.374560 0.829167 0.374560 0.828125 0.373974 0.826042 0.373974 0.825000 0.373388
1 0.486458 0.367526 0.484375 0.368699 0.484375 0.374560 0.485417 0.375147 0.485417 0.376319 0.487500 0.377491 0.488542 0.377491 0.490625 0.378664 0.490625 0.379250 0.491667 0.379836 0.492708 0.379836 0.494792 0.381008 0.495833 0.381008 0.497917 0.382181 0.497917 0.382767 0.501042 0.384525 0.501042 0.385698 0.502083 0.386284 0.502083 0.386870 0.503125 0.387456 0.503125 0.388042 0.504167 0.388628 0.504167 0.389215 0.505208 0.389801 0.508333 0.389801 0.508333 0.381594 0.507292 0.381008 0.507292 0.379836 0.506250 0.379250 0.506250 0.378077 0.505208 0.377491 0.505208 0.376905 0.504167 0.376319 0.504167 0.375733 0.503125 0.375147 0.503125 0.374560 0.501042 0.373388 0.501042 0.372802 0.495833 0.369871 0.494792 0.369871 0.493750 0.369285 0.492708 0.369285 0.490625 0.368113 0.488542 0.368113 0.487500 0.367526
1 0.775000 0.399179 0.773958 0.399766 0.771875 0.399766 0.770833 0.400352 0.769792 0.400352 0.768750 0.400938 0.767708 0.400938 0.766667 0.401524 0.765625 0.401524 0.760417 0.404455 0.760417 0.405041 0.758333 0.406213 0.757292 0.406213 0.755208 0.407386 0.754167 0.407386 0.752083 0.408558 0.751042 0.408558 0.747917 0.410317 0.747917 0.410903 0.745833 0.412075 0.745833 0.412661 0.743750 0.413834 0.743750 0.415006 0.742708 0.415592 0.742708 0.416764 0.741667 0.417351 0.741667 0.418523 0.740625 0.419109 0.740625 0.419695 0.739583 0.420281 0.739583 0.422040 0.738542 0.422626 0.738542 0.423798 0.737500 0.424385 0.737500 0.425557 0.736458 0.426143 0.736458 0.426729 0.735417 0.427315 0.735417 0.427902 0.734375 0.428488 0.734375 0.429074 0.730208 0.431419 0.729167 0.431419 0.728125 0.432005 0.728125 0.433177 0.729167 0.433763 0.729167 0.434349 0.730208 0.434349 0.731250 0.434936 0.739583 0.434936 0.740625 0.435522 0.759375 0.435522 0.760417 0.436108 0.769792 0.436108 0.770833 0.436694 0.789583 0.436694 0.790625 0.437280 0.795833 0.437280 0.796875 0.436694 0.832292 0.436694 0.833333 0.436108 0.836458 0.436108 0.838542 0.434936 0.837500 0.434349 0.837500 0.430246 0.836458 0.429660 0.836458 0.427315 0.835417 0.426729 0.835417 0.423212 0.834375 0.422626 0.834375 0.420868 0.833333 0.420281 0.833333 0.417937 0.832292 0.417351 0.832292 0.416178 0.831250 0.415592 0.831250 0.415006 0.830208 0.414420 0.830208 0.413834 0.828125 0.412661 0.828125 0.412075 0.825000 0.410317 0.825000 0.409730 0.820833 0.407386 0.820833 0.406800 0.818750 0.405627 0.817708 0.405627 0.815625 0.404455 0.815625 0.403869 0.813542 0.402696 0.812500 0.402696 0.810417 0.401524 0.807292 0.401524 0.806250 0.400938 0.796875 0.400938 0.795833 0.400352 0.791667 0.400352 0.790625 0.399766 0.780208 0.399766 0.779167 0.399179
1 0.451042 0.382181 0.450000 0.382767 0.448958 0.382767 0.447917 0.383353 0.447917 0.383939 0.446875 0.384525 0.446875 0.385111 0.439583 0.389215 0.439583 0.390387 0.437500 0.391559 0.436458 0.391559 0.435417 0.392145 0.434375 0.392145 0.433333 0.392732 0.432292 0.392732 0.432292 0.393318 0.431250 0.393904 0.431250 0.398593 0.432292 0.399179 0.432292 0.399766 0.433333 0.400352 0.433333 0.400938 0.436458 0.402696 0.437500 0.402696 0.438542 0.403283 0.438542 0.403869 0.439583 0.403869 0.440625 0.404455 0.441667 0.404455 0.442708 0.405041 0.444792 0.405041 0.445833 0.405627 0.446875 0.405041 0.447917 0.405041 0.448958 0.404455 0.448958 0.399766 0.450000 0.399179 0.450000 0.398007 0.451042 0.397421 0.451042 0.396835 0.456250 0.393904 0.457292 0.393904 0.457292 0.393318 0.456250 0.392732 0.456250 0.391559 0.455208 0.390973 0.455208 0.389801 0.454167 0.389215 0.454167 0.385698 0.453125 0.385111 0.453125 0.382767 0.452083 0.382181
1 0.485417 0.368113 0.485417 0.368699 0.484375 0.369285 0.484375 0.374560 0.485417 0.375147 0.485417 0.376319 0.487500 0.377491 0.488542 0.377491 0.494792 0.381008 0.495833 0.381008 0.497917 0.382181 0.497917 0.382767 0.501042 0.384525 0.501042 0.385111 0.502083 0.385698 0.502083 0.386284 0.503125 0.386870 0.503125 0.387456 0.504167 0.388042 0.504167 0.388628 0.505208 0.389215 0.508333 0.389215 0.508333 0.382767 0.507292 0.382181 0.507292 0.380422 0.506250 0.379836 0.506250 0.378664 0.505208 0.378077 0.505208 0.377491 0.504167 0.376905 0.504167 0.376319 0.503125 0.375733 0.503125 0.375147 0.502083 0.374560 0.502083 0.373974 0.493750 0.369285 0.492708 0.369285 0.491667 0.368699 0.490625 0.368699 0.489583 0.368113
1 0.251042 0.355217 0.250000 0.355803 0.247917 0.355803 0.246875 0.356389 0.245833 0.356389 0.244792 0.356975 0.242708 0.356975 0.241667 0.357562 0.240625 0.357562 0.239583 0.358148 0.238542 0.358148 0.237500 0.358734 0.236458 0.358734 0.234375 0.359906 0.233333 0.359906 0.231250 0.361079 0.230208 0.361079 0.223958 0.364596 0.223958 0.365182 0.222917 0.365768 0.222917 0.366354 0.221875 0.366940 0.221875 0.367526 0.220833 0.368113 0.220833 0.368699 0.219792 0.369285 0.219792 0.371630 0.218750 0.372216 0.218750 0.378077 0.219792 0.378664 0.219792 0.382767 0.220833 0.383353 0.220833 0.385698 0.221875 0.386284 0.221875 0.388042 0.222917 0.388628 0.222917 0.389215 0.223958 0.389801 0.226042 0.389801 0.227083 0.390387 0.228125 0.389801 0.230208 0.389801 0.231250 0.389215 0.232292 0.389215 0.233333 0.388628 0.235417 0.388628 0.236458 0.388042 0.237500 0.388042 0.238542 0.387456 0.240625 0.387456 0.242708 0.386284 0.245833 0.386284 0.246875 0.385698 0.250000 0.385698 0.251042 0.385111 0.256250 0.385111 0.257292 0.384525 0.258333 0.384525 0.259375 0.383939 0.259375 0.383353 0.261458 0.382181 0.262500 0.382181 0.264583 0.381008 0.265625 0.381008 0.266667 0.380422 0.267708 0.380422 0.268750 0.379836 0.269792 0.379836 0.270833 0.379250 0.271875 0.379250 0.272917 0.378664 0.275000 0.378664 0.276042 0.378077 0.277083 0.378077 0.278125 0.377491 0.282292 0.377491 0.283333 0.376905 0.286458 0.376905 0.287500 0.376319 0.288542 0.376319 0.289583 0.375733 0.295833 0.375733 0.296875 0.375147 0.297917 0.375147 0.298958 0.374560 0.298958 0.372802 0.297917 0.372216 0.297917 0.371630 0.295833 0.370457 0.295833 0.369871 0.294792 0.369285 0.294792 0.368699 0.292708 0.367526 0.292708 0.366940 0.290625 0.365768 0.290625 0.365182 0.289583 0.364596 0.288542 0.364596 0.286458 0.363423 0.286458 0.362837 0.283333 0.361079 0.282292 0.361079 0.281250 0.360492 0.280208 0.360492 0.279167 0.359906 0.278125 0.359906 0.276042 0.358734 0.273958 0.358734 0.272917 0.358148 0.270833 0.358148 0.269792 0.357562 0.267708 0.357562 0.266667 0.356975 0.264583 0.356975 0.263542 0.356389 0.261458 0.356389 0.260417 0.355803 0.259375 0.355803 0.258333 0.355217
1 0.253125 0.355217 0.252083 0.355803 0.248958 0.355803 0.247917 0.356389 0.246875 0.356389 0.245833 0.356975 0.243750 0.356975 0.242708 0.357562 0.241667 0.357562 0.240625 0.358148 0.239583 0.358148 0.238542 0.358734 0.236458 0.358734 0.233333 0.360492 0.232292 0.360492 0.229167 0.362251 0.228125 0.362251 0.226042 0.363423 0.226042 0.364009 0.222917 0.365768 0.222917 0.366940 0.221875 0.367526 0.221875 0.368113 0.220833 0.368699 0.220833 0.369285 0.219792 0.369871 0.219792 0.373974 0.218750 0.374560 0.218750 0.376905 0.219792 0.377491 0.219792 0.382181 0.220833 0.382767 0.220833 0.384525 0.221875 0.385111 0.221875 0.387456 0.222917 0.388042 0.222917 0.389215 0.223958 0.389801 0.223958 0.390387 0.225000 0.390973 0.225000 0.393318 0.226042 0.393904 0.226042 0.395076 0.227083 0.395662 0.227083 0.396249 0.228125 0.396835 0.228125 0.398007 0.227083 0.398593 0.227083 0.399179 0.223958 0.400938 0.223958 0.401524 0.219792 0.403869 0.219792 0.405041 0.220833 0.405627 0.220833 0.406213 0.223958 0.407972 0.226042 0.407972 0.227083 0.407386 0.230208 0.407386 0.231250 0.406800 0.233333 0.406800 0.234375 0.406213 0.238542 0.406213 0.239583 0.405627 0.241667 0.405627 0.245833 0.403283 0.247917 0.403283 0.248958 0.402696 0.254167 0.402696 0.255208 0.402110 0.261458 0.402110 0.262500 0.401524 0.267708 0.401524 0.268750 0.400938 0.270833 0.400938 0.271875 0.400352 0.272917 0.400352 0.273958 0.400938 0.275000 0.400938 0.282292 0.405041 0.282292 0.405627 0.285417 0.407386 0.285417 0.409144 0.286458 0.409730 0.287500 0.409730 0.289583 0.408558 0.289583 0.406800 0.290625 0.406213 0.290625 0.405627 0.291667 0.405041 0.291667 0.404455 0.292708 0.403869 0.292708 0.397421 0.294792 0.396249 0.294792 0.393904 0.296875 0.392732 0.298958 0.392732 0.300000 0.392145 0.302083 0.392145 0.303125 0.391559 0.304167 0.391559 0.305208 0.390973 0.307292 0.390973 0.308333 0.390387 0.309375 0.390387 0.313542 0.388042 0.313542 0.387456 0.314583 0.386870 0.314583 0.385111 0.315625 0.384525 0.315625 0.383939 0.316667 0.383353 0.316667 0.382767 0.320833 0.380422 0.320833 0.378664 0.321875 0.378077 0.321875 0.375147 0.320833 0.374560 0.319792 0.374560 0.318750 0.373974 0.316667 0.373974 0.315625 0.374560 0.312500 0.374560 0.311458 0.375147 0.302083 0.375147 0.301042 0.374560 0.300000 0.374560 0.298958 0.373974 0.298958 0.373388 0.297917 0.372802 0.297917 0.372216 0.296875 0.371630 0.296875 0.370457 0.295833 0.369871 0.295833 0.369285 0.293750 0.368113 0.293750 0.367526 0.290625 0.365768 0.290625 0.365182 0.289583 0.364596 0.288542 0.364596 0.286458 0.363423 0.286458 0.362837 0.283333 0.361079 0.282292 0.361079 0.281250 0.360492 0.280208 0.360492 0.279167 0.359906 0.278125 0.359906 0.277083 0.359320 0.276042 0.359320 0.275000 0.358734 0.273958 0.358734 0.272917 0.358148 0.270833 0.358148 0.269792 0.357562 0.267708 0.357562 0.266667 0.356975 0.263542 0.356975 0.262500 0.356389 0.260417 0.356389 0.259375 0.355803 0.257292 0.355803 0.256250 0.355217
1 0.367708 0.347597 0.366667 0.348183 0.364583 0.348183 0.363542 0.348769 0.362500 0.348769 0.362500 0.349355 0.360417 0.350528 0.359375 0.350528 0.358333 0.351114 0.357292 0.351114 0.356250 0.351700 0.355208 0.351700 0.352083 0.353458 0.351042 0.353458 0.343750 0.357562 0.343750 0.358148 0.341667 0.359320 0.341667 0.359906 0.340625 0.360492 0.340625 0.361079 0.339583 0.361665 0.339583 0.362251 0.338542 0.362837 0.338542 0.363423 0.337500 0.364009 0.337500 0.364596 0.336458 0.365182 0.336458 0.367526 0.335417 0.368113 0.335417 0.369871 0.334375 0.370457 0.334375 0.373974 0.333333 0.374560 0.333333 0.377491 0.332292 0.378077 0.332292 0.379836 0.331250 0.380422 0.331250 0.381008 0.323958 0.385111 0.322917 0.385111 0.320833 0.386284 0.320833 0.388042 0.321875 0.388628 0.321875 0.389215 0.322917 0.389801 0.323958 0.389801 0.325000 0.390387 0.326042 0.390387 0.327083 0.390973 0.328125 0.390973 0.329167 0.391559 0.331250 0.391559 0.332292 0.392145 0.334375 0.392145 0.335417 0.392732 0.338542 0.392732 0.339583 0.393318 0.347917 0.393318 0.348958 0.393904 0.350000 0.393904 0.351042 0.394490 0.369792 0.394490 0.370833 0.393904 0.385417 0.393904 0.386458 0.394490 0.387500 0.393904 0.392708 0.393904 0.393750 0.393318 0.394792 0.393318 0.395833 0.393904 0.397917 0.393904 0.398958 0.393318 0.402083 0.393318 0.403125 0.392732 0.404167 0.392732 0.405208 0.392145 0.407292 0.392145 0.408333 0.391559 0.412500 0.391559 0.413542 0.390973 0.428125 0.390973 0.429167 0.390387 0.430208 0.390387 0.431250 0.389801 0.432292 0.389801 0.433333 0.389215 0.434375 0.389215 0.435417 0.388628 0.436458 0.388628 0.437500 0.388042 0.438542 0.388042 0.438542 0.387456 0.439583 0.386870 0.439583 0.382181 0.437500 0.381008 0.436458 0.381008 0.435417 0.380422 0.434375 0.380422 0.429167 0.377491 0.429167 0.376905 0.428125 0.376319 0.428125 0.375733 0.427083 0.375147 0.427083 0.373974 0.426042 0.373388 0.426042 0.372216 0.425000 0.371630 0.425000 0.370457 0.423958 0.369871 0.423958 0.368113 0.422917 0.367526 0.422917 0.365768 0.421875 0.365182 0.421875 0.364009 0.420833 0.363423 0.420833 0.362837 0.419792 0.362251 0.419792 0.361665 0.418750 0.361079 0.418750 0.360492 0.416667 0.359320 0.416667 0.358734 0.402083 0.350528 0.401042 0.350528 0.397917 0.348769 0.396875 0.348769 0.395833 0.348183 0.393750 0.348183 0.392708 0.347597
1 0.886458 0.477726 0.885417 0.478312 0.883333 0.478312 0.878125 0.481243 0.878125 0.481829 0.873958 0.484174 0.873958 0.487104 0.872917 0.487691 0.873958 0.488277 0.873958 0.490621 0.876042 0.491794 0.876042 0.492380 0.879167 0.494138 0.879167 0.494725 0.883333 0.497069 0.886458 0.497069 0.886458 0.496483 0.887500 0.495897 0.887500 0.493552 0.888542 0.492966 0.888542 0.491208 0.889583 0.490621 0.889583 0.479484 0.888542 0.478898 0.888542 0.478312 0.887500 0.478312
1 0.781250 0.394490 0.780208 0.395076 0.776042 0.395076 0.775000 0.395662 0.775000 0.396249 0.773958 0.396835 0.773958 0.398007 0.775000 0.398007 0.776042 0.398593 0.779167 0.398593 0.780208 0.399179 0.781250 0.399179 0.782292 0.399766 0.786458 0.399766 0.787500 0.400352 0.804167 0.400352 0.805208 0.400938 0.809375 0.400938 0.810417 0.401524 0.811458 0.401524 0.813542 0.402696 0.814583 0.402696 0.821875 0.406800 0.821875 0.407386 0.823958 0.408558 0.825000 0.408558 0.826042 0.409144 0.826042 0.409730 0.827083 0.410317 0.827083 0.410903 0.828125 0.411489 0.829167 0.411489 0.831250 0.412661 0.831250 0.413247 0.832292 0.413247 0.834375 0.414420 0.834375 0.415006 0.835417 0.414420 0.835417 0.413834 0.836458 0.413247 0.836458 0.411489 0.839583 0.409730 0.840625 0.409730 0.842708 0.408558 0.842708 0.403283 0.841667 0.402696 0.841667 0.402110 0.840625 0.401524 0.840625 0.397421 0.838542 0.396249 0.835417 0.396249 0.834375 0.396835 0.811458 0.396835 0.810417 0.396249 0.798958 0.396249 0.797917 0.395662 0.795833 0.395662 0.794792 0.395076 0.790625 0.395076 0.789583 0.394490
1 0.654167 0.345252 0.653125 0.345838 0.648958 0.345838 0.647917 0.346424 0.645833 0.346424 0.644792 0.347011 0.643750 0.347011 0.637500 0.350528 0.637500 0.351114 0.635417 0.352286 0.635417 0.352872 0.633333 0.354045 0.633333 0.354631 0.632292 0.355217 0.632292 0.355803 0.631250 0.356389 0.631250 0.358734 0.630208 0.359320 0.630208 0.365182 0.629167 0.365768 0.629167 0.369285 0.628125 0.369871 0.628125 0.371630 0.627083 0.372216 0.627083 0.377491 0.633333 0.381008 0.635417 0.381008 0.636458 0.381594 0.637500 0.381594 0.638542 0.382181 0.653125 0.382181 0.654167 0.381594 0.662500 0.381594 0.663542 0.381008 0.667708 0.381008 0.668750 0.380422 0.669792 0.380422 0.673958 0.378077 0.675000 0.378077 0.680208 0.375147 0.681250 0.375147 0.689583 0.370457 0.689583 0.369871 0.690625 0.369285 0.690625 0.368699 0.691667 0.368113 0.691667 0.366354 0.692708 0.365768 0.692708 0.362251 0.691667 0.361665 0.691667 0.359906 0.690625 0.359320 0.690625 0.358148 0.689583 0.357562 0.689583 0.356975 0.688542 0.356389 0.688542 0.355803 0.687500 0.355217 0.687500 0.354631 0.685417 0.353458 0.685417 0.352872 0.675000 0.347011 0.673958 0.347011 0.670833 0.345252
2 0.689583 0.733880 0.688542 0.734467 0.684375 0.734467 0.683333 0.735053 0.661458 0.735053 0.660417 0.735639 0.659375 0.735639 0.658333 0.736225 0.657292 0.736225 0.657292 0.736811 0.655208 0.737984 0.655208 0.741501 0.656250 0.742087 0.656250 0.743845 0.657292 0.744431 0.657292 0.745018 0.664583 0.749121 0.666667 0.749121 0.667708 0.749707 0.668750 0.749707 0.670833 0.750879 0.671875 0.750879 0.672917 0.751465 0.673958 0.751465 0.675000 0.752052 0.677083 0.752052 0.678125 0.752638 0.679167 0.752638 0.680208 0.753224 0.681250 0.753224 0.682292 0.753810 0.683333 0.753810 0.684375 0.754396 0.686458 0.754396 0.687500 0.754982 0.690625 0.754982 0.691667 0.755569 0.692708 0.755569 0.693750 0.756155 0.695833 0.756155 0.696875 0.756741 0.698958 0.756741 0.701042 0.757913 0.702083 0.757913 0.703125 0.758499 0.704167 0.758499 0.705208 0.759086 0.706250 0.759086 0.707292 0.759672 0.709375 0.759672 0.710417 0.760258 0.711458 0.760258 0.712500 0.760844 0.713542 0.760844 0.714583 0.761430 0.715625 0.761430 0.716667 0.762016 0.718750 0.762016 0.719792 0.762603 0.720833 0.762603 0.721875 0.763189 0.726042 0.763189 0.727083 0.763775 0.733333 0.763775 0.734375 0.763189 0.736458 0.763189 0.739583 0.761430 0.739583 0.760844 0.740625 0.760258 0.740625 0.752052 0.739583 0.751465 0.739583 0.750879 0.738542 0.750293 0.738542 0.749707 0.737500 0.749121 0.737500 0.748535 0.734375 0.748535 0.733333 0.749121 0.732292 0.749121 0.730208 0.750293 0.719792 0.750293 0.718750 0.749707 0.714583 0.749707 0.713542 0.749121 0.711458 0.749121 0.709375 0.747948 0.708333 0.747948 0.707292 0.747362 0.705208 0.747362 0.704167 0.746776 0.703125 0.746776 0.698958 0.744431 0.698958 0.743845 0.696875 0.742673 0.696875 0.742087 0.695833 0.741501 0.695833 0.739156 0.694792 0.738570 0.694792 0.735639 0.693750 0.735053 0.693750 0.734467 0.692708 0.733880
2 0.511458 0.632474 0.510417 0.633060 0.506250 0.633060 0.505208 0.633646 0.503125 0.633646 0.502083 0.634232 0.501042 0.634232 0.497917 0.635991 0.497917 0.636577 0.496875 0.637163 0.496875 0.638921 0.495833 0.639508 0.495833 0.643611 0.496875 0.644197 0.496875 0.650645 0.497917 0.651231 0.497917 0.651817 0.498958 0.652403 0.498958 0.652989 0.501042 0.654162 0.502083 0.654162 0.503125 0.654748 0.505208 0.654748 0.506250 0.655334 0.512500 0.655334 0.513542 0.654748 0.519792 0.654748 0.520833 0.654162 0.525000 0.654162 0.527083 0.652989 0.528125 0.652989 0.531250 0.651231 0.531250 0.648886 0.532292 0.648300 0.532292 0.647128 0.531250 0.646542 0.531250 0.645369 0.530208 0.644783 0.530208 0.643611 0.529167 0.643025 0.529167 0.642438 0.528125 0.641852 0.528125 0.641266 0.527083 0.640680 0.527083 0.640094 0.525000 0.638921 0.525000 0.638335 0.523958 0.637749 0.523958 0.637163 0.522917 0.636577 0.522917 0.635404 0.521875 0.634818 0.521875 0.634232 0.518750 0.632474
2 0.670833 0.610785 0.669792 0.611372 0.668750 0.611372 0.667708 0.611958 0.667708 0.612544 0.666667 0.613130 0.666667 0.614302 0.665625 0.614889 0.665625 0.623095 0.666667 0.623681 0.666667 0.624853 0.667708 0.625440 0.667708 0.626612 0.669792 0.627784 0.669792 0.628370 0.670833 0.628957 0.670833 0.629543 0.671875 0.630129 0.671875 0.630715 0.672917 0.631301 0.672917 0.631887 0.673958 0.632474 0.673958 0.633060 0.678125 0.635404 0.679167 0.635404 0.680208 0.635991 0.682292 0.635991 0.682292 0.634232 0.683333 0.633646 0.683333 0.629543 0.682292 0.628957 0.682292 0.615475 0.681250 0.614889 0.681250 0.611958 0.679167 0.610785
2 0.792708 0.728605 0.791667 0.729191 0.791667 0.729777 0.790625 0.730363 0.790625 0.730950 0.789583 0.731536 0.789583 0.732122 0.788542 0.732708 0.788542 0.738570 0.789583 0.739156 0.789583 0.740328 0.791667 0.741501 0.791667 0.742087 0.792708 0.742673 0.792708 0.743259 0.795833 0.745018 0.796875 0.745018 0.798958 0.746190 0.800000 0.746190 0.808333 0.750879 0.808333 0.751465 0.811458 0.753224 0.811458 0.753810 0.812500 0.754396 0.812500 0.754982 0.813542 0.755569 0.813542 0.756155 0.815625 0.757327 0.815625 0.757913 0.817708 0.759086 0.817708 0.759672 0.821875 0.762016 0.822917 0.762016 0.823958 0.762603 0.825000 0.762603 0.826042 0.763189 0.829167 0.763189 0.830208 0.763775 0.838542 0.763775 0.839583 0.763189 0.842708 0.763189 0.843750 0.762603 0.844792 0.762603 0.845833 0.762016 0.846875 0.762016 0.846875 0.761430 0.848958 0.760258 0.848958 0.759086 0.850000 0.758499 0.850000 0.754396 0.848958 0.753810 0.848958 0.752638 0.847917 0.752052 0.847917 0.751465 0.846875 0.750879 0.846875 0.750293 0.844792 0.749121 0.844792 0.748535 0.841667 0.750293 0.841667 0.750879 0.839583 0.752052 0.829167 0.752052 0.828125 0.751465 0.827083 0.751465 0.826042 0.750879 0.823958 0.750879 0.821875 0.749707 0.820833 0.749707 0.815625 0.746776 0.814583 0.746776 0.811458 0.745018 0.810417 0.745018 0.802083 0.740328 0.802083 0.739742 0.801042 0.739156 0.801042 0.737984 0.800000 0.737397 0.800000 0.734467 0.798958 0.733880 0.798958 0.731536 0.797917 0.730950 0.797917 0.730363 0.795833 0.729191 0.795833 0.728605
2 0.612500 0.608441 0.611458 0.609027 0.608333 0.609027 0.605208 0.610785 0.604167 0.610785 0.603125 0.611372 0.603125 0.611958 0.600000 0.613716 0.598958 0.613716 0.595833 0.615475 0.594792 0.615475 0.588542 0.618992 0.587500 0.618992 0.586458 0.619578 0.585417 0.619578 0.582292 0.621336 0.581250 0.621336 0.579167 0.622509 0.579167 0.623095 0.578125 0.623681 0.578125 0.624853 0.577083 0.625440 0.577083 0.628370 0.578125 0.628957 0.578125 0.629543 0.579167 0.630129 0.580208 0.630129 0.581250 0.630715 0.582292 0.630715 0.583333 0.631301 0.584375 0.631301 0.585417 0.631887 0.588542 0.631887 0.589583 0.632474 0.603125 0.632474 0.604167 0.631887 0.608333 0.631887 0.609375 0.631301 0.610417 0.631301 0.611458 0.630715 0.612500 0.630715 0.613542 0.630129 0.614583 0.630129 0.615625 0.629543 0.616667 0.629543 0.617708 0.628957 0.618750 0.628957 0.619792 0.628370 0.620833 0.628370 0.621875 0.627784 0.622917 0.627784 0.623958 0.627198 0.626042 0.627198 0.627083 0.626612 0.628125 0.626612 0.629167 0.626026 0.631250 0.626026 0.632292 0.625440 0.635417 0.625440 0.636458 0.624853 0.639583 0.624853 0.640625 0.624267 0.641667 0.624267 0.643750 0.623095 0.643750 0.619578 0.642708 0.618992 0.642708 0.618406 0.640625 0.617233 0.640625 0.616647 0.639583 0.616061 0.639583 0.615475 0.638542 0.615475 0.636458 0.614302 0.635417 0.614302 0.634375 0.614889 0.633333 0.614889 0.626042 0.610785 0.625000 0.610785 0.622917 0.609613 0.621875 0.609613 0.620833 0.609027 0.613542 0.609027
2 0.471875 0.620164 0.470833 0.620750 0.467708 0.620750 0.466667 0.621336 0.461458 0.621336 0.459375 0.622509 0.459375 0.623095 0.458333 0.623681 0.458333 0.624853 0.457292 0.625440 0.457292 0.630715 0.458333 0.631301 0.463542 0.631301 0.464583 0.630715 0.466667 0.630715 0.467708 0.630129 0.469792 0.630129 0.470833 0.629543 0.471875 0.629543 0.472917 0.628957 0.473958 0.628957 0.475000 0.628370 0.475000 0.627784 0.476042 0.627198 0.476042 0.626612 0.477083 0.626026 0.477083 0.621923 0.476042 0.621336 0.476042 0.620750 0.475000 0.620750 0.473958 0.620164
2 0.323958 0.650059 0.323958 0.651231 0.322917 0.651817 0.322917 0.658265 0.323958 0.658851 0.323958 0.661782 0.325000 0.662368 0.325000 0.662954 0.327083 0.664127 0.327083 0.664713 0.330208 0.664713 0.331250 0.664127 0.331250 0.662368 0.332292 0.661782 0.332292 0.658851 0.333333 0.658265 0.333333 0.653576 0.334375 0.652989 0.334375 0.650645 0.326042 0.650645 0.325000 0.650059
2 0.002083 0.509379 0.001042 0.509965 0.000000 0.509965 0.000000 0.517585 0.005208 0.517585 0.006250 0.516999 0.010417 0.516999 0.011458 0.516413 0.012500 0.516413 0.014583 0.515240 0.014583 0.514068 0.013542 0.513482 0.013542 0.511723 0.010417 0.509965 0.007292 0.509965 0.006250 0.509379
2 0.271875 0.672333 0.270833 0.672919 0.269792 0.672919 0.268750 0.673505 0.267708 0.673505 0.265625 0.674678 0.263542 0.674678 0.262500 0.675264 0.261458 0.675264 0.260417 0.675850 0.259375 0.675850 0.258333 0.676436 0.257292 0.676436 0.256250 0.677022 0.254167 0.677022 0.253125 0.677608 0.251042 0.677608 0.250000 0.678195 0.248958 0.678195 0.246875 0.679367 0.245833 0.679367 0.244792 0.679953 0.243750 0.679953 0.242708 0.680539 0.240625 0.680539 0.239583 0.681125 0.237500 0.681125 0.236458 0.680539 0.234375 0.680539 0.233333 0.679953 0.232292 0.679953 0.231250 0.680539 0.231250 0.681125 0.230208 0.681712 0.231250 0.682298 0.231250 0.682884 0.232292 0.683470 0.232292 0.684056 0.233333 0.684642 0.233333 0.685229 0.234375 0.685229 0.236458 0.686401 0.237500 0.686401 0.239583 0.687573 0.240625 0.687573 0.241667 0.688159 0.241667 0.688746 0.242708 0.688746 0.251042 0.693435 0.252083 0.693435 0.254167 0.694607 0.255208 0.694607 0.257292 0.695780 0.259375 0.695780 0.260417 0.696366 0.261458 0.696366 0.262500 0.696952 0.264583 0.696952 0.265625 0.697538 0.270833 0.697538 0.271875 0.698124 0.280208 0.698124 0.281250 0.697538 0.287500 0.697538 0.288542 0.696952 0.291667 0.696952 0.292708 0.696366 0.293750 0.696366 0.294792 0.695780 0.295833 0.695780 0.297917 0.694607 0.297917 0.694021 0.298958 0.693435 0.298958 0.692849 0.300000 0.692263 0.298958 0.691676 0.298958 0.689332 0.296875 0.688159 0.296875 0.687573 0.293750 0.685815 0.293750 0.685229 0.288542 0.682298 0.287500 0.682298 0.281250 0.678781 0.281250 0.678195 0.279167 0.677022 0.279167 0.676436 0.278125 0.675850 0.278125 0.674678 0.277083 0.674091 0.277083 0.673505 0.275000 0.672333
2 0.340625 0.739156 0.339583 0.739742 0.339583 0.740328 0.338542 0.740914 0.338542 0.748535 0.339583 0.749121 0.339583 0.750293 0.341667 0.751465 0.342708 0.751465 0.343750 0.752052 0.344792 0.752052 0.345833 0.752638 0.348958 0.752638 0.350000 0.753224 0.351042 0.753224 0.352083 0.753810 0.355208 0.753810 0.360417 0.750879 0.360417 0.749707 0.361458 0.749121 0.361458 0.748535 0.362500 0.747948 0.361458 0.747362 0.361458 0.746190 0.360417 0.745604 0.360417 0.744431 0.358333 0.743259 0.357292 0.743259 0.355208 0.742087 0.354167 0.742087 0.352083 0.740914 0.350000 0.740914 0.348958 0.740328 0.345833 0.740328 0.344792 0.739742 0.343750 0.739742 0.342708 0.739156
2 0.844792 0.657679 0.842708 0.658851 0.841667 0.658851 0.840625 0.659437 0.838542 0.659437 0.837500 0.660023 0.836458 0.660023 0.835417 0.660610 0.830208 0.660610 0.829167 0.661196 0.829167 0.664713 0.831250 0.665885 0.838542 0.665885 0.839583 0.665299 0.843750 0.665299 0.844792 0.664713 0.846875 0.664713 0.847917 0.664127 0.847917 0.663540 0.848958 0.662954 0.848958 0.661782 0.850000 0.661196 0.848958 0.660610 0.848958 0.658851 0.847917 0.658265 0.846875 0.658265 0.845833 0.657679
2 0.419792 0.752638 0.418750 0.753224 0.417708 0.753224 0.417708 0.753810 0.416667 0.754396 0.416667 0.755569 0.414583 0.756741 0.414583 0.757327 0.412500 0.758499 0.412500 0.759086 0.407292 0.762016 0.407292 0.762603 0.397917 0.767878 0.396875 0.767878 0.395833 0.768464 0.394792 0.768464 0.393750 0.769050 0.392708 0.769050 0.390625 0.770223 0.389583 0.770223 0.388542 0.770809 0.387500 0.770809 0.386458 0.771395 0.380208 0.771395 0.379167 0.771981 0.369792 0.771981 0.368750 0.771395 0.361458 0.771395 0.360417 0.771981 0.360417 0.772567 0.358333 0.773740 0.358333 0.774326 0.357292 0.774912 0.357292 0.776084 0.356250 0.776671 0.356250 0.780188 0.357292 0.780774 0.357292 0.782532 0.358333 0.783118 0.358333 0.783705 0.359375 0.784291 0.360417 0.784291 0.363542 0.786049 0.364583 0.786049 0.365625 0.786635 0.367708 0.786635 0.368750 0.787222 0.380208 0.787222 0.381250 0.786635 0.384375 0.786635 0.385417 0.786049 0.388542 0.786049 0.389583 0.785463 0.391667 0.785463 0.392708 0.784877 0.395833 0.784877 0.396875 0.784291 0.398958 0.784291 0.400000 0.783705 0.402083 0.783705 0.403125 0.783118 0.404167 0.783118 0.405208 0.782532 0.408333 0.782532 0.409375 0.781946 0.413542 0.781946 0.414583 0.781360 0.428125 0.781360 0.429167 0.780774 0.433333 0.780774 0.434375 0.780188 0.437500 0.780188 0.438542 0.779601 0.440625 0.779601 0.441667 0.779015 0.443750 0.779015 0.444792 0.778429 0.445833 0.778429 0.446875 0.777843 0.448958 0.777843 0.450000 0.777257 0.451042 0.777257 0.452083 0.776671 0.453125 0.776671 0.454167 0.776084 0.455208 0.776084 0.456250 0.775498 0.457292 0.775498 0.458333 0.774912 0.459375 0.774912 0.460417 0.774326 0.461458 0.774326 0.463542 0.773154 0.464583 0.773154 0.471875 0.769050 0.471875 0.768464 0.472917 0.767878 0.472917 0.766706 0.473958 0.766120 0.473958 0.761430 0.472917 0.760844 0.472917 0.759672 0.471875 0.759086 0.471875 0.758499 0.470833 0.757913 0.469792 0.757913 0.467708 0.756741 0.466667 0.756741 0.465625 0.756155 0.463542 0.756155 0.462500 0.755569 0.451042 0.755569 0.450000 0.756155 0.445833 0.756155 0.444792 0.756741 0.435417 0.756741 0.434375 0.756155 0.432292 0.756155 0.431250 0.755569 0.430208 0.755569 0.429167 0.754982 0.428125 0.754982 0.427083 0.754396 0.426042 0.754396 0.425000 0.753810 0.423958 0.753810 0.421875 0.752638
2 0.750000 0.667057 0.748958 0.667644 0.747917 0.667644 0.747917 0.671161 0.746875 0.671747 0.747917 0.672333 0.747917 0.677022 0.748958 0.677608 0.763542 0.677608 0.764583 0.677022 0.772917 0.677022 0.773958 0.676436 0.775000 0.676436 0.775000 0.672333 0.771875 0.670574 0.769792 0.670574 0.768750 0.671161 0.767708 0.670574 0.766667 0.670574 0.765625 0.669988 0.762500 0.669988 0.761458 0.669402 0.759375 0.669402 0.758333 0.668816 0.757292 0.668816 0.755208 0.667644 0.753125 0.667644 0.752083 0.667057
3 0.407292 0.427315 0.406250 0.427902 0.404167 0.427902 0.404167 0.428488 0.403125 0.429074 0.403125 0.429660 0.402083 0.430246 0.402083 0.430832 0.401042 0.431419 0.401042 0.432591 0.400000 0.433177 0.400000 0.433763 0.398958 0.434349 0.398958 0.435522 0.397917 0.436108 0.397917 0.436694 0.396875 0.437280 0.396875 0.437866 0.394792 0.439039 0.394792 0.439625 0.392708 0.440797 0.392708 0.441383 0.391667 0.441970 0.391667 0.442556 0.389583 0.443728 0.389583 0.444314 0.388542 0.444900 0.388542 0.445487 0.386458 0.446659 0.386458 0.447245 0.383333 0.449004 0.383333 0.449590 0.379167 0.451934 0.379167 0.452521 0.373958 0.455451 0.373958 0.456038 0.367708 0.459555 0.366667 0.459555 0.363542 0.461313 0.362500 0.461313 0.359375 0.463072 0.358333 0.463072 0.351042 0.467175 0.351042 0.467761 0.350000 0.468347 0.350000 0.468933 0.348958 0.469519 0.348958 0.470106 0.347917 0.470692 0.346875 0.470106 0.344792 0.470106 0.339583 0.467175 0.339583 0.466589 0.331250 0.461899 0.331250 0.461313 0.329167 0.460141 0.329167 0.458968 0.328125 0.458382 0.328125 0.456624 0.327083 0.456038 0.327083 0.454865 0.326042 0.454279 0.326042 0.453693 0.325000 0.453107 0.325000 0.451348 0.323958 0.450762 0.323958 0.449004 0.322917 0.448417 0.322917 0.447245 0.321875 0.446659 0.321875 0.444900 0.320833 0.444314 0.320833 0.442556 0.319792 0.441970 0.319792 0.441383 0.318750 0.440797 0.318750 0.439625 0.317708 0.439039 0.317708 0.436694 0.316667 0.436108 0.316667 0.430832 0.313542 0.430832 0.311458 0.432005 0.311458 0.432591 0.310417 0.433177 0.310417 0.433763 0.309375 0.434349 0.309375 0.442556 0.310417 0.443142 0.310417 0.446073 0.311458 0.446659 0.311458 0.447831 0.312500 0.448417 0.312500 0.450176 0.313542 0.450762 0.313542 0.451934 0.314583 0.452521 0.314583 0.453693 0.315625 0.454279 0.315625 0.455451 0.316667 0.456038 0.316667 0.457210 0.317708 0.457796 0.317708 0.458968 0.318750 0.459555 0.318750 0.460727 0.319792 0.461313 0.319792 0.462485 0.320833 0.463072 0.320833 0.464244 0.321875 0.464830 0.321875 0.465416 0.322917 0.466002 0.322917 0.467175 0.323958 0.467761 0.323958 0.468347 0.325000 0.468933 0.325000 0.470106 0.326042 0.470692 0.326042 0.471864 0.327083 0.472450 0.327083 0.473036 0.328125 0.473623 0.328125 0.474795 0.329167 0.475381 0.329167 0.475967 0.330208 0.476553 0.330208 0.478312 0.331250 0.478898 0.331250 0.479484 0.332292 0.480070 0.332292 0.481829 0.333333 0.482415 0.333333 0.484760 0.332292 0.485346 0.332292 0.486518 0.331250 0.487104 0.331250 0.488277 0.330208 0.488863 0.330208 0.489449 0.329167 0.490035 0.329167 0.490621 0.328125 0.491208 0.328125 0.491794 0.327083 0.492380 0.327083 0.492966 0.326042 0.493552 0.326042 0.494725 0.325000 0.495311 0.325000 0.495897 0.323958 0.496483 0.323958 0.497069 0.322917 0.497655 0.322917 0.498828 0.321875 0.499414 0.321875 0.500586 0.320833 0.501172 0.320833 0.501758 0.319792 0.502345 0.319792 0.503517 0.318750 0.504103 0.318750 0.506448 0.317708 0.507034 0.317708 0.509379 0.316667 0.509965 0.316667 0.516413 0.315625 0.516999 0.315625 0.518757 0.313542 0.519930 0.313542 0.520516 0.312500 0.521102 0.312500 0.524033 0.313542 0.524619 0.313542 0.525205 0.315625 0.526377 0.316667 0.526377 0.317708 0.526964 0.318750 0.526964 0.319792 0.527550 0.320833 0.527550 0.321875 0.528136 0.322917 0.528136 0.325000 0.529308 0.327083 0.529308 0.328125 0.529894 0.329167 0.529894 0.331250 0.531067 0.332292 0.531067 0.333333 0.531653 0.335417 0.531653 0.336458 0.532239 0.339583 0.532239 0.340625 0.532825 0.343750 0.532825 0.344792 0.533411 0.345833 0.533411 0.346875 0.533998 0.348958 0.533998 0.350000 0.534584 0.353125 0.534584 0.354167 0.535170 0.356250 0.535170 0.357292 0.535756 0.359375 0.535756 0.360417 0.536342 0.361458 0.536342 0.362500 0.536928 0.365625 0.536928 0.366667 0.537515 0.368750 0.537515 0.369792 0.538101 0.371875 0.538101 0.372917 0.538687 0.375000 0.538687 0.376042 0.539273 0.378125 0.539273 0.379167 0.539859 0.381250 0.539859 0.382292 0.540445 0.386458 0.540445 0.387500 0.541032 0.391667 0.541032 0.392708 0.541618 0.394792 0.541618 0.395833 0.542204 0.398958 0.542204 0.400000 0.542790 0.404167 0.542790 0.405208 0.543376 0.412500 0.543376 0.413542 0.543962 0.418750 0.543962 0.419792 0.544549 0.425000 0.544549 0.426042 0.545135 0.433333 0.545135 0.434375 0.545721 0.438542 0.545721 0.439583 0.546307 0.447917 0.546307 0.448958 0.546893 0.456250 0.546893 0.457292 0.547479 0.464583 0.547479 0.466667 0.546307 0.466667 0.538101 0.465625 0.537515 0.465625 0.536928 0.464583 0.536928 0.463542 0.536342 0.452083 0.536342 0.451042 0.535756 0.445833 0.535756 0.444792 0.535170 0.439583 0.535170 0.438542 0.534584 0.434375 0.534584 0.433333 0.533998 0.430208 0.533998 0.429167 0.533411 0.425000 0.533411 0.423958 0.532825 0.420833 0.532825 0.419792 0.532239 0.415625 0.532239 0.414583 0.531653 0.410417 0.531653 0.409375 0.531067 0.406250 0.531067 0.405208 0.530481 0.401042 0.530481 0.400000 0.529894 0.396875 0.529894 0.395833 0.529308 0.394792 0.529308 0.393750 0.528722 0.392708 0.528722 0.391667 0.528136 0.390625 0.528136 0.389583 0.527550 0.388542 0.527550 0.387500 0.526964 0.386458 0.526964 0.385417 0.526377 0.385417 0.525791 0.382292 0.524033 0.382292 0.523447 0.381250 0.522860 0.381250 0.522274 0.380208 0.521688 0.380208 0.521102 0.379167 0.520516 0.379167 0.519930 0.378125 0.519343 0.378125 0.518757 0.377083 0.518171 0.377083 0.516999 0.376042 0.516413 0.376042 0.515240 0.375000 0.514654 0.375000 0.514068 0.373958 0.513482 0.373958 0.512309 0.372917 0.511723 0.372917 0.510551 0.371875 0.509965 0.371875 0.509379 0.370833 0.508792 0.370833 0.507620 0.369792 0.507034 0.369792 0.506448 0.368750 0.505862 0.368750 0.504689 0.367708 0.504103 0.367708 0.503517 0.366667 0.502931 0.366667 0.501758 0.365625 0.501172 0.365625 0.500586 0.364583 0.500000 0.364583 0.499414 0.363542 0.498828 0.363542 0.497655 0.362500 0.497069 0.362500 0.495897 0.361458 0.495311 0.361458 0.494138 0.360417 0.493552 0.360417 0.492380 0.359375 0.491794 0.359375 0.490621 0.358333 0.490035 0.358333 0.489449 0.357292 0.488863 0.357292 0.487691 0.356250 0.487104 0.356250 0.484760 0.355208 0.484174 0.356250 0.483587 0.356250 0.482415 0.357292 0.481829 0.357292 0.480657 0.360417 0.478898 0.360417 0.478312 0.361458 0.477726 0.361458 0.477140 0.362500 0.476553 0.362500 0.475967 0.364583 0.474795 0.364583 0.474209 0.366667 0.473036 0.366667 0.472450 0.369792 0.470692 0.369792 0.470106 0.370833 0.469519 0.370833 0.468933 0.372917 0.467761 0.372917 0.467175 0.373958 0.466589 0.373958 0.466002 0.376042 0.464830 0.376042 0.464244 0.377083 0.463658 0.377083 0.463072 0.378125 0.462485 0.378125 0.461899 0.380208 0.460727 0.380208 0.460141 0.382292 0.458968 0.382292 0.458382 0.385417 0.456624 0.385417 0.456038 0.387500 0.454865 0.387500 0.454279 0.390625 0.452521 0.390625 0.451934 0.393750 0.450176 0.393750 0.449590 0.401042 0.445487 0.401042 0.444900 0.403125 0.443728 0.404167 0.443728 0.404167 0.443142 0.413542 0.437866 0.413542 0.437280 0.420833 0.433177 0.421875 0.433177 0.423958 0.432005 0.425000 0.432005 0.425000 0.429074 0.426042 0.428488 0.418750 0.428488 0.417708 0.427902 0.412500 0.427902 0.411458 0.427315